content,score
"tampilan bulan dengan kalender alternatif dibuat lebih rapi lagi lah, di susun atas bawah jangan dibuat kanan kiri jadi kelihatan sempit.",4
"tolong developer perbaiki tampilan menu bulan bikin yang lebih simple,setiap bulan dipisah saja jangan digabungin tanggalnya,biar lebih terlihat elegan,terima kasih.",2
"Suka banget app ini, praktis dan lengkap, hanya saja bagi pecinta aesthetic yang suka bikin color code, warna di website udah bagus lalu ketika dilihat di hape jadi beda dan gelap.. 😭",5
"Suka banget sama aplikasinya. Kalo mau buat jadwal sampe timeline bisa terukur aja, sama tampilannya menarik buat dilihat. Saran, semisal ada ditambah fitur gambar, misal buat nyimpen memori setelah kegiatan berlangsung apakah memungkinkan?",5
masa update terus sihh tiap seminggu sekali update teruss! bisa ga 3 bulan aja g update 👊🏻 abiss kuota saya kalo gini terus kali ini saya ga mau update!!!,1
💡💡💡💡akan lebih baik jika bisa menambahkan catatan keep yang tersingkron langsung pada timline google kalender,4
Terlalu sering pembaruan yang tidak penting .. Hanya membuat boros kuota saja .. Mengecewakan sekali ..,1
"UI-nya bagus, fiturnya oke, informasi tanggalnya juga tersedia cukup baik dan akurat.",5
"Keren makin update makin bagus, tidak seperti dulu hari² kadang kurang dan perbaikan bug realistis makin berkembang semoga update nanti makin bagus🙏",5
"diantara apl kalender, icon google kalender yg terjelek. Angka 31 pd icon sangat miris, tdk berupa penyesuaian tanggal harian",1
"Sinkronisasi di hp sama di laptop suka lama banget. Kalau edit di laptop, di hp ga muncul, dan sebaliknya :""",3
lebih bagus tampilan di apk mengikuti tanggal di hari itu.,5
info sangat membantu dalam hal apapun baik pekerjaan dan atau pun hari libur nasional.,5
"Aplikasi bagus banget utk liat tanggal hr ini besok lusa dan yg akan datang, tampilan simpel tegas dan akurat.",5
"Seluruh task maupun event yang saya buat dari Google Calendar desktop tidak tersinkronisasi dengan benar saat diakses melalui aplikasi mobile. Event dan task yang ditambahkan dari desktop pasti muncul lebih 1 hari pada versi mobile nya, dan untuk jam nya berubah tak selaras dengan yang sudah ditentukan. Saya sudah mengikuti saran dari pedoman yang dicantumkan oleh Google tapi tidak membantu sama sekali.",2
"Aplikasi keren untuk lihat tanggal berapa dan ada festival apa, terus juga ada dark modenya untuk buat mata gak cepat lelah, tapi tolong kalau bisa buat tanggal di ikon aplikasinya sesuai tanggal sekarang contoh sekarang tanggal 9 ya buat tanggal di ikon aplikasinya juga 9, cuman ya kalo bisa, kalo gak bisa gapapa",5
untuk tugas mungkin bisa dikembangkan sehingga bisa menjadi widget di layar handphone. Terima kasih.,4
Jadi tidak bisa mencari tanggal.. Contoh kalau mau cari tanggal 12 agustus 2003 .. harus di geser manual..,3
"sangat keren banget membantu.tanpa harus lihat "" kalender di dinding",5
Kenapa setelah diupdate malah tidak mendapatkan notifikasi jadwal yang sudah saya buat ya?,1
Ngga jelas udah di update tapi pas buka update malah Blang update tidak tidak bisa gmn sihh,2
"tampilan nya jelek banget demii, bagus pas sebelum nya. balikin please",1
sangat puas dan sangat membantu smua kenyaman dan aktifitas saya trima kasi sama smua pengusaha di apk ini.,5
"Tampilan nya terlalu kaku dan pelit desain,kalender nya tidak ada warna untuk hari libur atau hari minggu,dan gaya font angka terlalu kecil mengikuti font standar, padahal ukuran aplikasi sudah lumayan besar untuk sebuah aplikasi kalender",1
"untuk diriku yang kuliahnya online-offline, ini sangat berguna untuk menjadwalkan pertemuan perkuliahan. ditambah, tautan untuk google meet juga sudah disiapkan, kita hanya membagikannya ketika kelas dimulai. selain itu, ada notifikasi pengingat yang jika kita lupa, ketiduran atau hal lain, ada notifikasi yang berbunyi dari aplikasi ini. untuk warna per kegiatan, tolong diperbanyak🙏🏻",5
"Tampilan kalender membingungkan, buat yang simple untuk tampilan bulanan. dan jelas bulan tahunnya kolom jangan kebesaran",5
Bagus sekali mudah dipahami ui ya juga mm mudah dimengerti,5
"... 👍 terbaik, dan Saya berharap ada kalender Jawanya pada update berikutnya 😆 dan sêkarang 1 bulan biså update 2 kali biar tambah top cer",1
"cukup membantu sekali, juga lengkap, apalagi yg blom punya Klender yg nempel d tembok,,!?",5
"Tampilan kalendernya aneh, kalo bisa dibalikin kayak sebelum update aua",1
"google kalender mantaap, keren, fiturnya di tingkatkan terus",5
sangat bagus saya kasih bintang 5. tetap semangat. Dan terus berkembang,5
"Sebenarnya ini app bagus, cuma kendala terbesarnya itu, kalau kita mau buat gcalendar, itu tidak bisa buat di HP, harus di laptop, jadinya terkendala karena tidak punya laptop",5
"bagus, kalau bisa di tambahkan lagi, pon pahing da seterusnya",5
tolong di perbaiki lagi karena kalender sering keliru,2
tampilannya cicoklah lumayan bagus dan bisa di update,4
"Kurang Bagus tampilannya, kalah Dengan calendar nya Xiaomi",1
tetap semangat dan menjaga kualitas 1 lagi kenyamanan pengguna itu yang penting,5
Mendadak jadi aneh tampilan nya. Tampilan kolom nya bikin pusing. Kembalikan tampilan seperti dulu (sebelumnya). Saya tidak nyaman dengan tampilan kalender yang sekarang!!!,2
Tampilan lebih nyaman versi lama,2
mudah simpel elegan,5
Sangat membantu dan di perlukan adanya kalender,5
pengaturan waktu dan tanggal yang akurat dan simple,5
"Tidak dpt mengupdate,gagal terus kalau diupdate",1
"Update terakhir tidak bagus, sekarang notifikasi di layar tidak bisa ditampilkan semua, jika ada 10 notifikasi, cuma bisa ditampilkan sebagian saja, 2-3 notifikasi, sebelumnya jika diusap ke bawah bisa ditampilkan semua dan notifikasi yg sdh tidak diperlukan bisa dihilangkan dgn cara diusap ke samping, skrg tidak bisa, hrs ditandai selesai, lebih repot dan ribet, versi sebelumnya masih lebih bagus, tolong dipertimbangkan kembali. Kenapa notifikasi kalender di layar kunci bisa berubah sendiri ?",1
tampilannya terlalu rumit.. kalau bisa tampil tanggalnya lebih disederhanakan,1
Terus tingkatkan kualitas terbaik dan mempermudah bagi penggunanya admin,5
"sudah bagus, tolong tanggal nya di buat lebih besar lagi, seperti penanggalan pada umumnya...",4
"Perfect Aplikasinya. bisa nampilin Kalender Hijriyah, Tanggal Merah Nasional Indonesia. Untuk keseluruhan sangat Bermanfaat. cuman satu saja saran dari saya. tolong beri Perbedaan Hari Libur Naasional Indonesia nya pake warna merah, untuk sisa terserah Developer. tambahin Night Mode, Tampilan Tanggal di Kalendernya Lebih nyaman Kotak jangan nyesuaikan Tampilan, gak enak aja kalau liat kalender di tanggal nya Memanjang Ke bawah kalau nyesuaikan layar. yang lainnya Pertahanin dan tingkatkan.",5
Sebelum update lebih bagus. Lebih banyak tema buat tugas tugas,1
"Kalau bisa fitur-fiturnya ditingkatin lagi, bakal lebih bagus kalau lampiran file foto ada previewnya di menu kalender, jd gausah diklik dlu buat ngeliat fotonya. Trus color code kalender di PC dan di hp bener-bener jauh banget warnanya, misal saya set kuning di PC nanti di HP bisa muncul coklat",3
perlu harus ada kalender nya,5
Sangat bagus tetapi saran kalendernya lebih berwarna dong misalkan hari libur nasional/hari Minggu tulisannya menjadi warna merah biar lebih mudah di lihatnya kalau warna hitam semua walaupun ada keterangannya masih kurang bagus menurut saya. Untuk tampil di iconnya selalu berubah ikutin hari jangan selalu angka 31.,3
kenapa aplikasinya nggak akurat?? waktunya selalu tertinggal?!!,1
Lebih gampang lihat tanggal & waktu,4
kalender bisa membantu kita untuk melihat tanggal atau pun ulang tahun orang lain,4
bagus tapi item old jangan di keluarkan,5
"Praktis karena selalu ada di smartphone. Digunakan utk schedule2 rapat, dan lain2. Sangatbantu.",5
"HP saya oppo , saat dipilih kalender malah ke menu awal. Dari playstore,buka kalender bisa. Udah coba unistal ,lalu instal ulang masih saja ga bisa dibuka kalau dari gambar kalendernya. Lalu, akunnya nambah jadi ada nobody@localhost,saya merasa tidak aman.. kecewa ahh..",1
aplikasi ini sangat membantu untuk memperingati hari suci ramadhan ini Hehe 😁😁👍👍,5
Sangat membantu karena kalender merupakan jadwal yang sangat penting bagi saya,4
"tulisan angka kecil, kurang menarik",3
Terima kasih banyak atas informasinya update versi terbaru nya....!!!!,5
sangat bagus sangat membantu jdi gk perlu beli tanggalan,5
Bagus.. sangat membantu sekali terutama dalam mengingatkan event event penting dalam keseharian kita.,5
terus tingkatkan kualitas nya,3
tidak bisa dihapus jadwal yang tidak diperlukan lagi,3
Lambat tdk koneksi update,4
Sgt bagus.. Pertahankan sistem kerjanya,5
"membantu bila lupa tgl ,bisa buat perencanaan",5
bagus untuk melihat jadwal kedepan,5
Tolong ya gak usah di update tiap hari juga,3
Makin keren tampilannya oke mantep,5
Suka karena di tanggalnya ada keterangan hari liburnya,5
"tampilan bagus, cukup professional lah ya. saran saya sih tolong ada fitur target mingguan atau rencana mingguan dan ulasan atau feedback yang sudah didapat setelah seminggu berlalu agar ada gambaran tentang diri sendiri selama seminggu dan instropeksi terkait hasil yang didapat dari tugas atau acara yang direncanakan apakah banyak yang terselesaikan atau tidak",5
Perlu sekali bagi saya.karena terkadang sering lupa di usia 77 thn bgn..,5
"bagusnya ada mode penanggalan Jawa, arab dan cina. karena ketiganya sangat terutama kalender cina sangat akurat untuk menghitung bulan dan air laut",3
"Mohon untuk di tambahkan Fitur Absensi finger print,untuk memudahkan kita mencatat IN-OUT/mulai-selesai dalam mengerjakan sesuatu",4
Sy percaya pasti bagus apk ini namun mengenai kalender lunar jawa atau bali dan lainnys sy butuhkan juga sehingga tak cukup hanya google kalender saja.,3
"Salam sejatra semua,saya ijinkan terhadap aplikasi Google Kalender dan aplikasi tersebut merupakan aplikasi yg sangeut membantu kita semua silahkan dilanjutkan trimakasih Dede haryanto modelator Grup publik dari Bandung Jawa Barat indonesia",5
"Untuk tampilan bulannya terlalu menghabiskan space, jadi ga jelas. Lebih bagus tampilan sebelum di update",3
Tolong segera update widget yang bagus gitu loh. Masa dari jaman Kitkat masih begitu saja.,1
Update meluluk ngabisin data paket.hp jadi lemot.memori penuh aplikasi skarang Uda nggak beres.nggak kaya aplikasi di jaman y hp baru keluaran pertama,1
kalender dari google ini mantap 😁 cuman klu bisa di tambah kalender Hijriyah..... tapi saya senang dengan kalender google 🤍😁🤍😁,5
Jadwal yg sangat akurat mengingatkan tinggal yg akurat.,5
Apk bagus mudah diakses,5
"Terima kasih google kalender yang sangat bermanfaat, cukup membantu dalam penjadwalan. Namun ada beberapa fitur di mana saya harus mengakses lewat komputer terlebih dahulu karena tidak bisa dilakukan langsung dari aplikasinya, seperti membuat kalender baru, apabila bisa dibuat dari aplikasinya akan sangat membantu di mana pun orang berada untuk membuat tanpa harus berhadapan dengan komputer terlebih dahulu.",4
"Sebagai seorang pengguna setia aplikasi Google Kalender, saya sangat terkesan dengan kehandalan dan fungsionalitasnya. Aplikasi ini telah menjadi bagian tak terpisahkan dari rutinitas harian saya, membantu saya mengatur jadwal, mengingatkan acara penting, dan memastikan saya tetap terorganisir. Secara keseluruhan, aplikasi Google Kalender adalah aplikasi yang luar biasa untuk mengelola jadwal dan waktu saya. Keandalan, kenyamanan, dan fleksibilitasnya membuatnya menjadi aplikasi pilihan terbaik",5
"Bagus, mudah utk melihat tanggal",5
"Tampilannya ribet, notifikasi tidak muncul. Beberapa kali saya kelewatan acara karena pengingat yang sudah jauh² hari dipasang tidak ada notifikasinya. Maunya saya hapus, sayang sekali ini apk bawaan",1
"Saya sangat terbantu dengan aplikasi kalender ini, selain menampilkan tanggal, lebih dari itu banyak agenda yang bisa disimpan serta menambahkan catatan harian menjadi lebih mudah, fitur pencarian menjadi hal yang sangat membantu dan inilah yang saya sukai ditambah lagi semua kegiatan dan catatan tersinkronisasi dengan perangkat apapun dimanapun baik PC ataupun Smart Phone. Namun sekarang saya menemukan kendala, beberapa catatan tidak tersinkronisasi, fitur pencarian jg tidak berfungsi. :(",5
"Buruk, tidak bisa sinkronisasi. Klo buka di device lain ga sinkron. Kalau saya pencet segarkan, muncul tulisan kesalahan sinkronisasi terus. Kadang juga ga ke save jadwal yg sudah saya buat. Padahal Wifi lancar, device lancar.",2
"Kenapa sekarang tidak bisa menambahkan ulang tahun ke kalender secara otomatis? Padahal kontak sudah disimpan di dalam gmail, kalender sudah sinkron dengan gmail dan kontak, tapi tetap ulangtahun kontak-kontak yang baru di save tidak muncul di kalender, jadi saya harus membuat pengingat secara manual satu-persatu, sangat merepotkan.",3
kalender yg bagus utk kegiatan kita sehari hari,5
"sangat"" membantu dalam kehidupan sehari-hari",5
Aplikasi kalender yg bagus. Terlebih kita bisa buat jadwal/agenda harian jadi hidup lebih produktif dan bisa di sync. Cuma mungkin kekurangan terletak pada widget saja yg biasa banget sebab ga ada kostumisasi pemilihan warna maupun transplantasi biar layar home screen terlihat bagus,4
Bagus dan tingkatkan,5
Adain Lgi Dong Peningkatan Update Yang Lebih Baik Dan Efesien Okeyy,5
"Fitur edit tugas, tidak seperti sebelumnya.. Saran mungkin bisa dikembangkan fitur edit tugas mirip dengan sebelumnya",3
"Kenapa sih kok ke download otomatis terus, aku nggak install ini sama sekali tapi pasti tiba tiba ada aku uninstall lagi terus tiba tiba adaaaa, ukuranmu di hpku tu besar memoriku jadi penuh!!!!!",1
Aplikasi Yang Baik Yang Selalu Membantu Kedua Orang Tuanya,5
apk nya sangat membantu sekali,5
alangkah baiknya jika ada hari pasaran Jawa disertakan di kalender,4
Sangat berguna dengan Bagus,5
"Saya sangat mengandalkan Google Kalender dalam mengatur jadwal dan aktivitas harian saya. Aplikasi ini sangat intuitif dan mudah digunakan. Fitur pengingat, notifikasi, dan integrasi dengan email sangat membantu menjaga saya tetap terorganisir. Saya juga menyukai fleksibilitasnya untuk dapat diakses dari berbagai perangkat sehingga saya tidak pernah ketinggalan apa pun.",5
lebih perjelas lagi setiap hari raya dan libur,5
"Aplikasi google kalender semoga selalu singkron dengan perangkat xiaomi Redmi 9 ponsel ini, sehingga saat digunakan ponsel bisa stabil & optimal slalu. 👍🙏",5
"Tolong di tingkatkan lagi fitur-fiturnya agar bisa menghapus semua acara secara instan, baik acara yang di buat sendiri ataupun acara yang di buat orang lain. Soalnya itu sangat menggangu, saya merasakan pengalaman saya yang sangat buruk, harus menghapus satu persatu. Misalnya saja ada acara yang di spam oleh pengguna lain dan itu sangat menggangu. Dan tolong di tingkatkan lagi keamanannya, tingkatkan pengamanan atas kepemilikan.",1
Mudah digunakan dan sangat membantu,5
"Saya tak terlalu mengerti di Google Kalender ini,saya bisa mengerti di aplikasi kalender akademik saja",1
kalender lebih bagus lagi,3
Semoga sukses selalu untuk yang bikin aplikasi ini,5
"mo tanya,apa di aplikasi ini ja atau gimana klo hari isra mi'raj ada tulisan belum pasti,,???",4
Mungkin lebih bagus klu ada tanda merahnya di kalender supaya lebih jelas. jd tidak repot lg cari kalender di rumah.,2
Seperti namanya kalender ini bukan sembarang kalender namun bisa menjadi workspace juga,4
"sangat membantu tidak perle lihat sana sini, tinggal buka hp udah ada kalendernya",5
dapat kan updated fitur terbaru,5
Maaf kenapa sering tidak muncul hari peringatan ya ?? Seperti bulan ini seharusnya ada peringatan di tanggal tertentu ini tidak ada tolong dong !,1
bagus bisa tau jika ada hari raya agaman,5
"Aplikasi ini membingungkan,.. Saya clik kalender malah kembali ke menu awal,..saya hapus data dan unistal tetap ajh tidak bisa digunakan dan kembali ke menu awal jika saya clik kalender...ada apa dengan kalender sialan ini,..???",1
bgus jdi gk usah susah liht tgl lint d hp aj bisa,5
kok saya download lgi ga ad ya di aplikasi hp saya,2
sangat bagus buat kerja,5
singkat padat sangat bagus,5
ini kenapa tidak bisa di instal,2
untuk melihat tanggal dan tahun,5
suka kalender ini,5
semoga bisa ngebut hp ...,5
gaada kalender Hijriyah nya,1
sangat membantu sekali,5
bagus bisa lht dgn mudah,3
Ini baru aplikasi yg sangat membantu sekali saat melihat tanggal merah dan libur. Dan bisa sinkronisasi ke kalender bawaan jg Tolong dijaga agar tidak ada bug dan virus. Tingkatkan lebih baik lg ya fitur Nya.,5
lebih ditingkatkan lagi,4
semua dari pihak Google terbaik,5
"Tlong tambar fitur hapus beberapacatatan sekaligus. Agar memudahkan untuk menghapus notif yg sangat banyak dr aplikasi pihak ke 3. Sangat meresahkan, mau hapus satu satu lamanya minta ampun. Kalo udah ada fiturnya auto bintang 5",3
"Terus di kembangkan lagi,tapi jangan sering di perbarui!!!.kalo bisa hemat paketan (kuota)!!!.kalo bisa hemat baterai!!!.kalo bisa terus perkecil penyimpanan memori internalnya!!!.YANG PALING PENTING DI PERBAIKI",1
"sangat baik, dan mudah. tersinkronisasi pada semua device",5
"Saranku mungkin untuk aplikasi mobile diberikan fitur yang ada di PC, seperti shading (menggelapkan) event yang sudah terlewat (di PC ada opsinya, dan ini sangat membantu untuk mengkontraskan event yang belum terjadi di kalender)",5
"Aplikasi pengingat, reminder yang punya banyak tema dan sangat membantu alokasi jadwal, tugas, dll. Sangat direkomendasikan. Sungguh dapat diandalkan ✍️",5
sempurna....sangat rekomanded....terutama bagi rekan rekan yg punya kesibukan berjubel ..sangat bermanfaat dlm membantu terutama jadwal biar lebih simpel.......keren abis sih saya yakin pasti sangat bermanfaat mengatur jadwal dan agenda anda menjadi profesional.......segerra unduh dan coba brooo..👍👍👍👍,5
"Yth. Google, tolong lah tambahin fitur lompat ke tanggal (jump to date) di Google Calendar. Masa fitur receh begitu gak ada di aplikasi Calendar Android? Padahal berguna banget lho. Buat apa kalender digital tapi gak bisa ngecek tanggal lain dengan mudah?",1
"Marvelous! Best Calendar! Thanks Google... Tampilan blok sangat membantu, bisa geser blok nya pula. Bisa atur warna per kalender, misal kalender ""libur nasional"" Diganti warna merah. Pengulangan sangat fleksibel.",5
"bagus, tampilan menarik, cuma kurang disaat bikin acara yang judul dan isinya sama (jadwal shift kerja) tidak bisa terisi otomatis saat seperti aplikasi kalender bawaan hape samsung. tingkatkan lagi yaa developer",4
"Aplikasi google masih kurang di setting nama tugas dari awal sampai akhir. Setelah di revisi nama tugas di hari awal, tugas di hari berikutnya tidak ikut di revisi. Setelah hapus tugas dan buat ulang nama/catatan tugas di bulan kemarin ternyata tidak bisa. Mana tugasnya sudah dihapus duluan, bener² ga bisa diandalkan tolong jadi perhatian keras developer",2
Notifikasi cuma diputar selama 5 detik.. terlalu singkat.. kadang tidak terdengar (terlewatkan) Kalau bisa berikanlah setting untuk notifikasi agar bisa di-set secara custom agar durasinya bisa dipilih sendiri dan juga ingin ada setting notifikasi berulang.,3
"Ini sangat berguna. Tapi bisa kah di tambahkan link tag di deskripsi acara? Semisal kita membuat acara, terlihat dideskripsi kita membuat sebuah tag (#), dan akan muncul beberapa acara dengan tag yg sama, jadi alternatif dlm menggunakan pencarian. Semoga saran saya direalisasikan :)",5
"Sangat bermanfaat Tapi belakangan ini, banyak data ulang tahun yang tidak BISA dibaca oleh Google Kalender. Saya sudah cek input saya di Contact saya, sudah betul (sama dengan yang terbaca oleh Google Kalender: ada tanggal bulan dan tahunnya) KENAPA ada yang terbaca, dan ada yang tidak terbaca? Padahal semua constrainnya sama?",4
Aku tidak suka karena susah dan lambat sekali untuk kembali mundur mengecek mengetahui hari bulan tahun teman2 ku lalu dan keluarga ku juga aplikasinya bikin merusak dan menggangu email2 ku yang selalu aktif.. Karena ini bawaan jadi aku sumputin dulu kalendernya.,2
"Cara menampilkan Hari Libur Nasional : Buka aplikasi Google Kalender -> klik garis 3 di pojok kiri atas -> pilih Setelan -> pilih Hari Libur (paling bawah) -> pilih ""Tambahkan Hari Libur Nasional"" silahkan pilih negara Indonesia. Klo mau nampilin kalender Hijriah/Cina : Buka menu setelan -> pilih Umum -> pilih Kalender alternatif -> pilih kalender yg diinginkan",5
"Sangat berguna, tapi mengapa tidak sinkron dengan tasks ya, hanya sinkron dengan calendar web, mohon update selanjutnya diperbaiki, selebihnya sangat bermanfaat sekali👍👍👍",5
"Optimalkan keseharian Anda dengan Google Kalender, bagian dari Google Workspace. Dapatkan aplikasi Google Kalender resmi, bagian dari Google Workspace, untuk ponsel, tablet Android, atau perangkat Wear OS dan buat hari Anda lebih optimal dan efisien. • Beragam cara untuk melihat kalender Anda - Beralih dengan cepat antara tampilan bulan, minggu, dan hari. • Acara dari Gmail - Reservasi penerbangan, hotel, konser, restoran, dan lainnya ditambahkan ke kalender Anda secara otomatis. • Tugas -",5
"Kenapa setelah di instal, tampilannya tidak ada dilayar seperti aplikasi lainnya? Kenapa ingin lihat kalender saja harus ribet buka playstore dulu dan ketik google kalender? Tolong aplikasi ini diperbaiki. Saya kecewa",3
"Pengingat mengingatkan selalu telat.saya atur untuk mengingatkan saya jam 08.00 tapi pengingat nya malah mengingatkan jam 08.05 karena itu saya jadi telat mengumpulkan tugas sekolah.tolong diperbaiki lagi.dan kalau bisa saat kita tidak menghidupkan data seluler pun pengingat tetap dapat mengingatkan kita,karena saya selalu kejadian terlambat absen karena pengingat yang selalu telat mengingatkan",3
Lebih bagus aplikasi kalender bawaan HP Huawei dulu. Pakai aplikasi ini cuma terpaksa karena habis upgrade HP. Cuma aplikasi ini yang tersedia di HP buat mengingatkan agenda. Note: versi baru ribet! Tampilannya kacau!,1
"Aplikasi ini sangat bermanfaat untuk saya. Saya berharap agar Google menambahkan fitur hitung mundur agar lebih memudahkan para pengguna ketika ingin mengetahui berapa hari lagi suatu event akan dimulai, dan saya ingin ketika kita menerapkan perubahan ke suatu tugas rutin dan mengklik tombol simpan untuk menyimpan perubahan dari tugas tersebut, tolong tambahkan opsi ""Tugas ini dan tugas berikutnya"", supaya tugas yang lalu tidak ikut terubah dan tugas yang seterusnya dapat dirubah dengan gampang.",4
"Halo, Aplikasinya sangat bagus sekali, bisa untuk zoom, tp saya udh naik kelas, tp kok tetep sama klsnya, di hp berubah, tolong sedikit diperbaiki, thank you 🥰",4
"Bagus, tolong dong ditambahkan Tanggal Jawa. Karena kalender jawa yang ada di playstore semuanya buruk dan penuh iklan. saya yakin dengan tambahan kalender jawa akan memberi nilai + untuk Google kalender. 🙏",5
"Tambahkan fitur tandai semua acara atau hapus semua acara pada local account, karna saya mendapat undangan spam dan sangat mengganggu. Memang bisa dihapus, tapi manual satu persatu bahkan digeser dan dihapus, itu sangat lama. Ada lebih dari 350 spam acara pada local account",1
"Kenapa penelusuran tidak menemukan acara di masa lalu??😑😑😑 Padahal tulisan sudah sama, dan kalau saya cari manual per tanggal ketemu. Aplikasi juga sudah ter update lho padahal. Mohon perbaikkannya.. Karena penelusuran penting..",5
Bagus sih jadi produktif. Tapi aku saranin ikonnya jangan mirip google meet lah😂 masak nggak ada ide lain gitu sih buat ikon yang berbeda. Kan mirip ya tinggal dibalik aja. Sebenernya aku agak keganggu sih sama ikonnya karna aku setiap hari bolak-balik google meet sama google calendar buat keperluan sekolah aku.,4
"Banyak spam iklan suruh download aplikas dengan alasan handphone kena virus di google kalender saya ,,udah laahh saya nonaktifkan aja ini Google calender capek keluar terus spam iklan nya . Tolong perbaiki pasti saya perbaiki bintangnya .. Terimakasih",1
Tidak bisa dibuka... Di klik malah tab menu yg muncul. Mau buka harus klik buka lewat playstore. Jadi tambah ribet. Tolong diperbaiki dong updatenya,1
"Aplikasi bagus, hanya perlu penambahan alarm setiap kerjaan yang sudah ditentukan. Jika hanya notifikasi kurang pas, bagusnya langsung alarm berdering.",5
Please tambahkan menu pilih semua supaya bisa menghapus notivikasi spam virus. Saya sudah mencoba menghapus satu persatu tetapi itu memakan waktu yang sangat lama. Jadi tolong kalau bisa di kasih fitur hapus notifikasi secara group,1
Tolong buat catatan/pengingat bisa muncul terus di layar notifikasi (tidak bisa dihapus jika diaktifkan) Dan catatan/pengingatnya setiap jam (tidak dibatasi pengingatnya hanya 5 kali saja seperti yang ada sekarang ini),1
kenapa setiap mau lihat kalender tidak bisa dibuka aplikasinya?? selalu kembali keberanda atau menu lain... ada yang salah kah dengan aplikasi. sudah coba update lagi tetap sama. kecewa kecewa,1
"Mohon maaf. Selama hampir dua hari, daftar acara dan pengingat saya tidak muncul dalam waktu lama dan hanya muncul sesaat sehingga beberapa agenda batal terlaksana. Apakah mulai sekarang saya harus beralih ke aplikasi lain selain Google Kalender? Mohon penjelasan dan perbaikan. Semoga kita semua diberi kemudahan. Terima kasih atas kinerja yang baik selama ini.",1
"tampilan kalender bulanan di mode portait sangat jelek, persegi panjang dari atas layar ke bawah layar, kenapa tidak bisa kotak, kenapa seperti di rentangkan memanjang ke bawah.",1
Aq ksh ⭐ 5 dulu krn msh nyoba... Smoga bagus app nya & tdk srng update klo isinya hny bug sj.... Klo update terbaru smoga yg terbaik utk appnya... Saran sj klo tdk mncl bs di restart dulu hpnya trs nanti akan muncul 2 app calender. 1 google calender & 1 lg calender bawaan hpnya.... Trs hari libur / tgl merah di google calender jg bs mncl di calender bawaan hp. Pd hal sblm donlot ini tdk mncl hari libur di kalender bawaan hpnya.. Thx Google Calender 😊😆😁😃👍🙏,5
"Benar-benar menyebalkan. Enggak ada angin enggak ada hujan tiba-tiba semua schedule hilang, trus saat mau di buat kembali malah terus ada notifikasi yang bilang ' Belum ada kalender yang di sinkronisasi",1
"SANGAT BURUK Saya selalu ada jadwal setiap 3hari sekali. Dikalender yang lama dia punya nada notifikasi tersendiri yang sangat keras suaranya Sedangkan ini ngikutin notifikasi kek misal wa, ig. Ngerepotin doang!",1
"Bug : di widget pada saat thema gelap - penunjuk ""hari ini"" sudah terlihat tetapi setiap hari berganti di widget tetap hari yang lama, dan mesti membuka kalender lalu me refresh baru penunjuk di widget berubah. KALAU BISA ICON CALENDER MENUNJUK ANGKA HARI INI, BUKAN STATIS",3
"google kalender bisa disinkron kan dengan kalender di windows via email. sangat menarik dan bermanfaat, mencatat event di manapun dan mendapat notifikasi di keduanya sehingga tidak perlu takut ketika tidak memegang hp. namun apakah ada converter kalender masehi ke hijriyah ?",4
"Saya sangat suka dengan desain dan cara menambahkan tasks nya yang tidak membuat bingung, tetapi kurang adanya prioritas atau dapat mengubah warna per tasks, dan menambah note untuk hari itu seperti masalah pada hari itu atau hal penting pada hari itu.",3
"mohon diadakan pengingat untuk hari ulang tahun yang disimpan di kontak google. jd bukan hanya sekedar ada dalam kalender tp ternyata ga ada pengingat notifikasinya sama sekali. masa ya harus buat acara sendiri di kalendernya, terus fungsinya tanggal lahir di kontak google apa dong?.",1
Sumpah..........😲😲 aplikasi ini lebih berguna daripada aplikasi kalender bawaan androidnya langsung tapi tolong tambahin semua hari raya besar keagamaan ya. Terima kasih untuk Google karena udah membuat aplikasi ini ya.👍👍👍👍,5
Aplikasi super banget. Sangat membantu keseharian kalau ditaruh di widget. Saran dong tema warnanya bisa diganti ganti biar menyesuaikan wallpaper hp. Thankyou google calender,5
"Sejauh ini si bagus, cuma pen ngasih saran aja sedikit, tolong dong kasi fitur label tanpa pengingat kalo bisa labelnya itu pake stiker. Terus kan ada fitur tujuan di sini saran saya kasi fitur note atau to do listnya dong dikalender, kan tujuan kadang Ndak terlalu spesifik ngapain aja jadi biar ada catetan gitu. Ndak cuma di tujuan si kalo bisa di seluruh fitur kayak di acara, tugas, pengingat dan lain lain sesuai keinginan. Okei tq semoga diihat",5
"Tolong bagi pengembang aplikasi ini tampilan kalender saya kok muncul tulisan viruses on your device tapi sudah saya scan anti virus apa saja sudah saya lakukan tapi masih tetap aja, tolong berikan solusi nya agar tanda peringatan ini hilang, mau saya uninstall tidak bisa dikarnakan bawaan handphone.",1
"Dapatkan apl resmi Google Kalender yang dirancang untuk memaksimalkan hari Anda Dapatkan aplikasi Google Kalender resmi untuk ponsel dan tablet Android agar Anda dapat menghemat waktu dan memaksimalkan hari. • Beragam cara untuk melihat kalender - Beralih dengan cepat antara tampilan bulan, minggu, dan hari. • Acara dari Gmail - Reservasi penerbangan, hotel, konser, restoran, dan banyak lagi. Semua ditambahkan ke kalender secara otomatis. • Hal yang harus dilakukan tercantum di kalender Anda -",5
"Aplikasi yang cukup Basic, tapi sebagai pengguna setia saya ingin lebih. Kalau bisa ada fitur ""copy jadwal"", sehingga lebih mudah untuk membuat jadwal yang konstan. Kalau request aku terpenuhi, nanti kukasih bintang 5 + cinta",3
"Amat bagus, bisa buat schedule, dan notify kita akan tugas 2 sehari hari, acara tertentu, buat mengundang untuk meeting, dsb. Namun saya kurang tahu, pernah ada yang minta saya schedule yang kosong mana, dia mau ngeblock sebagian, gitu katanya. Sy tak tahu apa maksudnya.",5
Sebenarnya cukup bagus. Tapi kekurangannya adalah tampilan desktop tanggalnya tidak berubah sesuai tanggal pada hari itu. Masak tanggal 31 terus. Saya yakin pembuat aplikasi ini bisa.,3
"Aplikasinya bagus sangat bermanfaat, masukkan aja untuk nama warna kedepannya semuga bisa di edit agar lebih memudahkan. Semisal warna merah untuk deadline atau kuning untuk kegiatan yang tidak mendesak. Terimakasih.",4
"Cukup bagus, hanya sayang sepertinya tidak ada pengaturan untuk menghapus riwayat acara secara otomatis setelah hari H, jadi sampah riwayat acara numpuk banyak, atau saya yang tidak tahu pengaturannya. Mohon pencerahannya. Terima kasih...",3
Tampilan kalender yang paling jelek juga hari libur yang membingungkan,1
"Aplikasi yang sangat bermanfaat buat pekerjaan saya, Dan mohon kepada pengembang agar Fitur Warna, bisa di tambah beberapa lagi, agar jadwal saya dari januari sampai dengan desember bisa di sortir melalui warna warna tertentu, terima kasih 🙏",5
"KEMBALIKAN UI YANG DULU. Dulu ketika menekan jam jadwal bisa diatur dan diseret berapa lama dan kapan mau dimulai. Sekarang kok malah harus diatur manual, jelek banget. Menyusahkan mengatur jam.",1
Google kalender mantap sangat bagus sekali untuk kegiatan yg padat serta jadwal yg penting kedepannya. guna menghemat waktu dan bermanfaat sehari hari trim google kalender.,5
Google calendar benar2 membantu saya dalam melakukan aktivitas dimasa depan dengan fitur pengingat nya. Saya jadi tidak pernah lupa harus kontrol ke rs dan kapan harus servis ke bengkel Terimakasih Google calendar ❤️❤️❤️,5
"appl ini menarik, perlu coba² utk paham opsi yng diberikan.. mmg ikon app bisa hilang dari daftar app.... tak perlu bukanya lewat play store... cukup lakukan restart... nanti ikon.app nya.keluar lagi... selamat mencoba",4
"Aplikasi nya bagus sangat membantu terimakasih gak nyesel download, semua tugas dan tanggal tercatat dengan baik mempermudah kita juga Terima kasih goggle kalender 😊",5
"Di setiap HP pasti ada aplikasi ini , aplikasi yang berguna sekali , bukan aja buat melihat tanggal , tapi buat menandakan kegiatan kita yang ingin ditandaiin juga bisa . Sangat membantu sekali",5
"reting nya menurun banyak, maka nya sayah g mo update karena hp jadul klw segala di update ruang penyimpanan tidak cukup untuk me ngikuti fersi android sekarang, dan harus punya ruang internal di atas 3GB",4
"Icon desktop kalendernya malah jadi tidak bisa lg otomatisasi sinkronasi hari sama tanggal, jd tidak simple tampilanya, ini namanya bukan kemajuan tapi kemunduran",2
Untuk aplikasi ini begitu berguna dan bermanfaat bagi saya.Dan aplikasi ini selalu mengingatkan saya event² game yang saya miliki dan bisa mengingat kan ulang tahun atau hari yang seru.Terimakasih semoga di baca dan dimengerti.~,5
Pendapat saya bagus sekali untuk google calendar cuman ada beberapa poin yang harus di perhatikan 1. Di apk nya terlihat tanggal 31 saja harus tertulis tanggal yang sesuai misal sekarang tanggal 1 ya di tulis 1 besok tanggal 2 ya di tulis 2 bukan 31 saja maksudnya di halaman awal apk nya sama widget nya kurang banyak model² nya terimakasih semoga sampai pada pihak google,3
saya kecewa dengan G Cal berkali-kali saya isi di kalender tak terdeteksi juga. udah refresh berkali-kali masih ga keliatan apa yg sudah saya input jadwal saya. lebih baik pakai aplikasi bawaan aja. :( kalau bisa bantu jangan hanya diam lihat komplain ini,2
Iya tapi Pagai kalangder itu bagus buat tinggal bersama mereka yang tidak bisa lagi menahan diri itu bagus nggak buatan 😀💯😅☝️❤️✅,4
sangat membantu sekali klo lagi mengingat sesuatu... misal. ultah. dll,5
"Cara pindah ke tahun tertentu gimana ya? Bingung gak ada fitur lompat ke tanggal bulan tahun tertentu...,,.,.,. Masak harus scroll manual , kalau cari tahun 2005 masak harus scroll tiap bulan manual 12 kali per tahun,,, 2023-2005 = 18 tahun Berarti scrol 18 th x 12 BLN = berapa ratus scroll........",3
"Kalau bisa buat fitur seperti kalendar bawaan asus, yaitu logo aplikasinya berubah sesuai tanggal hari ini, atau ada widget untuk munculkan widget dengan ukuran 1x1",4
"Berharap tampilan ikon calendar menampilkan tanggal yang update, bukan selalu dalam tampilan angka 31 saja. Selebihnya sudah oke. Terimakasih",3
Kalau bisa tampilan bulannya di rubah seperti kalender biasa biar enak di pandang dan lebih modah di pahami dan juga tambahkan kalender jawa karna kita tinggal di indonesia,2
"Mantab, sangat membantu buat profesi lawyer untuk mencatat jadwal sidang dan ada pengingat. Sejak pakai apk ini udh gak pernah lagi kecolongan jadwal sidang",5
"Tampilan user interface kurang menarik polosan, tolong untuk update selanjutnya di percatiklah tampil ui nya walaupun hanya sekadar kalender itu penting bagi sebagian orang",1
"Tolong supaya bisa ditambahkan pengaturan tampilan widget terutama pengaturan ukuran font, karena font di widget terlalu kecil dan tidak bisa diatur besar kecilnya Mohon dipertimbangkan, terima kasih 🙏",3
Kenapa sih mau di update susah banget 😔,5
Bagus sih tapi coba kita bisa buat tanggal ulang tahun keluarga atau kita,5
bagus dan enak lihat jadwal,5
"Hai Bulan November, Hai juga Google Kalender. Seiring berjalannya waktu, Google Kalender telah mengeluarkan fitur-fitur menarik di dalam aplikasi ini, pihak Google tidak ada habis akalnya untuk membuat user sangat banggu ataupun senang untuk menggunakan Aplikasi Google Kalender ini, karena aplikasi ini sangatlah efektif bagi pengguna smartphone masa kini, terima kasih dan jaya selalu Google Keyboard. Salam hormat, Adam Zuliansyah",5
Bisa ga yh diupgrade lagi simbol di kalandernya.. contohnya klo hari Minggu kan lahir libur yh .. nomor tanggalnya jdi merah jangan item semua .. biar enak bedainnya.. ini nomor tanggalnya ga merah . Malah item semua..,3
"Google kalender sangat membantu untuk kegiatan yg padat serta jadwal yang penting dan pengingat untuk waktu dan hari spesial, semoga kedepannya lebih berkembang lagi dan bermanfaat untuk semua orang. terimakasih google kalender.",5
ngeselin masa untuk gapai tujuannya dikerjakan asli tengah malam... suka2 googlenya aja... waktunya gak sesuai udah gitu ditentukan dia banyak kali kalo cuma 1 kan bisa di edit gak capek ini semua dibuat,3
"Untuk masa yg jauh misal 2 tahun tidak bisa dibuat pengingat, tapi acara bisa. Masuk menu membuat pengingat bisa tap tidak tersimpan",4
"Saya baru update Google Kalender, sangat penting jadwal sesuai tgl yg ada di aplikasi",5
sangat membantu dalam melihat kalender kerja,5
"Dengan mudah kami mengetahui info di saat kami sibuk, sering lupa hari tgl",5
Nice sangat bagus baik digunakan Notifikasi,5
kalender bagus cm harus tambah hari seperti Jumat Kliwon gitu biar lbi keren,5
bagus dan grafiknya bagus,5
Rubah tampilan agar kelihatan simpel dan menarik,5
"Klo pengen tampilan bulan hrus pilih dulu... secara default tampilan hari... pas bikin acara atau janji kegeser atas bawah dah mleset harinya ,,, agak membingungkan... mlh lebih simpel aplikasi kalender lain ... gak geser2",3
Tolong tambah fitur kalender pasaran jawa dong,5
sangat membantu terimakasih,5
"Hi google, tolong untuk pengingat acara penting diberi tambahan option jam berapa, dan tanggal berapa kalau bisa dengan tambahan alarm atau lagu beserta notifikasi nya. Jangan mau kalah dengan kompetitor lainnya.",1
"Aplikasinya bagus, keren. Kalau bisa tambahkan fitur 3D touch di kotak Acara/jadwal, agar lebih mudah dan tanpa membuka satu persatu acara/jadwal.",5
"bagus, sangat berguna utk melihat jadwal harian serta sudah update dengan hari libur nasional",5
Aplikasinya berguna untuk melihat kalender online,5
bagus untuk digunakan,5
sangat membantu pekerjaan,5
Tolong perbaiki karena tidak bisa update aplikasi 🙏,1
sangat terbaik dan membantu,5
"halo halo, bagus banget",5
"Sangat puas dengan keakuratan schedjule. Perbanyak motif dan modelnya yaa,buat warna warni dah ckup bagus dan nysman dilohat disaat jadwal menumpuk",4
sangat membantu membuat jadwal,5
Aplikasi google kalender tidak stabil,1
Bagus dan membantu,5
lebih baik LG dari debelumnya,5
tidak dapat di perbarui,1
sangat bermanfaat,5
bagus sangat membantu,5
sangat merekomendasikan,5
amplikasi yg bagus,4
sangat menarik,5
Aflikasi bagus dari kelangan kita semua,4
"Sekelas Google tidak update,Isa almasih sudah diganti Yesus Kristus sesuai edaran kementrian",1
Kenapa tidak di rangkap dengan tanggalan jawa,5
mantap apa lagi di buat hari besar,4
"Jika kusuka, ku beri bintang lima. Dari hatiku dengan tulus ku berikan.",5
Kalender untuk melengkapi,5
"Mantap , pas tanggal libur nya",5
Ini kenapa kok sekarang gk bisa dibuka?,3
Lengkap. Keterangan hari besar ada.,5
sangat mudah digunakan,5
kalenderku membantuku untuk mengingat waktu,5
pengen kaleder yang bagus,3
Kalender salah tidak sesuai dengan pemerintah,2
klau bs d'sertai kalender pendidikan 🙏,5
Sangat mudah di pahami Oke.....,5
Terima kasih Google Kalender.,5
Aplikasi Sangat Membantu,5
Saya sangat suka dengan aplikasi nya,5
Kurang bgus mnurut saya .. tahunya ngk kelihat,1
bagus sekali progamnya,5
Baguss sangat membantu,5
Aku suka banget sangat membantu,5
"Cocok akurat mantul pisan,,😯☝️👍",5
Udah deh keren abis buat kamu,3
Memang benar jarigan ni bagus,5
Tolonglah sempurnakan,3
"5 bintang untuk google kalender,ok.",5
baik dan membantu,5
Sangat d butuhkan,5
Ah nggak asing lagi ini mah. Semua dah tahu. Mantep.,5
saat ini masih bagus,5
Waktu dan bulan memang cocok buat saya semua nya akurat.,5
bagus skli.. mulai lengkap dr Pda sebelum y..,5
bagus dan membantu,4
Sifat ny kurang baik,5
"Google Kalender Aplikasi bagus,saya pasang di dua device saya,Selama ini ga ada keluhan. Terima kasih semoga bermanfaat ulasan saya.",5
Google kalender aplikasi ini sangat bagus 😍😍kalau bisa harus lebih di tingkatkan lagii,5
Tidak dapat diperbaharui,1
bisa mebantu keren,5
"Dalam tampilan bln ato layar pénuh,Hari minggu bagusnya warna tampilan di beri warna misal (merah) atau hari libur lainya biru agar terlihat lebih menarik tampilanya🙏🏻.",4
"Ga bisa pergi ke tanggal dan tahun lampau,,, untuk menandai kelahiran Harus seperti kalender2 dahulu tinggal search untuk pergi ke tanggal yg di inginkan dan dapat menandai di tanggal tersebut tentang kejadian kelahiran misalkan,,, agar dapat dibuatkan alarm setiap menemui tanggal yg ditandai",1
"kenapa gak bisa di update selalu gagal, tolong dong diperbaiki",1
"Sangat bagus,dan saya sangat tampan dan cerdas, pintar berwawasan tinggi,,,tapi kalau ingat semuanya kadang hati jd terasa pilu dan sedih...ah geus we pokona mah hese dicaritakeun ge....",5
Sangat bermanfaat utk mengingat janji dan pesan penting,4
Sayang kali tampilan widgetnya cuma tersedia warna putih.. Tolong sediakan jg dong yg warna hitam spy lebih bisa mix-match dgn tema/wallpaper ponsel..,4
"Kalender membantu pekerjaan sehari-hari. Dengan fiturnya sinkronisasi, bisa sama di banyak perangkat. Saran, ditambah tanggalan jawa.",5
"Mantaaapp,tidak bidak di upgreet",5
sangat baik melayanin,5
sangat bermanfaat sekali,5
Kalender sangat membantu untuk melihat tanggal apabila lupa,5
"Sangat membantu, mengingatkan kami atas aktivitas diusia up 60 tahun. Tks pisan",5
mohon dikoreksi lagi widgetnya untuk bulan hijriah ada yang salah,5
kalender nya bagus tapi sayang gak ada kalender arab nya,3
"Perbaikan ui tampilan mingguan, bulanan, dan harian yang masih harus dibenahi",5
Banyak kesalahan dan sering bug,3
Dari jaman bahela model tau tampilannya bgitu² trus g da perubahan n kemajuan KL hari libur tau Minggu dberi warna dong biar tau libur pa ga. Trus ksh keterangan yg jls,2
dengan satu genggaman jadi lebih mudah,5
produk goggle semua nya bagus,5
"udah bawaan hp, Tapii Lumayan Bagus AplikasiNya ..",4
Sebagai tanggal yang kita butuhkan.dan bulan yang kita Ketahui dalam suatu kepentinga Bagi kita semua ada di sini.,5
Masih ada daftar hari libur yang tidak sesuai...,4
kenapa ya di google kalender tidak bisa membuat catatan pengingat lagi ya?,5
aplikasinya sangat bantu si mna pun kita tau hari apa tanggal berapa dan hal pentingnnya,5
"membantu kita dalam segala hal, terutama dalam pekerjaan sehari sehari",5
Kepada Google kalender kami mohon bantuannya untuk bisa membantu ketua grup persahabatan publik,2
Lebih praktis dan sesuai kebutuhan,5
kalender penting mengingatkan kita yg suka lupa tgl.,4
"bgus desain gambarx hidup, tingkatkn animasi gambarx yg lbh detail n hidup",5
Perlu update nih..tgl nya salah.desember tgl 1 pada hari minggu.ini malah Rabu.,3
"Mungkin bisa ditambahkan poin catatan, tidak harus Tugas atau Acara",5
Kok aplikasi nya gak bisa di update,5
Keren dan Bagus,5
Notif utk ultah tidak ada keterangan umur,1
Selalu menjadi pengingat selain alarm,5
jadi inget tanggalan dari kalender ini,5
Tolong berikan warna merah pada hari Minggu dan hari libur nya..,1
"Kurang sederhana tp praktis dan modern menurut judulnya aplikasi. Klo pun combo tp jd rumit mnurut kbanyakn user di antropologi indonesia, itu tdk bagus dan jd ketidaknyamanan. Upz..",3
Tolong bikin tampilannya yang KEREN dong seperti layaknya Kalender. Dari dulu tampilannya gitu aja seperti kotak-kotak microsof EXCEL,1
"Angka terlalu kecil,dan penampilan sangat standar. di ikon app tgl tidak sesuai dan gak ganti2.",2
butuh fitur penjadwalan yg lebih rapii.,4
Setelah update gak ada perubahan sama sekali. Tampilannya itu itu aja gak ada yang dirubah. Terus kalender gak komplit.,4
"Saya sebagai penikmat Layanan internet, sangat di manjakan dg kehadiran fitur google kalender ini, di samping bisa membantu saya dg kesibukan sehari-hari, saya bisa melihat@ kembali moment2 yg sdah d save di Apk google kalender ini, mntap, rekomend bnget,, trims kerjasamanya",5
sudah sangat bagus. akan lebih bagus jika ada kalender alternatif contoh kalender hijriyah. agar mempermudah pengguna (user). terima kasih,4
"Pada tampilan utamanya masih belum disinkron dg tanggal aktualnya, tetap aja 31. Gak seperti aplikasi sebelah yg tampilan awalnya berubah2 sesuai dg tgl. aktual hari ini.",2
"Hebat!, Terima kasih saya sekarang jadi tidak lupa lagi tentang tanggal, hari, Minggu, dan bulan. Soalnya kadang aku suka lupa hari walau pun sudah punya kalender berdiri di meja belajar ku BYE!!👋",5
"Bagus juga, kalau ada hari tertentu bisa diaktifkan notifikasi untuk mengingatkan, bisa pilih tujuan, dan udah ada dark mode. 👍✨😊",3
"Aku Suka banget, bener² udah pas. tapi ada sedikit masalah. ketika kita menambahkan tugas kemudian tidak dikerjakan hari itu, akan masuk di notifikasi ""tugas yang tertunda"". namun ini tidak berlaku pada tugas yang ""berulang"" mohoj perbaikannya dan terimakasih",5
Aku suka banget aplikasinya aku beri ranting lima karena aplikasinya bagus guys ayo donlot aplikasi ini buruan ini aplikasinya itu bagus loh kalian boleh kerja dirumah yah gitu kalian bisa pilih kerjaan rumah kamu misalnya: olahraga Dan sebagainya cepat yah donlot aplikasi ini aplikasi ini tuh bagus banget (aku gak maksa yah) saya tidak memaksa kamu,5
"Sangat baik sekali dan sangat membantu pokonya mantap Google Kalender,, saran saya ciptakan sesuatu yang lebik baik lagi dan bermanfaat untuk semua pengguna,, sukses slalu..",5
"Mantap dah sekali ketik sudah keluar lagunya,dan tinggal klik tanda panah langsung masuk lagunya.",5
Halo. Google aplikasi kalender yang ini bagus sekali atau mungkin lebih bagus lagi soalnya aku bisa ngeliat ramadhan kaya berapa lama lagi jadi aku bisa langsung tahu kapan ramadhan nya makasih Google,5
"admin, tolong dong, ketika mengedit waktu tujuan pribadi yang tidak sesuai kenapa waktu tujuan hari selanjutnya tidak ikut berubah waktunya, kalau begitu harus ngedit lagi setiap hari kan capek, terimakasih",3
"Kenapa acara/pengingat yang saya buat tidak pernah muncul notifikasi nya?? Sia² saya membuat acara namun tidak muncul ,mohon perbaiki notifikasinya!",2
"Sangat bagus,cuma tugas pas di atur tanpa batas kenapa tidak bisa selamanya,.. cuma beberapa bulan terus di bulan berikutnya tugas harus di buat lagi.. tolong dong di perbaiki lagi..",5
"Tidak di lengkapi dengan weton hari dan pasaran kalender Jawa , tidak di lengkapi dengan fitur menuju ke kalender di tahun yang lampau atau akan datang , sehingga saya masih sulit untuk mencocokkan hari kelahiran saya , Tidak di lengkapi dengan kalender hijriah , Masih banyak lagi kekurangan nya",3
Menambahkan pengingat sangat rumit Tampilan UI berantakan jadi susah untuk menemukan fitur yg diinginkan.,2
"Sangat membantu mengatur jadwal selama ini. The best lah, apalagi connect dengan email sehingga mudah diakses dimanapun kapanpun.",5
"Ini gimana ya, saya kan bikin jadwal event sm tugas dari laptop saya dengan akun yang sama. Udah diatur bagus-bagus, eh pas diliat di hp jadi berantakan alias ga sama/ga sinkron dengan yang sudah saya atur di laptop. Waktunya jadi berubah semua. Gimana ya cara ngatasinnya.",3
aplikasi yang bagus kita bisa buat pengingat dan bisa tahu tanggal ... tambahin fitur-fiturnya dan lebih dipercepat lagi dan lebih di kembangin aplikasinya... terimakasih:),5
Good!! Ada opsi menambah tanggalan kalender Hijriyah . Sangat membantu dan sangat ringkas dalam perpaduan 1 aplikasi . Google ?? Aaaauuuuuuu !!!! 🥰🥰,5
"terlalu membingungkan, mungkin bisa dibuat lebih simpel, seperti cara membuat peringatan seperti kegiatan dan ulang tahun, terasa ribet.",2
Coba perbaiki tampilannya... Dari dulu gitu2 ajh sangat tidak menarik. Ngga estetik bngt. Dan pas di klik bikin tampilan bulan bukan hari.,3
Aplikasi pernah di hapus dan di nonaktifkan jadi gak bisa di update n di buka lagi aplikasinya.. hadehh tolong di perbaiki,1
"Bagus, karena kita bisa melihat kalender, mengedit acara, bahkan membuat acara, pokoknya ini wajib di download!!",5
Bagus dan penting,5
"Aplikasi ini memang pas buat ngingetin tentang kegiatan sehari-hari. Daripada susah bikin jadwal tapi ngga ada suara pengingatnya, alternatifnya ini aja.",5
"Kalender by Google tampilan menarik, bisa cantumkan agenda acara yang akan datang sangat membantu sekali kalender sekaligus juga pengingat , Very Good application Google",5
Tambahkan beberapa fitur terbaik dari kalender Hijriyah. Dan juga tambahkan fitur dark mode (night mode).,4
"Tips tgl goegl KEDEPAN bisa lebih baik dan terinci bila ada angka merah atau hari besar/cuti bersama jelas terlihat bukan hanya titik saja dan kalau bisa ada tanggalan tulisan dibawah tglan ada hari2 pasaran seperti :Paing,Wage,manis,Kliwon,dst terima kasih tips dari saya semoga succes selalu goegl 🙏🙏🙏",5
"Tidak adanya fitur tahun itu menurut aku big mistake sih, soalnya banyak orang yang pengen lihat tanggal di masa lalu.terlalu lama kalo mau lihat taun yang lalu jika geser bulan per bulan buka per tahun",1
"Langsung kasih lima bintang, Aplikasi kalender ini sangat membantu saya dlm membuat schedule dan pengingat serta mudah di gunakannya. Terimakasih",5
"Sebenarnya sudah bagus, menarik, tapi kalo bisa main account sama sub account bisa terpisah jadwalnya. Bisa dibedakan, seperti di App google lain (Catatan) itu kan beda,",3
"kalender nya tidak sama dengan kalender fisik, contohnya sekarang tgl 30 juli 2022 di kalender fisik hari libur tgl 1 baru islan tp di kalender ini liburnya tgl 31 juli. tolong diperbaiki",3
Kenapa ini banyak sekali virus nya . Untuk develover nya tolong di hilang kan virus nya itu sangat mengangu sekali,1
Aplikasi nya bagus 👍👍,5
"Penampilan agak kaku, kurang google banget. Pengaturan seharusnya ditambah sampai aspek penampilan dan pengaturan pengingat",1
Google kalender mantap sangat bagus sekali untuk kegiatan yg padat serta jadual yg penting kedepan nya guna neng hemat waktu dan bermanfaat sehari2,5
"Sudah bagus. Tapi, tolong bisa ditambah temannya, dan kalau bisa ditambah kalender Jawa, karena mungkin banyak yang membutuhkannya. Terimakasih.",4
"Aplikasi yang sangat bagus dan mudah digunakan, sangat berguna untuk saya dalam menyusun jadwal kegiatan yang saya inginkan, keep improve it",5
"tolong di pengaturan di buat ada tampilan kalender sederhana nya, kalau lagi urgent ribet lihat tampilan nya.",3
"Saya sangat terkesan dan terbantu dengan aplikasi google kalender membuat saya dengan mudah mengatur jadwal saya dan kegiatan saya terjadwal dengan baik, aplikasi ini sangat bagus,menarik dan membatu pekerjaan",5
Widget kalendernya sekarang keren. Terlihat elegan di HP saya yang bertema gelap & bulannya bisa digeser-geser tanpa harus membuka aplikasinya.,5
"Maaf terlalu singkat, update Tanggal nya kaya pada umumnya berwarna, misalnya minggu berwarna merah senin sampe sabtu itu putih atau seperti biasa nya biar agak simpel mohon update kan lagi thanks for DEFLOPER😎",5
"Bagus, namun ada 1 kekurangan yaitu tampilan icon tdk berupa angka/tanggal terupdate, jadi jika ingin lihat harus di klik dahulu .. semoga ada upgrade tampilan berupa angka/tanggal terupdate, thx",4
"Sangat membantu, Namun ada sedikit kritik yaitu pengupdatean terkait cuti bersama harus seiring dengan perkembangan yg ada. Overall, saya merasa sangat terbantu. Terima kasih.",5
Saya sangat mengandalkan google kalender dalam mengatur jadwal dan aktifitas harian saya.aplikasi ini sangat mudah digunakan .terimakasih google kalender,5
Halo google kalender walaupun kesempatan saya sangat penting untuk aplikasi google kalender ini berkembang menjadi lebih baik selalu update terus biar aman makasih atas ulasannya wkwkwk 😂😂😂,5
sangat bagus sekali,5
Aplikasinya bantu banget. Bisa sekalian buat catatan penting kerjaan kantor. Bisa ditambahkan notes catatan kecil biar gak bingung. 😀😀😀,5
"Kenapa tidak bisa loncat ke tahun² sebelumnya dengan cara lebih mudah, kalo di scroll perbulan yang ada buang² waktu , tolong di perbaiki lagi di update.an yang mendatang, terimakasih",2
sekedar saran tolong tambahkan fitur untuk lompat ke tahun tertentu dengan cepat karena terkadang susah klo harus pergi ketahun yang jauh. terimakasih,4
Tidak bisa mengedit tahun yang telah lampau...harus dislide back lama bgt..... bulan demi bulan baru berganti tahun.contohnya dari tahun 2021 ke tahun 1990 harus nylide 31x12. Wasting time👎👎,1
waw keren dan menarik semuanya ada disini ada pengingat dan pastinya seru banget semuanya yang kita lupa dan akhirnya gak lupa lagi karena ada kalender yang sangat hebat sekali yaitu si Google Kalender 👍🏾👍🏾👍🏾,5
"Opsi warnanya ditambah lagi dong, biar gak membosankan :) Terus saat kita menggunakan beberapa akun secara bersamaan akan lebih enak ketika kita pindah akun jadwal kegiatan kita juga berpindah. Semacam google drive gitu maksud saya.",3
"Kenapa sih ini, di update loading doang di batalin jadi crash playstorenya Udh diuninstall tetep aja masih loading disini, jd engga bisa update aplikasi yg lainnya tolong lah 😫",1
Mengecewakan. Aplikasi ini hanya bisa dibuka dari PlayStore. Kalau klik shortcut / icon kalender dari menu di HP malah kembali ke menu awal. Maaf saya beri bintang 1.,1
Tampilan aplikasi tidak menarik dan terlalu biasa untuk sekelas aplikasi buatan google. Tidak ada pengingat untuk Ulang Tahun.,3
"banyak aplikasi download terkadang mudah terkadang sulit,.. tapi secara keseluruhan lumayan dan dibutuhkan.",5
Terdapat 1 akun email atas nama nobody@localhost di kalender saya. Kemudian di kalender tiba-tiba muncul pemberitahuan undangan yang banyak sekali. Isinya seperti penipuan yang menginfokan saya mendapatkan hadiah.,1
"Tidak bisa buka aplikasi secara langsung, tapi harus lewat playstore. Adanya aplikasi harusnya bikin mudah, malah jadi ribet.",1
"Saya sangat puas menggunakan google kalender beraktivitas dan mengandalkan kalender Google sebagai asisten pribadi saya, coba anda gunakan dijamin deh agenda-agenda penting kamu akan selesai tanpa ada pengecualian.😊",5
"Bagus, tampilannya simple dan rapih gitu 😄😊. Bisa pilih acc email kita juga, kita juga bisa tambahin jadwal kita sendiri (jadi ga cuma dari sekolah aja), kita bisa ganti warnanya juga, jadi bisa warna warni, mantul 👌",5
Aplikasi Google kalender ini sangat bagus. Aplikasi memiliki rincian tiap tanggal dengan jelas sehingga dpt membantu kita melihat hari2 raya dengan tepat,5
Saya menggunakan hp oppo f7 dan a53 tetapi kenapa pengingat acara nya spt birthday dll gak ada alarm bunyi?? Aneh...pdhal itu penting buat pengingat biar gak kelewatan event nya..tlg diperbaiki donk..,1
"Bug report setelah di update masih minta terus , bug tampilan di play store ny atau aplikasinya yang bermasalah",1
"Sering banget eror. Udah cape cape bikin jadwal malah ga bisa dibuka semua. Pas di refresh, kesalahan sinkronisasi mulu.",1
Google kalender ternyata juga bisa untuk menjadi pengingat hari ulang tahun seseorang dibagian tambah acara jadi kalau mau setel pengingat hari ulang tahun seseorang bisa dicoba pengaturannya,5
Maaf... tidak bisa menambah informasi google meet. katanya panggilan video akan ditambahkan akan tetapi tidak bisa menambahkan mohon di perbaiki bug ini...,1
"Mohon maaf, sejujurnya, kalender ini buat asli orang Indonesia aga susah menentukan hari, terlalu ribet,tidak seperti kalender lainnya 🙏. Mohon jika bisa diperbaharui versi barunya.🙏 Tq wasallam muwaalaikum 🙏",1
"Apk ini sediakan kalender Masehi jika mau kalender lain unduh saja apk lain 😅, soalnya kalender Masehi di pakai seluruh dunia. Jika mau kalender Jawa dan kalender Hijriyah unduh ajah apk lain yg menyediakan kalender itu 😄",5
"Saran untuk tampilan, sebaiknya tampilannya di desain seperti kalender pada umumnya, nomornya berwarna, misal kalo hari minggu atau hari libur nomor tanggalnya berwarna merah, hari Jum'at berwarna hijau, dan pada hari-hari biasanya berwarna hitam",2
"demgan terupdet semua secara otomatis ,semua jadi lancar dan cepat untuk semua aplikasinya.",5
sangat berguna sekali,5
"Very helpful for scheduling Sangad membantu sobatts Sekarang sering error', apa aja yg ditambahkan sering ga sinkron dan ga keinput di app, akhirnya jadi kecolongan deh hdehh",4
"Saya berkunjung ke Banda Aceh, Kondisi Banda Aceh sangat bagus, Jalan jalan kondisinya lebih bagus dari provinsi sumatera lainnya, kampung kampungnya relatif bersih, terminal nyaman tanpa calo, penduduknya ramah dan sangat senang menolong kalau dibutuhkan.",5
"Ni apk burik,. Update muter2 terus. Akhir nya mau update dan download apk laen jadi gak bsa !!! Di batalin malah crash playstore ny.",1
"aplikasinya bagus,tapi tolong dong klo sudah diupdate jgn minta update terus..mana tgl updatenya gk berubah mlh buang² paketan aja,kecuali ada update ditgl berikutnya baru munculin tuh update nya",2
Kenapa tampilan kalender nya berubah ? Padahal setelah di update saya gampang lihat tanggal kalender nya ! 😮‍💨😮‍💨 Tolong tampilan nya di ubah lagi ya,1
Aku suka banget kalendar versi yang baru ini Schedule ku selalu di ingatkan dan tersusun dengan baik. Thank you kalender ❤️,5
kenapa pasca ganti hp ke oppo a39 google kalender harus digunakan dengan data seluler aktif.. padahal biasanya tidak seperti itu.. saya minta tolong solusinya..,2
Tapi ada yang kurang (tidak muncul tahun),4
"Sebenarnya sudah bagus, tapi tolong buat supaya bisa melihat cari tanggal, bulan, tahun. Misalnya kita mau ke tahun 2008, masa harus geser bulan sampai tahun 2008",4
"Saya rasa sdh bagus dan tidak ada masalah krn saya sering buka aplikasi ini ketika saya memerlukan utk hal² yg hrs membuka aplikasi Google kalender ini. Oke, semoga pihak Google selalu mengupdate aplikasi ini ...",5
"Perbaiki auto sincronize dari aplikasi, karna seringkali kurang remainder-nya. Overall cukup berguna ini.",5
Muak gw kalau cuma update update terus,5
Mengapa yah google kalendar di saya ada bug yaitu Notifikasi yang langsung ada di google kalendar saya tidak tau notifikasi apa itu namun itu sudah membuat google kalendarku penuh dengan iklan yang tidak bermanfaat,3
"Em sebenarnya spknya itu udah lengkap banget but kalo boleh ksh saran tolong yah google bikin fitur lompat tanggal jadi tuh kalo gua mau memperingati tugas/dll kan jadi gampang massa aku harus lompat dari bulan 2020-2000 kan jauh banget😭 tp overall aku udh love banget kok sama fitur"" nya tp plis banget masukan aku dibikin yah🥺🥺🥺🥺🙏🏻🙏🏻🙏🏻🙏🏻🙏🏻😢",4
"Bagus sih ,tp kenapa aku setiap bulan harus tulis ulang jadwal² bulan depan dan seterusnya ?? Yg dulunya pernah aku tulis tp tbtb hilang 😔 Padahal udh ku planing tp hilang semua , satupun gaada :"") Sedih huhu :(",3
sangat memuaskan,5
Sangat Menganggumkan.,5
"Kenapa nggak adah tabel buat tahun kok cuman ada jadwal,hari,3 hari,bulan harusnya ada dong tahun padahal itu sangatembantu untuk tabel tahun kalau ubdate lagi tambahin dong tabel tahun saya sangat kecewa sih sama google masak tiap mau pindah tahun belakangan harus scroll tiap² bulan misal mau lihat di tahun 2001 harus scrol manual kan jadi kelamaan",2
google mohon dtambahi kalender islamnya ya,5
lebih di maksimalkan lagi dengan gaya tanggalan. saat mengetik tanggal. diberi hari dan tanggalan Hijriyah,5
ok..utk meningkatkan dan mengingatkan jadwal2 yg penting,5
Google kalender bagus dan gak pernah ada masala pada kami,5
"Saya kasih bintang 3 dlu. Tlong perbaiki bug logo aplikasinya hilang, nanti kalau sudah diperbaiki saya kasi bintang 5 lagi",3
sangat bermanfaat,5
sangat membantu,5
"Aplikasi yang bagus untuk mengingat tentang jadwal kuliah, sekolah, maupun libur. Sayangnya hanya kalender Indonesia, bukan kalender Islam",5
Blender tidak membuat tidak hanya membuat saya tahu kalender itu apa kalender adalah kalender yang mempunyai sifat baik dan kalender itu adalah Google LLC dan saya sangat menyenangi Google Google adalah teman terbaik saya terima kasih kalender telah manis saya karena telah membuat terima kasih karena saya telah membuat beberapa kali eksperimen tapi gagal tapi karena ada Google saya menjadi menjadi profesional maaf jika saya menjadi profesional jika menjadi profesional maka YouTube akan ditutup,5
aplikasi yang sangat tidak berguna apa lagi abis update padahal versi oldnya udah bagus dengan tampilan sederhana dan mudah,1
"kalender sekarang ada penjelasannya ya, sa,at memperingati hari apa jadi tau, dulu kan nggak ada bingung kalau mau cari tau, semoga tambah cantik lagi kalendernya,😘",5
"Tolong tambahkan fitur"" AI kedalam kalendernya dan sederhanakan tampilannya🙏",3
"Saat ini saya merasa terbantu dengan Aplikasi ini, namun tetap saja ketika sedang masa baik berjalan suka tiba² ada kendalanya",2
Sangat membantu sekali,5
selalu yg terbaik,5
sangat menarik,5
saya segat senang kalau ad kalder di hp in,5
"Padahal pengingat yg aku buat udah ku hapus , eh besoknya muncul lagi. Muncul terus padahal udah ngga ada di kalender, kenapa muncul terus sih?? Kgk bisa di hapus pula.",1
Mantap dgan kalender ini saya akan selalu ingat🙏,5
Saran saja tampilannya bisa di buat lebih simpel. karena Saya masih bingung dengan tampilan nya. terlalu ribet gitu. Jadi di buat lebih simpel pasti bagus,1
Sangat bermanfaat,5
"Sangat baik sekali, terima kasih",5
sangat membantu,5
sinkronkan dan pulihkan ruang penyimpan aplikasi akun saya yg hilang dgn yg baru aman cepat baik lncar terjaga normal pulih otomatis makasih bantuanya,5
sangat membantu,5
Sangat dibutuhkan,3
sangat membantu,5
Insyaallah selalu bahagia,5
Sangat membutuhkan,5
"Kenapa aplikasi ini di oppo k3 diikon menu, tanggalnya tidak muncul ya. Yang muncul angka 31 terus?",5
"ada bug pemberitahuan acara, sudah di set ke 2 hari sebelumnya, beberapa saat kemudian kembali lagi ke semula. dikasus saya kembali ke 30 menit sebelumnya",2
atur ulang aplikasi kalender masih bisa hidup,5
"kebanyakan perbaikan bug, fitur baru tidak ada. seperti sengaja user android di jadikan bagian pengujian aplikasi tanpa pamrih & tanpa di gaji.",1
Sangat membantu,4
"tampilan bagus dan informasi bulanan cukup baik dan akurat , saya suka",5
"gunakan kalender versi pabrik,dan hapus semua sistem tidak di kenal",3
bisa liat tangal dan bulan dengan baik,5
Sangat berguna bagi saya,5
"Adanya Google Calender sy menggunakan sebagai pedoman pengingat Jadwal saya sehari hari, untuk memulai Aktifitas saya sebagai pekerja Lapangan. Terima kasih Google Calender pekerjaan sy jd lebih muda...",5
Ok sangat membantu,5
Sangat membantu sekali,5
Tiap hari pembaharuan terus tp kalender ajh kadang salah ga sesuai sama pemerintah RI,1
Lepas semua yang masih tertaut dan yangasih akfti,5
"Bagus udah ada kalender tambahan (hijriah), tapi untuk tampilan widget bulan hijriahnya salah. Mohon diperbaiki lagi...",3
"Saya suka aplikasi ini, namun sangat disayangkan sejak beberapa hari yang lalu aplikasi ini tidak dapat dibuka di hp saya (infinix smart 4).",5
"Bagus, lengkap sekali penanggalannya, saran saya tambahkan juga penanggalan Jawa, karena Google translate aja sudah ada jawa.",4
kalender di hp sanggat bagus,5
Sangat berguna dan canggih,5
sangat membantu klu mau lihat tgl dan hari,4
bagus banget aplikasi ini.luar biasa,5
"Tolong dong perbaiki jadwal untuk setiap hari nya, karena waktu kegiatan yang telah dibuat selalu berubah ubah.",2
Wah emang google kalender sangat bagus jadi aku selalu banyak tugas tapi kok tanda tugas nya gak ada lagi. gue kan baru updete ni jadi gimana?,4
"Aku suka banget kalender Google ini gmbr, animasi, berwarna-warni, aku melihatnya gak bosan, menarik",5
Aplikasi yang sangat bermanfaat Bukan hanya melihat tanggal tapi kita dapat menjadwalkan kegiatan kita juga very good,5
Informasi mengenai hari dan tanggal afdet setiap hari.,5
"Parah!!! masa buat pengingat untuk tahun2 selanjutnya, di bulan dan tanggal yg sama, malah pindah ke bulan yg berbeda.",1
ketentuan dalam penggunaan belum di ketahui secara pasti di aplikasi ini namin saya masih berharap banyak dari google kalender untuk.perkembangannya.,5
Saya sangat berterimankasih pada google. Kini tak perlu pena dan agenda yang berat untuk di bawa kemana mana sebagai pencatat janji dan acara,5
"Google Kalender adalah alat yang sangat berguna bagi mereka yang ingin mengatur dan mengelola waktu mereka dengan efisien. Dengan kemampuan sinkronisasi multi-platform dan integrasi dengan ekosistem Google, ini adalah alat yang sangat kuat untuk mengatur jadwal, mengelola tugas, dan menjaga produktivitas.",5
"Aplikasi ini makin mengembang makin bagus, tapi aku punya saran seperti kalender lainya,Seperti Tahun Hijriyah atau tahun apapun!",5
"Pengalaman saya adalah setiap bertemu dg orang yang kesusahan ekonomi,selalu saya saran kan agar orang tersebut membaca surat Al waqiah setiap habis sholat dhuhur,ashar dan isya masing2 sekali saja serta baca doa surat alam nashro 41x setelah sholat subuh,ternyata setelah 1 Minggu orang tersebut sudah banyak kemajuan di bidang ekonomi keuangan nya .Alhamdulillah saya bisa ber bagi ilmu pengetahuan agama kepada orang yang kurang mampu",5
"Bisa ngk ya min,kalau kalender nya diberi gambar hidup biar lebih mantap di google kalender,ini saya langsung beri bintang 5...karena google sangat membantu ke pelanggan( konsumen)",4
Kalender menarik yang dapat membantu kita untuk mengetahui berbagai macam hari besar dan juga aktivitas yang akan kita lakukan dapat terkontrol dengan baik cuma sayangnya tidak ada notifikasi yang dapat membantu kita ingat.,4
"tanggal di widget kok suka macet g update tiap hari, misal hari ini tapi yg ditandai bulat2 masih tertinggal hari2 sebelumnya",3
"Aplikasinya bagus dan sangat membantu, kalau bs tolong d tambahkan untuk jadwal ulang tahun dan otomatis berulang setiap tahun",4
"Sudah bagus, akan lebih baik jika tema widget juga dapat berubah menjadi mode gelap. Terimakasih.",4
Aplikasinya sangat membantu ketika kita sedang di jalan dan tidak mengetahui atau akan merencanakan sesuatu cukup buka aplikasi google calendar 👍👍 Terbaiklah Pokoknya 👍,5
Bagus aplikasinya,5
Kita bisa melihat nama nama hari dan bulan di kalender ini 📅,5
"Hebat,pembuat aplikasi nya mohon di tingkatkan lagi,mungkin kedepan nya bisa di tarok foto tntang moments",5
Terbaik dan kealitas dalam manajement. Dan aplikator sistem ter dekteksi aman,5
"Sudah save jadwal disini, tapi ga pernah muncul notifikasi sekalipun sudah diaktifkan.",1
"Makyuss aplikasi verry good, banyak mbantu sekali dalam setiap aktivitas yang ada.....ayo terus tingkat google biar makin kece aplikasinya....",5
sangat membantu kita,4
"sudah bagus, tambahkan pomodoro mode untuk agenda bekerja dan belajar.",3
"Tidak bisa dibuka, selalu kembali ke menu awal.. Updatenya lemot banget..",1
"sangat membantu, tapi tolong di tingkatkan klox bisa ada menu penginggat ulang tahun",3
tampilannya sangat tidak jelas.. harusnya ditampilkan satu bulan sendiri2.. jangan disambung.. bikin kesel pusing marah jengkel,1
"Ngacak pengingatnta, misal udah diset pengingat tangal sekian, pas dibuka lagi malah ganti tangal sekian, ngebug, misal pengingat udah keleeat malah nanti muncul ditangal depannya lagi",2
"Aplikasinya selain kalender juga bisa untuk mengatur jadwal harian saya, sangat oke",5
"Aplikasi kalender ini cukup baik dari kemudahan yang diberikan sangat membantu untuk mengingatkan jadwal acara atau hari peringatan, yang tepat",5
Aman kan Aplikasi Google kalender saya agar tidak ada yang masuk dalam Aplikasi Google kalender saya yang menirukan aplikasi mencuri email saya,5
"Adanya aplikasi ini, bisa mengatur jadwal bertemu ataupun mencatat hari ulang tahun kepada seseorang yang spesial.",5
"Sering iklan"" aplikasi muncul di kalender. Sangat meresahkan tolong bisa di saring",1
"Bagus, karena kita bisa edit acara, dan menambahkan kalender alternatif, seperti kalender arab",5
Sekarang di android 11 google kalender banyak spamnya dan banyak iklan yang gk jls. tolong di perbaiki demi kenyamanan bersama.🙏,1
tolong di kasih tanggalan jawa dan mahesi nya biar lengkap seperti kalender cetak dan warna tanggal nya warna warni yaa biar lebih jelas. nanti saya kasih 5 bintang kalau di update lengkap. terimakasih,2
Entah kebetulan atau gak. Tgl merah hijriah udah lama di aplikasi ini 11 Agustus dan akhirnya di dunia nyata yg awalnya 10 Agustus jadi beneran di buat tanggal 11 Agustus.,5
"Andai bisa di hapus, aplikasi ini pasti akan saya hapus. Tampilan kurang ringkas. Harusnya seperti kalender pada umumnya",1
Setelah di Update yg terbaru parah kaga bisa di tampilkan di layar poko nyah sangat jlek dan buruk tolong di perbaiki lagi,1
"Dengan alat digittal yang canggih dan modern semua ada diapplikasi alat pengguna selular, semua sudah ada .",5
Padahal app ini sudah sy uninstall tapi selalu ke instal otomatis lagi. Tolong gimana cara mengatasinya.,1
"Kalender tidak bisa dibuka, dan klo dibuka selalu muncul klo kalender non aktif gmn ini sihhhh!!!!!",1
Google Kalender saat membantu dalam membuat jadwal kegiatan² pribadi & kantor. Google Kalender sering di pake daripada aplikasi² serupa lainnya. terbaik 👍🏻,5
mohon agar bisa melihat semua acara dari bulan ataupun tahun sebelumnya dalam satu tampilan agar tidak perlu banyak geser karena bulan atau tahun yang sudah lama...,3
Sangat membantu dan fitur y pun sangat mudah dimengerti kedepanya makin bagus untuk aplikasinya y,5
tolong tambahkan tampilan kalender hijriyah dan jawa. sebagaimana tampilan dan fungsi kalender di indonesia pada umumnya. google bisa donk.,4
"Jelek bangat, gk ada tampilan tahunan.... Hanya bulanan, terus latarnya monoton bangat..... Tolong di perbaiki",1
"Fitur lompat/loncat tanggalnya belum ada. Contoh, loncat ke tanggal 12/11/2001 Contoh, loncat ke tanggal 12/11/2039 Fitur ini belum ada. Hallo... apakah ini sesuai yang mustahil? Aplikasi disebelah ada loh fitur seperti ini.",3
Selalu tetap mendapat dukungan otomatis tersinkronisasi dalam multi akun laman grup privacy family Javalawyee 69 ini yang berkelanjutan sangat memuaskan.,5
"Aplikasi yang sangat membantu,bisa jadi pengingat jadwal meeting dan janji dengan orang² terdekat Best aplikasi..",5
Jadi jika ada salah nya yang gw cuman ada yang tau tempat ini merupakan penelitian dan pengabdian masyarakat untuk melakukan sesuatu dengan kakak o ini juga dapat membantu Anda dalam posisi duduk yang benar untuk kakak aku tak bisa berbuat baik dan benar sesuai kebutuhan dan bapaku untuk membuat suatu apa saja untuk mengurut payudara wanita terlama dan bapaku untuk mendapatkan penawaran ini gratis dan mudah digunakan selama dua hari kemudian gw ga bisa gan kalo ngikutin gaya yang lebih besar dar,2
Kenapa di saya kalander saya tidak bisa di buka setiap kali saya pencet apk kalender nya kebuka tapi tiba² langsung keluar seperti saya di keluar kan secara paksa,1
Kenapa ya kok kalender saya tidak bisa dibuka waktu di buka di halaman awal suruh geser sudah di geser langsung keluar sendiri...,1
"Bagus sekali aplikasinya, tapi Tolong google acara seperti hari raya dan hari libur tidak muncul di widget, mungkin lagi ada error kah? Semoga cepat diperbaiki",5
Sudah sangat baik untuk bisa menjadi pengingat di tanggal penting.. Hanya perlu perawatan untuk memperbaiki bug,5
"Google kalender sangat membantu meng agenda kan kegiatan yang ingin kita lakukan, terima kasih Google kalender apk nya bagus.",5
"Saya Sangat Puas Dengan Aplikasi Ini, Saya Tidak Akan Bisa Mengetahui Hari Tanggal Dan Tahun Tanpa Kalender, Terima Kasih Atas Developer Pembuat Kalender Ini.",5
"notifikasi atau alarm tidak berfungsi pada event yang di buat, penggunaan di asus zenfone max pro 1",2
"Berguna banget,,bisa ngatur jadwal dan bisa juga atur buat ngingetin kita jgn sampe lupa jadwal,,bisa juga nulis catatan di tiap tanggal tertentu,,pokonnya the best😊",5
"mb nya lebih besar dibanding kalender yg lain dan fungsinya cuma ngasih tau aja sekarang tuh tngl berapa,,,kita kan nyarinya kalo misalkan tngl sekian hari apa,minggu apa ??pake otak kalo bikin apl",1
Bagus tanpilanya dan kalau bisa tambahin fitur tampilan full satu tahun.,5
"Coba untuk app task disatukan dengan Calendar, seperti pada google calendar versi desktop",3
perbaiki tampilan agar lebih mudah akses dan berkesan dan seperti kalender pada umumnya ditunngu pembaruannya,4
Terlalu banyak aplikasi yang harus dihapuskan padahal penting buatku Enggak usah kalender gak masalah bisa lihat almanak dinding bro !,1
Kalendernya gk jalan Padahal d stelan kalendernya udah cocok tp yg buat layar depan gk berubah gk bisa d setel,2
Karena sangat membantu saya yg ingin tahu bagaimana rasanya menjadi lebih mudah untuk digunakan sebagai alat bantu untuk melihat lebih jelas mengenai hal ini fajriadi suaminya misa saya titip salam sukses buat para wanita yang menanti keluarga kecil bahagia.,5
Sangat diperlukan sekali dan selalu kami gunakan mengalahkan kalender meja !,5
"Perhitungan bulan hijrah berbeda 1 hari dengan versi pemerintah Indonesia..🤦 Contoh nya --> Ramadhan di tahun 1445 H / 2024 M, versi pemerintah Indonesia 29 hari. Nah versi Google kalender 30 hari. Di update sama saja tidak berubah..",1
"Buat yg sering lupa, nih google kalender sangat cocok, dan bisa di jadwalkan sesuai yg anda ingin kan agar di ingat kan oleh google kalender, saya juga sangat terbantu oleh google kalender ini",5
"Icon aplikasinya jelek banget, tanggalnya dari dulu tanggal 31 terus, aplikasi kalender lain berubah sesuai tanggal hari itu",1
Aplikasi yg bagus ...bisa sbagai aplikasi pengingat...dikala hari2 penting yg tdk untuk dilupakan...aplikasi bagus lah pokoknya,5
"Saya sangat salut dengan aplikasi ini padahal saya udh nandain semua ulang tahun temen saya eh pas saya liat tulisannya hilang,mohon diperbaiki",1
"sangat membantu, bermanfaat, dan ringan untuk Hp. namun di hp saya (realme c1 entah android versi apa) kok tidak bisa sinkron dengan jadwal yang saya input di web ya? padahal di perangkat lain bisa",3
"Karna aplikasi ini aku jadi tau banyak hal. Contohnya, sapi berkaki empat, kata indonesia berjumlah 9 huruf, uttaran udah tamat, dan banyak hal lagi. Terimakasih aplikasi nothing, telah memberiku banyak pengetahuan😘😘😘",5
"Kenapa setiap ada pembaruan, tampilan kalendernya begitu gitu aja? Kasih bintang satu aja, nanti kalau tampilannya udah berubah baru kasih bintang 5 🙏",1
3 bintang saja. Karena widget kalender ini tidak bisa transparan seperti widget kalender samsung.,3
Very Good 👍👍 Selalu tepat dan pastinya banyak feature yang dapat digunakan untuk Jadwal. Mantap,5
aplikasi catatan menyerupai kalender. tampilan angka kecil banyak area kosong.kotak ular tangga lebih menarik.,2
"bagus sih tapi sayangnya kok sama aja kelihatannya dari screen shot di play store ini..kapan ada fitur barunya,please tambahin baru ya...??",4
Sangat membantu sebagai pengingat dan notifikasinya sangat memudahkan untuk penggunanya,5
"Mitra bukalapak emang keren,saya puas dengan fitur fiturnya,juga respon terhadap komplenan juga cepat",5
Icon apps nya gk gerak sesuai tgl sebagaimana aplikasi2 kalender lainnya. Mohon untk update terbaru bsa diperbarui. Terima kasih,2
Sangat membantu saya memudah kan ingetan catatan dalam melakukan pembayaran. No lemot fitur ya lengkap,5
"Ngatur schedule jam di PC dan Android selalu gk sinkron, nyetel jam 8 pagi dari PC eh di Android malah jam 2 siang, maaf aja saya beralih ke another device kompetitor aplikasi ini🥱",1
"Paling utama sebagai deteksi energi up to detevstelan lokasi menentukan rotasi waktu akselerasi keseimbangan orientasi daya guna keseimbangan stroom, ketika stroom minim android selalu tanggap keadaan batas guna operasi phon TLP 😁Waktu otomat mampu kendalikan adaptasinya dg energi Batrey ketika stroom minim.,",5
Setelah update notifikasi popup semua pengingat tidak keluar. Jadi kalau ada acara sering lupa karena tidak muncul notifikasi,1
"Good apps, membantu mengingatkan ulang tahun teman2. Jadwalnya juga bisa dishare Thankyou❤️",5
"Terimakasih sudah jadi pengingat dan untuk kegiatan sayah... Aplikasi yg bagus sekali, rate bintang 10",5
good luck ya gan ya ya Allah lancarkanlah persalinan normal untuk ibu hamil yang terjadi di daerah masing2 biar cepat dan mudah untuk dilakukan dan tidak bisa absen di piala dunia ini adalah hasil dari proses yang terjadi di daerah masing2 biar,5
"Apk ini sangat berguna saat saya kelupaan tanggal jadi saya bisa liat ke sana dan saya inget kembali, dan kalo saya tarik yg untuk merubah cahaya ada tanggal nya juga, terima kasih ya google sudah membuat saya lebih mudah terima kasih",5
"Sudah bagus, tapi tolong warna pada hari minggu dibuat menjadi merah (atau warna lain), agar mudah dibedakan dengan hari lainnya yang berwarna hitam.",5
Saya sangat mengandalkan aplikasi google kalender untuk mengatur jadwal aktivitas. Trimakasih banyak aplikasi ini sangat membantu,5
Apa yang istimewa dari google kalender? Bahkan tampilannya pun sedikit lebih rumit! Bahkan hp jadul memiliki kalender yang lebih simpel,1
Google kalender.. Cukup seakan selalu selaras dan se irama dengan harapan kita... Harapan kami... Tingkatkan.... Sukses selalu... Google kalender.. Tank you,5
"Dengan aplikasi ini , jadi mudah mengatur jadwal alarm , jadi selalu tepat waktu , dan juga bisa membuat catatan harian Aplikasi super",5
"Entah kenapa di hp ku notifikasi pengingat dan jadwal meeting tidak muncul, sudah beberapa kali saya melewatkan jadwal meeting karena notifikasi tidak muncul",2
Aplikasi calender google yang luar biasa sangat membantu melihat tanggal tepat dan hari raya dan semua.,5
Apps pengingat dengan tepat tidak pernah meleset... Perbaharui terus Google anda & jangan lupa apdet Google Kalender nya...,5
"baru di update 13 juli, skrg sdh minta diupdate lagi,kalai nggak, nggak bs dibuka, apa apaan ini app,sungguh mengecewakan.",1
"Tolong di upgrade agar tampilan tanggal di aplikasi tidak cuma menunjukan 31, tetapi mengikuti tanggal yang berjalan di setiap hari nya ..",2
"Sangat membantu untuk mengingatkan Tgl dan hari Khusus dan Penjadwalan kegiatan kerja. Mantap,,, 👍👍👍",5
"Saya sangat suka dengan apk kalender ini, jadi saya bisa tau, kapan bulan ramadhan, dan kapan bercuti bersama. Terimakasih developer.",5
"Sangat membantu, namun notifikasi tidak pernah muncul saat acara mau dimulai,padahal saya sudah setting notifikasi 1 jam sebelum acara dimulai",3
kalender ini bagus banget untuk melihat tanggal kalo kita lupa bisa melihat kalender wkwkwkwkwkwkwkwkw,5
Gampang memakainya . Byk fitur utk mengingat tanggal2 penting. Tampilan elegan... Sangat bagus,5
"Dari dulu kalender google gak ada peningkatan,,harusnya ada peningkatan,misalnya warna tanggal nya jadi merah ketika hari libur,,atau ada tanda notif di sebelah tanggalnya,,",3
"sayang sekali, fungsi copy paste jadwal nya tidak bisa skali smua. kalau bisa copy paste bakalan gak capek ngulang jadwal ke hari esoknya.",3
"Aplikasi bagus dan berjalan optimal, suka dan bisa mengatur waktu kita, dan nmbah pengingat di hari penting",5
tampilannya bagus... cuma sayang kalender Hijriyah nya belum masuk. semoga kedepan bisa di tambahkan.,4
Aplikasi keren sama seperti kalender di rumah jadi gak perlu lagi menengoknya bisa di apk ini,5
Kalender saya banyak terisi acara2 gk penting dari email & alamat Website yang tidak pernah saya ketahui. Mungkin virus? Tolong segera di atasi agar tidak ada terjadinya kebocoran pengguna android.,2
Update terbaru membuat syncronisasi dengan calender di laptop menjadi bermasalah (tidak update),2
"Bagus dia sekali dia ini kalender sangat membantu buat melihat hari,tanggal,Deng bulan sangat bagus sekali",5
Mohon diperbaiki lagi.kenapa setelah di perbarui tidak ada acara di setiap tanggal tolong di perbarui lagi kalender nya,3
Bagus bangeet...jadi bisa ngatur jadwal ke masa depan untuk segala acara ataupun kepentingan. Thank's google,4
Widget-nya suka loading kalo kita bikin banyak acara di kalender. Mohon diperbaiki,4
Catatan acara dikalender akan dihilang dalam 2 tahun. Sangat disayangkan momen penting kita dihapus google tanpa adanya pemeritahuan!,1
"Sangat cocok buat melakukan aktivitas anda di Google kalender🤓 Yuk, pastikan jaringan anda dengan menggunakan Google kalender🤠",5
"Applikasi dr google yg mudah digunakan, untuk menambahkan jadwal, pengingat kegiatan, cukup detail, user friendly, thq team pengembang",5
"Tolong tambahkan fitur transparansi di mode widget, soalnya menutupi wallpaper",5
"Saran update dong, kalau bisa untuk fitur google task nya warna nya bisa di beda bedain gtu ga satu warna default aja makasih 🙏👍",5
"kalender buatan google aneh..., saking bagusnya jadi aneh menurut saya..., buat yang normal"" saja kenapa...!!",1
"update terus tapi gak ada perubahan, Kembangin lagi untuk widgetnya, kalau bisa di kasih tema,",4
Buat yg klik kalender mlh balik ke menu awal berati hp anda kentang 🤣🤣🤣🤣 masak aplikasi seringan ini bisa bisanya keluar sendiri,5
"Tanggal bukan suatu awam,misal ingin mengetahui hari jadi tanggalan berita yang tidak asing mengenai kalender ..",5
Sangat penting ia betul dengan kalender ini bisa mengingat setiap saat enjoi deh !🤩,5
"Tidak ada manfaatnya, tampil di layar, tapi gk bisa di buka,, admin, tolong perbaiki, thanks",1
"Terlalu mengedepankan agenda, jadi gak bisa liat bentuk kalender yg sebenernya. Dan gak bisa loncat tahun juga",2
Aplikasi ini tidak bisa membaca setiap acara ulang tahun di kontak saya atau adakah pengaturan yang salah sehingga tidak terhubung?,4
"Sudah cukup bagus, namun alangkah lebih baik lagi apabila aplikasi dapat membuka aplikasi lain sesuai kebutuhan yang kita jadwalkan",3
1. Kalender versi Android belum bisa di share ke lainnya 2. Belum bisa berbagi dengan beberapa agenda sekalugus,1
Aplikasi yang bagus. Bisa melihat tanggal dan mengingat peristiwa yang pernah ditulis.,5
"kenapa fitur warna sama sinkron ilang?! saya butuh banget fitur warna buat bedain mapel, pls kenapa fiturnya sekarang jadi dikurangi dan jelek ga kaya judul",1
"terlalu banyak pembaruan yang tidak berkualitas , seminggu bisa sampai 6 kali pembaruan , namanya juga bisnis , mencari laba sebesar-besarnya , dengan cara pungli kouta ,,,",1
Knpa semua agenda saya jd hilang stlah d update? Pengennya gk d update tp gabisa kebuka giliran udh d update malah ilang semua :(,3
"bisa mintak tolong untuk menambahkan kalender Jawa dan Hijrah di aplikasi ini gak..,? soalnya saya orang jawa dan kalender jawa sangan membantu dalam pekerjaan saya sebagai nelayan. mohon untuk segera di tambahkan ya,, terimakasih.",3
"Sangat membantu untuk merencanakan hal-hal penting dan agenda,namun saya masih kurang mengerti,mengapa sudah memilih wilayah negara Indonesia dan hari raya di Indonesia tetapi masih di temukan hari raya/hari peringatan negara lain??? ☹️☹️☹️ Tolong di perbaiki 🙏🏼",4
"Aplikasi kenapa jd tdk bsa dibuka,, Tdk support pd dengan perangkatnya",2
Terlalu bnyak spam dan jika di buka otomatis ke link yg berisi donwnload aplikasi tolong diperbaiki lg,2
Tolong agar icon pack nya diubah seperti aplikasi Google yang baru agar lebih seragam dan bagus.,3
"Produk google yang sangat membantu saya produktif, memudahkan dalam membuat agenda dan reminder. Versi gratis tapi powerfull. Saran, ditambahkan kalender hijriyah🙏",5
"Terkena spam app ini, dibuka malah balik ke menu layar hp.",1
"lumayan simple, sangat bermanfaat dan mudah dioprasikan untuk riwayat editannya 🍻",4
"Kalender itu harus nya di update nya setahun sekali, kurang nyaman sih",5
"Assalamualaikum 🙏🏻 aplikasinya bagus kok 🥰 cuman kurang lengkap gak ada legi , pon , kliwonnya tolong dilengkapi ya 🥰",4
aplikasi kalender sudah bagus tolong dong diupdate lagi bisa menggunakan tema atau wallpaper,4
2 star aja dlu. Apa apaan ini. Di update malah gak bisa.berulang ulang kali.habis kuta update terus tapi gak bisa,2
Akhirnya mode gelap atau dark mode sudah tersedia untuk Google Kalender. Caranya klik garis 3 di pojok kiri atas > Setelan > Umum > Tema > Gelap.,5
"saya suka, tapi saya sarankan tambahkan tema atau sticker2 biar gak terlalu monoton... terimakasih...",4
"Aplikasi yang berjalan dengan bagus dan praktis,semoga Google llc terus berkembang,amiin👍👍👍",5
"Tampilan widget tolong lebih modern lagi, ada mode transparan nya",3
tambah mode gelapnya dong atau bisa di ganti tema untuk kalender. biar ada pilihan lain. biar tidak membosankan,3
bagus sekali,5
Tolong nada dering notifikasi atau pengingat tugas dapat berbunyi walaupun dalam keadaan offline.,2
"Dengan adanya aplikasi ini dapat berguna dan bermanfaat tahu hari, tanggal, bulan dan tahun,,,,,,super mantap,serta kalender mendunia dicantumkan,,🙏🙏🙏🙏🌍🌎🌏",5
"Terimakasih GOOGLE KALENDER walaupun saya punya kalender belasan dirumah, tapi Applikasi ini sangat membantu saya bila kemana² tidak bawah KALENDER.",5
Hi panggil w cila /kiren pendapat gua sih ini apk bikin simpel tinggal klik klik dan nemu tanggal atau bulan yg dicari bisa jadi pengingat juga fiks bintang lima ✨,5
Jadi susah di liat kalender nya terus harus masuk dulu PlayStore baru bisa liat kalender nya jadi ribet aneh,2
"Cuti bersama 2020 kan berubah,, koq aplikasi ini gak update, gak berubah,,",2
"Sangat membantu untuk mengatur rutinitas sehari"" , memanage waktu lebih mudah",5
"Bagus sangat membantu, sayang kalender hari libur, tanggalnya tidak ikut merah. Ditunggu update nya..",4
"Bagus juga app ini. Kalender pengingat hari,bulan 🌙 dan tahun secara elektronik. Sangat memuaskan.",5
berguna karena di hp gk ada kalender. tapi cara nambah acara di Google Kalender gk begitu praktis,3
Aplikasi kalender google yang kami buat selalu diretas oleh orang yang tidak bertanggung jawab. Dan kenapa pihak google terlalu sering membiarkan teroris berkeliaran di semua aplikasi google!!!!,1
"Cukup membantu, tapi susah buat konsistennya. time-table nya tidak menarik.",4
Apa cuma saya aja yg ga nemu Calender Week ( CW )..di google kalender? Kalender microsoft lebih komplit deh,2
"Bagus bgt buat produktifitas, tapi minusnya pas di buka di HP sama PC beda banget, ya agak kecewa gitu",3
"Semoga kedepannya bisa otomatis nyambung dengn google foto tentang acara yang terjadi saat kita menyimpan foto event penting dan bisa mengingat kan kita dikemudian hari tentang peristiwa tersebut, seperti Facebook",4
untuk tampilan tanggal masih sulit di lihat tidak seperti kalender lain,5
Kalendernya sangat jelek gk bisa di edit. Aplikasi tai,1
"Sudahlah tampilannya sederhana, tambah lagi mode gelap. PUAS. Terima kasih, Google. Love you :)",5
Aplikasi ini sangat bagus selain berguna untuk melihat tanggal dapat juga membuat rencana pada tanggal 👍,5
"baru mau nyoba. kelas 12, dan jadwal lagi padat banget. semoga bisa inget banyak hal + lebih teratur lagi!",5
"Tidak ada menu memperingati ulang tahun, Tolong perbaiki, nanti bintang nya naik lagi ;)",2
"setelah diupdate, widget mode gelapnya kenapa ga bisa lagi ya ?",4
"Update lebih fresh dari sebelumnya, bagus buat penginget kalo ada acara-acara yang penting banget👍",4
"Tidak ada opsi untuk memilih tahun, padahal itu sangat penting ketika kita ingin melihat ke masa lalu.",1
"Dgn adanya aplikasi kalender, memudahkan pengguna HP utk melihat jadwal tanggal harian!",5
Kok dari aplikasi kalender nya gak bisa dibuka..tapi lewat playstore bisa buka...gimana ni...ribett bnr...,1
"Aplikasinya sudah bagus, easy to use. tp boleh ga tanggal merahnya di banyakin biar banyak libur nya :'(",4
"Terima kasih buat kalender yang mengingatkan aku untuk selalu dikala ada kepentingan pasti ku tulis & jam alarm pasti berbunyi, 👍👍👍",5
"Setelah di update, google asisten jadi tidak bisa menginfokan agenda di kalender",4
"Kalender kontoI, udh gitu auto download lagi buang buang memori + data buat kalender aneh",1
"Dimana kalender yang biasa, kenapa tidak ada pilihan? Semakin memperbanyak fitur semakin membuat asing pengguna lama",3
sangat bermanfaat untuk mencari tanggalan dan bisa mencatat hari-hari yang penting,5
"Seperti aplikasi kalender biasanya, cuma bisa cloud dari Google sama email",5
"suka ga akurat bikin pengingat di 19 april di buat tiap tahun, ke set nya di bulan 02 agustus setiap tahun.... anehhhh rumit pengaturan nya",2
Mohon untuk menambahkan Kalender Jawa kedalam pilihan kalender alternatif.,3
"Masih bnyk kekurangannya tolong perbaiki dgn bnr jngn hanya update yg tidak penting, tambahkan fitur-fitur yg menarik",1
Oppo F3 tidak bisa dibuka. Hp langsung blank jika dibuka.,1
kalender ini bagus akurat dan bisa melihat hari yg kelewat biarpun udah kelewat satu tahun,5
"kenapa sih makin kesini, hp terbaru malah banyak install aplikasi google, padahal aplikasi bawaan dari merk suatu hp itu jauh lebih bagus loh dan juga ga sering update",4
Soalnya tetap TDK berubah tnglnya ganti aja yg berubah tanggalnya otomatisnya di Indonesia,5
Google kalender makin parah mao di abdet nggak bisa di buka malah kembali ke menu utama,1
Mohon di perbaiki sinkronisasi kan akun saya dengan baik selama ada update terbaru kok malah jdi gini sering lemott,2
"Kak di hp sya kok apk nya gk bisa di buka ya, dan kadang tulisannya kalender telah berhenti, ini kenpa ya? Ho sya infiniz hot 11 s",5
"tolong tambah hari pasaran jawa sxan.biar tambah optimal funsinya kami org jawa bbrp hal sangat memerlukan tanggal pasaran PON,WAGE,KLIWON,LEGI,PAHING.mksih",5
Yang punya app kalender sini suruh ribut sama gw bangsat gara gara kalender gw kagak bisa maen game bangsat emang yang bikin app kalender kontooool ngentod bangsat,1
Untuk menu di tanggalnya coba di tambahi penanggalan jawa seperti pasarannya juga,5
Mantap ni apk bawaan hp gw di os 10 😅 klo os 8 itu beda bukan google kalender....,5
"Agar mudah mlihat,, informasi tgl tgl merah terbaru dan informasi laen.!!",5
"Saya download hanya karena untuk jadwal meeting digoogle meet, semoga befungsi dan tidak bermasalah aplikasi ini.",5
Aku gak bisa lompat ke tahun kebelakang maksudnya aku mau klik menu tahun bukan skrol terlalu jauh capek...,1
"Ga Ngaruh X tanpa Update juga klo sebatas Lihat Almenak Standar aja juga masih oke ,jadi tanpa Update yg banyak makan Kuota disisi lain dikala open kalender dapat lebih cepat tanpa musti update...",1
Dikirain bisa acak tanggal untuk skip login semua game kalo bisa saya kasih bintang ★★★★★,3
"Jaringan bagus tidak lelet, informasi banyak dan cukup membantu",5
Saya lebih senang sama ikon google yang dulu warna biru bukan kaya sekarang lebih terlihat ikonik dan colorful,1
"Ukuran kalender alternatifnya kurang kecil,harusnya di tempatkan di bagin bawah atau pojok kanan atau kiri",5
appsnya udah bagus untuk ngejadwalin tapi kenapa notifikasi di hp saya nggak muncul ya?,5
"kalender google bagus.. tapi sekarang dimanfaatkan oleh orang2 untuk menyebarkan spam, penipuan, karena bisa ada notifikasi langsung",1
Jika memang gak niat atau gak mampu menjafi aplikator transportasi lebih baik di hapus aja... MEMALUKAN DAN MENJENGKELKAN,1
Terima kasih Google Kalender sangat Membantu dalam penjadwalan. Semoga semakin canggih dan keren lagi penambahan performanya,5
Aplikasi kalendernya lebih bagus dari pada kalender bawaan hp gw jelek,5
Klo untuk ini kita bisa mengingat hari hari yg sangat penting di dalam kehidupan dan klo bisa ada tambahan coba ditambah hari - hari pasaran Jawa soalnya banyak orang orang di sekitar kita masih ada yang me Makai nya orang orang tua,5
Saat tgl tak tepat sibuk lah saya mencari otak atik perangkat stelan.Dapat gaby atur kubilang oh kawan jgn melarikan dirimu tetap dijalur ya sayang.,5
gimna cara hapus ini yaa... Sya mw Google kalender yg Resmi... sya tdak pernah mengisi Data2 didalam a sebelumnya...krna memang ga faham.. gimna Cara hapusnya...,1
Lebih bagus lagi jika ditambahkan bulan-bulan islam beserta keterangannya.,4
"tidak bisa menyimpan pengingat untuk kejadian yang tanggalnya sudah lewat, keluar notif bertuliskan "" waktu memulai tugas berulang tidak boleh di masa lalu "" padahal maunyimpen pengingat untuk kejadian kemarin, udah di bilang masa lalu aja baru juga kemarin belum 10 tahun, gimana nih google kok GAK OKE GOOGLE",1
setiap di perbarui saya ga merasa ada perubahan sih tetep sama seperti sebelum di update,4
"Awalnya nyaman, pas udah bikin banyak reminder malah ngilang semua :(. Kechewha.",3
Sangat Membantu Dalam Hal Memperingat atau Menandai Hal Penting Dalam Hidup Kita....,5
"Wow bisa ngatur jadwal... Oh iya buat kalian yg suka game ataupun nonton game di YouTube kalian bisa kunjungi channel ""Piyepie Pemuda""disitu banyak konten game....seru seru lhooo😄😄😄😄yuk subscribe channel dia...",5
"Hai, Developer Google LLC 🫣 Untuk aplikasi Google Kalender. Di tingkatkan lagi untuk performa dan fitur-fitur yang ada di dalam aplikasi 🙏 Terimakasih 🫡",5
saran aja jangan sering update karena bakal memakan ram untuk pengguna hp yg punya ram sedikit,5
DARI AWA AKU HANYA MEMAKAI Smart pon android nggak ada yg lain DAH PENUH HP SAYA . BIM BISA ganti LAPTOP atau conviter. GIMANA supaya HP saya tidak keberatan muatan I Belum bisa beli nih!,4
"Aplikasi ini sangat membantu tidak per susah payah untuk melih kalender dan membuat rencana,.",5
"update trs tp ga ono sing brubah.. malah notif ga muncul, alarm ga bunyi.. tmbhin hari pasaran dong ma tema..",3
Aplikasi google calendar ini sangat bermanfaat bagi saya karena membantu saya melihat tanggal dan hari hari penting saya juga bisa mendai tgl yang penting bagi saya,5
"Sejauh ini oke sih aplikasinya, belum banyak kendalanya. Waktu buat rencana pun juga masih oke, jadi menurutku aplikasi ini berguna buat bikin rencana/acara lainnya.",5
Kecewa bgt sih masa semua data pengingat hilang capek buat ngetik ulang lagi dan ga inget semua nya🥺,1
"masuh kurang mantap,setiap kali mengetik masih lari lari kaya ngejar layangan putus..",3
"UI sangat tidak user friendly, ribet . mau ganti back years saja susah.",1
Semua agenda kerja kini bisa dicatat di aplikasi ini. Cocok sekali utk yg punya pekerjaan/jadwal yg padat setiap harinya.,5
"aplikasi yg cukup berguna, membantu tuk membuat jadwal agenda dalam pekerjaan dan mudah digunakan",5
Mau mencari tanggal di tahun sebelumnya susah. Tidak ada opsi khusus yang dapat dilakukan untuk menuju tanggal yang sya kehendaki,2
Aplikasi ini sangat bagus saya sebagai pengguna aplikasi google kalender sangat terkesan dan fungsionalitasnya,5
"Mantap banget bisa notis kalau ada jadwal acara atau tugas, rekomended lah pokoknya",5
"Aplikasi ini emang paling pas, terintegrasi ke semua layanan google & android..good job",5
aplikasi kalender ini sangat membantu sekali untuk kita yg lupa tanggal bisa langsung liat tanggal lewat aplikasi kalender wkwkwk,5
Aplikasi google calendar sebagai penjadwalan dan agenda yang sangat mendukung untuk dipakai dalam sehari-hari,5
Tolong untuk desainya diubah agar tidak membosankan. Kasih fitu lompat tanggal biar cari tanggalnya cepat,4
Aplikasinya sangat menarik. Kita bisa mengatur jadwal agar kegiatan kita lebih terarah.,5
sepertinya lebih baik yg kalender biasa dari pada google kalender karena menurut saya itu aneh,1
"Sangat mengandalkan kalender ini, buat aktifitas dan kerja saya , dan praktik dgn apk ini",5
"Aplikasi bagus, berguna untuk melihat tanggal dan mengingatkan menentukan hari hari Tanggal waktu jadwal jadwal yang ingin di lakukan",5
"Semenjak pake aplikasi cerdas ini, saya sudah tidak telat lagi ketemu clien, makasih google, Amazing.👍",5
"Aplikasi yang sangat membatu dalam mencatat tanggal tanggal penting, mudah di gunakan nya",5
aplikasi bagus membantu untuk mengigat dan mengatur jadwal kegiatan sehari hari dan mudah digunakan,5
Terimakasih sudah buat aplikasi kalender jadi membuat mudah cukup buka di hp,5
Aplikasi yang sangat bagus memudahkan untuk mengatur aktifitas sesuai jadwal,5
"Tanggal kalender hijeriah nya knpa gk ada pdahal udah di aktifkn, tolong di perbaiki",3
"Sangat membatu sekali untuk kegiatan yang padat serta jadwal yang penting untuk kedepannya, trim's google calender app",5
Bermanfaat untuk sehari-hari dan lebih mudah untuk melakukan pekerjaan dengan ada notifikasi di google kalender,5
"Sangat Bermanfaat untuk teman² yg sering melupakan momen momen berharga, google kalender bisa jadi pengingat",5
"Aplikasih nya mantap mengingat kita untuk aktifitas sehari"" dan memudahkan kita untuk bisa lebih baik",5
"Fitur nya bagus, data tanggal akurat tinggal cek Google kalender, plus hari raya juga lengkap, mantap",5
"Tambahkan ""pergi ke tanggal"" untuk dengan mudah melihat kalender terdahulu.",4
Sangat Bagus dan sangat membantu melihat tanggalan/kalender harian.....👍👍👍👍👍👍 very good,5
"Aplikasi yg berguna, bisa membuat pengingat & alarm utk acara2 penting",5
"Mau nanya min , gimna caranya ya biar muncul tgl merah, dan libur nasional dan cuti bersamanya ?. Soalnya di tampilan apk kalender saya tidak muncul libur nasional & cuti bersamanya terus sama keterangannya juga tidak ada. Note : boleh di jawab sama siapa pun , tks",5
Tolong di tambah agar icon aplikasi dapat berubah sesuai tanggal hari tsb.,5
"Bagus sangat berguna, ada pengingat nya jadi jadwal selalu tepat gaakan lagi ada lupa lupa terimakasih Google Kalender",5
"Tidak bisa menyimpan acara, tolong diperbaiki. Terima kasih",2
Good bosq... bisa menambah efisieni kerja . Tingkatkan lagi kinerjanya tambah manfaat rekomended,5
"Sangat berguna untuk sebagai pengingat,dan membuat bermacam acara yg ingin kita rencanakan..",5
Sangat bagus dan berguna untuk memberikan informasi serta sebagai sarana reminder,5
"Aplikasi terbaik, saya bisa melihat mengatur schedule pada tanggal di aplikasi ini dengan nyaman",5
Mantaap. Sangat mudah digunakan. Rekomendasi untuk teman2 agar download juga app nya.,5
aplikqsi yang bagus untuk melihat tanggal ketika tidak ada kalender dirumah,5
Sangat terbatu sekali dengan google kalender ini pekerjaan saya bisa lebih tertata Mantap 👍,5
Aplikasi ini bagus untuk digunakan dan memudahkan sangat terbantu melihat jadwal penting terimakasih Google kalender,5
"Ini aplikasinya bagus yaaa Mantap,,, kalau ga percaya bisa di download di HP android masing masing ini super aplikasi bagus banget 🥰🥰🥰",5
Akan Lebih baik lagi kalau terdapat perkiraan cuaca pada setiap tanggal selama 2 minggu ke depan dan voting tanggal supaya tidak ribet ribet voting di aplikasi chat,5
"Rekomended banget, bisa nulis catatan acara penting dan update hari libur nasional. Jadwal lebih tertata",5
"Ada apa dgn Google akhir2 ini di hp saya google kalender, Gmail, google chrome, Google Drive di hp android saya selalu minta update minimal 5 hari dan maksimal 6 hari sekali????",1
"Apa apaan kalender angka nya kecil - kecil kaya upil gimana yg mata nya minus,? Wallpaper gk ada...uughh",2
Setiap hp pasti ada aplikasi ini.sngt brguna skli untuk melihat tanggal dan juga untuk menandakan wktu krja kita.,5
ingatkan terus agar aku tidak lupa lagi atas hari bulan tahun dan kenyataan sebenarnya. and berpikir fositip negatip thinking Is oke,1
Saya ingin google kalender jika libur jadi tanggal nya merah . Saya ingin developer mengupdate menjadi seperti itu,5
"Semua hp pasti ada apk ini, sangat berguna buat ngatur jadwal,pengingat membantu pokoknya",5
Dengan Google kalender Saya bisa lihat aktivitas Dengan cepat dan mantap,5
"Coba google kalender buat fitur untuk notifikasi hari-hari besar muncul di layar hp, seperti notif pesan masuk. Misalnya di hari Senin tgl sekian libur/tgl merah karena di tgl itu hari kenaikan Isa Al-Masih gitu. hari tgl dan laporan hari besarnya masuk dan muncul di layar hp. Coba ya min,, Please respond to my request 🙏 Biar saya kasih bintang ⭐⭐⭐⭐⭐",3
"Ini aplikasi kalender bagus deh,lihat tanggal melalui hp,hufffffff.....",5
Kalau bisa kalender ini bisa ada tgl tahun Hijriyah nya biar pada tahu tgl masehi Islam yg paling terupdate di Indonesia 😃,5
mohon dukungannya untuk kalender semoga bersemangat untuk membuat google kalender semakin baik lagi 🙏 terimakasih banyak,5
tambahkan tanggal hijriyah dan jawa untuk menjadikan aplikasi paling sempurna,5
"Shopee tuh berat ,kebanyakan fitur ,mending kita pisah aja jangan saling mengatur...",2
"Sekarang kok ngga ada info hari raya atau hari besar gitu yah seperti tahun kemarin, tolong dong di perbaiki lagi..",2
Tolong di perbaiki kalou minggu atau hari libur dikasih wana merah min itu sanggat membantu di kalender nya. Seperti kalender pada umum nya,3
Jadi susah untuk langsung edit tanggal.jadi ga repot Mesti kelik berulang ulang. Malah untuk cari tahun aja malah error Tolong d perbaiki dan d permudah,3
Mempermudah melihat dan menandai aktifitas kita setiap hari dg gampang,5
aplikasi yg sangat rekomended untuk yg kerja nya dilapangan,5
"Bagus sih,tpi knpa di hlangkan dari aplikasi aku,jdi gak bisa lihat tggl lagi,tolong di tampilkan lgi",5
"Bener"" bagus bangt apalagi kalo ada janji bisa di setting ke alarm jdi gk lupa",5
Knpa bisa download otomatis google Klender.. tolong bantuannya supaya tidak download otomatis lagi,1
Saya baru menyadari aplikasi ini sangat membantu setelah sekian lama saya anggurin..berkat womenwill..big thanks google kalender,5
Untuk yang September ke Oktober 2024 itu kok habis tanggal 12 langsung tanggal 29 hari nya memang sudah urut tapi tanggal nya lompat jauh bangeg,3
Minta tolong ada pengingat ulang tahun juga pakai alarm Minta tolong kalau mau buat pengingat tanggalan lebih di simple kan lagi plus sama ada alarmnya kalau bisa,2
Tolong kalender gue gak bisa dibuka tiba2.. ini kenapa? Mau diperbaharui tapi gak ada pemberitahuan nya,4
Google kalender yang ga bisa di pake offline membuat saya lupa hari dimana saya mengumpulkan tugas saya. Terus saya mau gimana?!?! (Bayangkan jika anda telah mengerjakan 7 tugas pr tapi pas kesekolah gurunya ga ada) (karena udah lewat tanggalnya),1
Sangat susah diatur dan tidak bisa dihapus jadwalkan seperti acara dan tugas!!!!,2
"aplikasi sangat membantu dan pengingat janji pertemuan, kegiatan kerja, jadwal perawatan kendaraan, dll",5
Baguslah buat liat tgl berapa dan kurang lengkap tidak ada tgl jawanya terlalu simpel,5
"Google Kalender:Amplikasi yang seperti selalu menjadi pedoman hari, bulan, Tahun, untuk mengingat masa dan waktu sepanjang masa bersejarah dalam kehidupan di Dunia ini,harapan ku semoga bermanfaat untuk orang dan semuanya di Indonesia utamanya, Aamiiiin ya Robbal alamin,!;+.@",5
Google kalender ini sangat membantu saya ketika saya butuh jadwal kerja. Dan sangat efisien untuk melihat jadwal di kalender. Mantap Pokonya👍,5
ok sangat membantu disaat lupa hari & tgl,4
"Gak bis konek dengan asisten google. Padahal ada agenda, tapi bilangnya tidak ada. Dan sudah di set kalender google",1
tdk usah beli lagi kalender konvensional lebih praktis digital,5
"NGEBUG, malah adanya layar putih dan sekali keluar langsung, gak ada dektiknya",1
Gambar apk kalender disesuaikan dengan tanggal yang ada jangan tanggal 31 karena tidak semua bulan berakhir tanggal ganjil,5
"Lumayan.. bwat ingat"" lupa sih cuma lebih komplit kalender di rumah ada tgl jawa ny.. kliwon,pahing,legi,pon .",5
Membuat saya enggak lupa tanggal,5
"Saya sangat suka sama apk ini saya bisa mengetahui tanggal tanggal yang saya lupa, saya ingat lagi karna lihat apk kalender ini pokoknya bagus",5
"Tampilan kalendernya dibagusin lagi dong, bosan lihatnya, widgetnya juga dibagusin. Kyk widget ios baru keren",1
Sangat membantu saya dalam proses pembelajaran di sekolah,5
Kalau bisa update berikutnya di buat juga kalender Hijriah nya,3
"Bug di pengingat, masa pengingat ngga bisa d hapus pdhl udh lama pengingat ny, tpi muncul trus,",3
Alhamdulillah hasilnya baik,5
"Nah jadi mudah ga usah pake aplikasi yg lain, membantu.. terutama tgl merah Indonesia sudah lengkap 👍🏼",5
Lumayan bermanfaat.,5
"Dimotorola cplus tampilan minggunya tidak berubah,selalu minggu treakhirnya 52 tidak ada minggu 53 nya.",1
Mantap dan berguna,5
Google kalender memberikan data harian setiap impormasi yg terbit serta aqurat.,3
Aplnya sangat relevan luar biasa👍,5
Sangat membantu dalam hal memperingati hari penting.,5
"Saya sudah instal aplikasi ini, saya mau menggunakan drak mode kok gak bisa. Saya kasih bintan 3 dulunya",3
"Assalamualaikum warahmatullahi wa barrakatuh Saran : Tolong kalo bisa dibuatkan tampilan utk penanggalan Hijriyah juga donx min sama Jawa ? Biar lengkap Maturnuwun sanget smg membantu . Kulo nyuwun pangapuntenne sak katah2i pun mbok nmbe enten ketikan huruf abjad/alfabeth yg menyingung npo kurang pas ,cukup sekian dari saya. Wassalamu'alaikum warahmatullahi wa barrakatuh.🙏🏿🙏🏿🙏🏿",4
Berguna dan Bermanfaat. Dipermudahkan dengan fitur2 nya.,5
Sangat baik bosq👍😁,5
Aplikasi kalender ini berisi iklan phising ndak jelas di perangkat Android saya.,1
sangat membantu saya untuk mengatur waktu dan pekerjaan saya lebih teratur dan tertata,5
"Halo google kalender, tlg kalender ini bikin kreatif misale tgl merah angkat ikut merah.. hari libur nasional jg ikut ada keterangan.. app ini kalah sama kalender lainnya..",2
Tolonglah lebih ditingkatkan lagi untuk Android edisi go (semacam diubah ke bentuk lite).,5
Oke oke Mantap Buanguets deh bosss,5
sangat bermanfaat,5
"tampilan jelek.. fitur gak lengkap, mau loncat ke tahun yang lewat aja gak bisa",1
sangat mudah digunakan,5
sangat membantu,4
ga ada tgl merah nya,4
Kenapa susah di perbaharui ya,5
Capek banget terlalu sering di-update atau di upgrade supaya tidak menghabiskan memori internal maupun eksternal ponsel 👎👎👎,1
Saya sangat suka sekali aplikasi ini membuat saya merasa nyaman,5
Aplikasi ini sangat bermanfaat untuk anda yang menggeluti dunia bisnis atau aktifitas lainnya yang memerlukan untuk mengingat agenda kegiatan..,5
"Update dong nih Kalender Google, ngga pro pemerintah apa terkait libur cuti bersama akhir tahun. percuma pake hp tp ngga update, mending pake kalender dinding aja tandain sendiri.",3
lebih mudah melihat tangal gajian,5
aplikasinya sangat membantu. saran tambahan fitur catatan untuk memberi catatan kecil pada hari,5
sangat membantu,5
sangat membantu,5
Aplikasi Kalender yg bagus .... 🇮🇩❤🇮🇩❤🇮🇩,5
"Mantab lah...sudah bagus, plus tema gelap nya saya suka, jadikan device lebih hemat daya",5
Realme gak punya aplikasi kah?,1
Sangat membantu saya,5
Sangat dgn adanya google kalender,5
Agar baik koneksi,5
Kok gak bisa di update,1
kalo boleh kalender nya berwarna,4
membantu untuk mengingat tanggal,5
Jam /tgl google tidak jalan,1
Kerja keras sangat puas,5
jelek di infinix,1
aplikasinya bagus 👍,5
Bagus kami baru mau megunakan kalender gugel semoga kami bisa mengunakan yg lebih baik dari sebelumnyah.,4
Alhamdulillah adanya aplikasi ini bisa terbantu,5
keren jadi inget hari,5
Masih bagus tampilan yang lama...,3
Sangat membantu sekali bagi yg tidak punya kalender dirumah sangat praktis,5
Seratus persen untuk aplikasi ini dgn bintang 🔯🔯🔯🔯🔯 tambah 2 bintang 🌟🌟 dan jadinya 7 bintang 🌟🌟🌟🌟🌟🌟🌟 setujuh oke.,5
"Minta tolong tampilannya di ubah seperti kalender biasa,supay lebih gampang/simpel",4
Bukan kalender yang di khususkan u/ negara Indonesia. jadi tidak pernah saya update. Kurang support u/ orang Indonesia,1
"Lumayan membantu sekali aplikasi untuk menjadwalkan Tanggal,,, tingkatkan kualitas terbaik Google",4
"habis upgrade widget tidak bisa muncul, di downgrade juga tetap tidak bisa tampil widgetnya",3
kalender hari ini terus berusaha...,5
Manta paten asli bagus,5
Tetap tersinkron terhubung sangat aman dan selalu beruntung,5
"Gak ribet lagi cari kalender di dinding rumah, karna ada Google Kalender, thanks google",5
"Payah, to do list gw udh gw set, malah ilang, gw refresh berkali kali kagak muncul trus.",1
"Icon kalender ada di layar, begitu dibuka langsung blank",1
Bagus sangat membantu,5
"Sangat membantu untuk kegiatan dan aktivitas kita, dan bs buat memo kita, dan fitur nya sangat lengkap",5
✯ ✯ ✯ ✯ ✯ ✯ Saya kasih ✯ 6 karena bagus dan cocok menjadwal sesuatu yang penting.thank you Google Kalender,5
mohon bantuanya penampakan di app tidak berubah otomatis tetep di angka 31 mohon ditingkatkan terima kasih,1
Menggulir terasa sendat-sendat. Tolong diperbaiki,4
"Pengingat tidak berfungsi, tidak ada notif pengingat yg muncul di hari jadwal penting",1
Kalender tidak menampilkan tanggal yang sama perhari. Harus membuka aplikasi dahulu.,1
"Aplikasinya selalu update untuk notifikasi pengingat kegiatan,sangat baik",5
Sangat membantu utk menjadwal pekerjaan dalam waktu tertentu. Nice aplikasi,5
Bagus untuk kalender lebih modern dan bisa tau walaupun belum tahun baru datang,5
"Aplikasi ini rekomen untuk mengatur jadwal, sangat baik bagi saya dalam aktivitas padat",5
"gausah maksa babi buat di download, hp saya ini penuh memori. saya mau dw apk lain untuk bikin ATM buat uang kos sehari hari!!!!!",1
Tidak bisa lompat tanggal. Update selanjutnya diharapkan bisa lompat tanggal,3
Terlalu memaksa buat update padahal udah di seting jangan update otomatis,1
"bagus apl ini. setelah update ada tulisan legi paing pon wage Kliwon. sekalian dgn nogo dino nogo sasi nogo tahun, yng menakjubkan setelah pergi ke pasar betul betul ada yg jualan jajan nogosari",5
"Ngga perlu beli kalender cetak lagi, lebih hemat. Terimakasih google.",5
"Lengkap, Intuitif.. cuma Kurang fitur, Penghitung hari..",3
"Dengan Google Kalender saya bisa cek hari Libur Nasional, Cuaca dan lainnya. Terima Kasih.",5
Bagus banget sangat memudah kan kita untuk melihat tanggal setiap hari dan hari liburnya,5
Aplikasinya selalu update jadwal yang kita mau dan selalu ada mode pengingat jadi ndak tertinggal info,5
Aplikasi yang sangat bagus bisa memudahkan kita mengatur jadwal kegiatan kita,5
Terimakasih banyak Google kalender Saya tak tahu apa apa bila engkau tak ada Google kalender Sangat baik,5
Aplikasi nya sangat bagus 👍 udah ngga tau mau ngomong apalagi.. soalnya bagus bngett,5
Sangat membantu dan sangat di butuhkan.trimakasi buat para pengurus apk ini.,5
"Aplikasi ini sangat bagus karena saya slalu mengandalkan kalender kemana pun saya berada,sangat membantu sekalii",5
Keren Dapat memudahkan kita untuk mengingat hari2 penting yg pernah ads 💚😍,5
"Ada yang kurang per tahun ga ada, updated dong biar kalendernya dilihat pertahun🧔🏻",4
Bagus banget dan cocok u/yang tid@k memiliki kalender dirumah,5
"Sangat baik applikasi ini karena di dalam nya terdapat keterangan hari besar keagamaan ,nasional dll",5
"kenapa kalender di hp saya tidak bisa di buka? cuma kaya ngebleng doang hitam, tolong dong di perbaiki ini gimana",2
"Kalender mudah di pahami Setting ulang tahun,dll sangat mudah",5
"Sangat terbantu dengan aplikasi google kalender, jadi jadwalin kegiatan sehari"" ku 😊👍",5
Saya ingat daftar buat diskripsi bisa sinkron mana tau thapus semua.,1
"Aplikasi yang sangat membantu, bisa jadi pengingat jadwal meeting dan janji dengan orang2 terdekat Best aplikasi",5
Cocok untuk anda yang ingin melihat tanggalan atau membuat jadwal acara agar google kalender mengingatkan/memberitahu bahwa anda mempunyai sebuah acara,5
"Bagus kalendernya, google emang terbaik. Bisa melihat tanggal dengan mudah",5
Saya di spam sama link gajelas tolong blokir link tersebut dari kalender saya karena sangat mengganggu. Terimakasih sementara saya kasih 1 kalo udah di perbaiki saya kasih 5 Bintang,1
sangat d butuh kan,5
Aplikasi tidak bagus setiap saya menulis bulan apa romadan atau apa eh malah satu tahun boseeeeeen super duoer,1
"Aplikasi ini keren banget, dan bisa mempermudah untuk melihat tanggal hihi",5
Ada bekas kalender pengingat yang gak bisa dihilangkan contohnya aplikasi Riliv = PC Sync dan mobile legend,1
Kalo bisa di tampilan apps menu tanggalnya bisa sesuai tanggal pada yg jg harinya donk jangan cima 31 trus,5
"Di CLOSE gak bisa,, padahal Mau Update Apk Yang lain jadi terganggu",1
Aplikasi Tanggal Terbaik. Dapat Membuat jadwal tagihan. Ulang tahun Dll. Cocok untuk saya yang suka lupa jadwal,5
"Ternyata Bermanfaat ya aplikasi Google Kalender itu,,,jadi Bisa deh liat tanggal Bulan dan Tahun kalok pas lihat HP...",5
Membantu mengingat acara masa lalu dan kedepannya,5
Aplikasi sangat baik bisa cari inspirasi klau GK tau cri di aplikasi ini,5
Saya sangat mengandalkan google kalender cepat dan mudah pokoknya best aplikasi nya.,5
"Saya terganggu oleh aplikasi INDO TODAY,, karna setiap hari indo today membikin acara di kalender ini,,",1
Aplikasi yang memudahkan kita mengatur dan mengingat jadwal2 kegiatan..,5
kurang buat catatannya tp unik tepat waktu dan setia bgt,5
Sangat membantu,5
"R segala rasa yang ce,, suaranya ZTE d soalnya deg gede di b. H&set cung",2
tetap kasih yang terbaik👏👏👏,5
Cukup membantu,3
lebih lagi lebih baik lolos seleksi lebih dari 😄olahraga ololahraga lo,5
"Optimalkan lgi..lyaknya sperti kalender di rmah,,,kyaknya ada yg krang soalnya?",3
enak bisa mengenal dan melihat tanggal dan bulan kalau tidak punya kalender...,3
"sangat membantu melihat tanggal pada bulan itu, 🙏",5
Adanya kalender ini bisa merencanakan segala sesuatu dengan tepat dan sangat membantu kami dalam mengerjakan sesuatu,5
"Ribet, nyari hari atau tanggal yang diinginkan tidak bisa dipencarian, musti slide satu satu, ngabisin waktu",1
Dengan aplikasi ini saya bisa mengelola waktu saya dengan lebih baik dan terarah.. Terimakasih!,5
Aplikasi nya sangat membantu untuk bisa tau kapan saja tgl merah selain hadi ahad/Minggu,5
agak berguna,3
Sangat menarik,5
"sangat membantu dalam melihat waktu dan tanggal,sangat efisien dan anti ribet",5
Error di dunia ini adalah laporan dari jam 10 aja gan kalo ada yang bisa kita lihat di sini yg di atas meja tapi aku tidak hanya pandai dan rajin belajar dari rumah gua dan Farah Quinn ia juga tidak hanya itu saja nanti gua kabarin ya gan kalo mau sabar nunggu buat para wanita di rumah ane Sabtu di minggu depan gua baru bangun ini adalah alat untuk mengukur kemampuan memperluas wawasan dan ilmu pengetahuan yang relatif singkat di luar rumah sekarang sudah di depan adek gua mulu tapi aku tidak...,5
Gw ga minta di unduh ke unduh sendiri udah tau hp gw kentang ram nya kecil malah ngunduh sendiri,1
sangat bagus kalendernya bisa mempermudah kita liat tanggal dan bulan,1
"Kenapa tampilan tanggal nya ga otomatis berubah, kok 31 doang?? Seharusnya sesuai tanggalnya donggg. Jdi kurang keren",2
Sangat mudah dan membantu. Kalo bisa di tambah kalender lunar cina,5
Ini aplikasi..kalau bisa mengakses di semua aflikasi modegelap.baru aku beri bintang 5.jd aku coba dulu,1
"Akun jadi tidak pribadi (Privacy terganggu),namun Auto Update tidak terjadi",3
"Google kalender setia selalu memberi tanggal bulan dan tahun mantap,semoga sukses selalu",5
"tolong jangan kaku, sesuaikan dengan negara saya , warna, Hari libur nasional, dan ada bahasa jawa, arab, dan",1
Tolong di perbaiki,3
"Tidak private, jangan dibuat semua nya terintegrasi, data menjadi tidak private",1
Lebih praktis dari kalender biasanya dan mengenal hari-hari besar/libur.,5
Google kalender sangat bermanfaat sekali utk mengecek dan mengingat ttg daftar dan jadwal penting seperti sidang di pengadilan dan kuliah,5
"Bagus, kalender lengkap memuat hari libur, cuti bersama dan bisa diisi kegiatan lainnya.",5
Di lockscreen tgl sm hri bener pas buka kalender beda sm yg ada di lockscreen aneh bgt,1
Bagus apknya bisa melihat kalender dengan sangat jelas 😃👍,5
aplikasi ini udah bagus. oke tapi alangkah biknya di perbaiki lagi.trimakasih,3
Tema widgetnya harusnya juga di buat dark mod dong biar keren,4
"Bagus sekali, bisa digunakan sbagai notice untuk pelaksanaan jadwal kegiatan kita masing2",5
Kurang akurat dan apakah fungsinya hanya buat lihat kalender dan jaduwal saja,2
"biar bintang yg br bicara,",5
Mantap.. Lengkap jadi tidak lupa dengan agenda yg direncanakan dengan aplikasi ini,5
Semakin mudah menandai hari penting dan mencatat agenda dengan app ini,5
"kalender di hp ku sering fc sendiri,app tidak merespon begitu notif nya,padahal biasanya normal2 aja.",1
Harus mode On data baru bisa buka kalender harusnya ni hp ada kalender Offline nya ini tidak ada pulak Kejadian Di Vivo V20,1
"Cepat dan muda di gunakan untuk komunikasi, terima kasi WhatsApp",5
"Ribet digunakan, lebih suka calendar bawaan MIUI yg lebih simpel",1
Langkah dan aktifitasku sehari-hari slalu melihat dan mengingat kalender,1
Gk ada tahunnya pusing banget. Bacanya gimana,1
Lumayan baguss tapi tetep aq kasihh bintang full... Sukses selalu yea buat yg bikin aplikasi ini... 🤗🤗,5
"Dengan adanya kalender di hp bisa untuk mencatat agenda kegiatan, jadi tidak lupa sangat membantu",5
"Untuk Saat ini masih sangat luar biasa, mohon ditambahkan lagi untuk tampilan tanggal merah dan hal penting lainnya. Terima kasih",5
Mohon untuk kalender google untuk notifikasi acara /agenda bisa di kasih nada dering full durasi panjang,3
Dulu saya simpan kenangan harian dibuku. Dan sekarang pakai kaliender ini.,5
Ini punya gw yang salah apa bagaimana ya kok ikon aplikasinya lebih gede sendiri daripada ikon google biasa,1
"tips cepat kaya 1.bangun jam 6, hbs itu mandi, makan nasi putih lauk tempe / tahu 2.stars kerja jam 7, ga perlu karyawan, online, packing barang sendiri 3.jam 12 istirahat, minum energen biar hemat 4.start kerja jam 1siang sampai jam 7malam (tetap klo online, packing dan kirim sendiri) 5.jam 7malam, makan nasi putih lauk tempe dan tahu, 6.jam 8malam, susun dan pasang iklan di onlineshop ampe jam 12malam 7.lanjut lagi tahap 1 sampai selesai dalam satu tahun pasti........... pasti......pasti mati",5
agar lebih menarik ad gmbar lucuny donk😘😍,5
Kurang memuaskan dengan kebijakan aplikasi,1
Kalender google memang bagus,5
Banyak sekarang percaya sama google jangan sampai aplikasi ini membuat kecewa,2
cukup bagus aplikasinya.,5
Baru jg dininstal kmarin dah minta update.. 🤧🤧,1
"Mengetahui hari,waktu,tgl ygberlangsung",5
Tidak bisa di pergunakan apk nya..Tolong di perbaiki..terima kasih,1
Bagus bisa di buka dan aman,5
Sangat bermanfaat dan berguna,5
Mohon ubah tampilan kalender bulanan.. krn terlihat kurang menarik,2
Bagus aplikasinya google kalender,5
Lambat loading nya,2
Sangat bagus digunakan di HP saya,5
Mantap untuk melihat tgl dan jadwal hari libur dll,5
Aplikasi nya bagus sangat membantu,5
Sedikit membantu saya untuk mengingat hari besar,4
semoga di bulan nov menjadi lebih baik lg,5
Kurang detai ketera Ngan di masing masing tanggal,5
Perlunya dilakukan peningkatan kualitas,4
"tolong hari di bulan sebelumnya di samarkan jika ngikut halaman bulan baru,sangat membingungkan kalau begini",2
bagus dan tetap jelas,5
aplikasi ini nggak terlalu penting bagiku,2
Perfect semoga selalu menghadirkan nuansa baru,5
Berguna kalo nga ada kalender di rumah,5
keren ajaLah pokok nya mah....,5
Kklenapa di hp saya gk bisa di updet,1
berguna untuk cek hari tanggal tahun,5
Bagus sekali pak semoga saya cepat menikah dengan alpi klumpet,5
Sangat bermanfaat aplikasi ini 👍👍👍,5
SAYA SUKA SAMA APLIKASI INI DAN SERU 😇😇😇😇😇,5
Sangat bagus dan luar biasa,5
Makasih swmoga beemannfat google kalendee semangat smoga jaya selalu,4
"Kenapa jika diklik kalender, tidak muncul, malah blank",3
sangat cocok digunakan untuk saya,5
Wah sangat sulit dipahami mantap google baru pertama ini aplikasi yg kamu buat tidak mudah di pahami,2
"Heran kenapa saya menandai tanggal ulang tahun teman saya di bulan september tapi notifikasi tersebut selalu muncul setiap bulan ,sampe saya salah ngucapin 3x ,bikin malu",2
Sangat membantu top lah,5
sangat membantu pada aktifitas saya,5
Sangat bagus dan istimewa,5
masih lebih baik versi sebelumnya,1
Bagus buat nge catat kegiatan seharian sehingga lebih disiplin dan gak lupa,5
Sangat baik dan membntu,5
Aplikasi ini untuk mengatur tanggal secara otomatis setiap hari dan penting untuk mendownload aplikasi lain,4
Keren... Sangat membantu... 🙏,5
coba buat inovasi baru biar terkesan tanpilanNya kalender.,5
Ko gk bisa diperbahauri...,4
Jelek sekali kalendernya apa salahnya klo tanggal itu di susun rapi Contoh S. S R K J. S M 1. 2. 3. 4. 5. 6. 7 8. 9. 10. 11. 12. 13. 14 15. 16. 17. 18. 19. 20. 21 22. 23. 24. 25. 26. 27. 28 29. 30. 31. SAYA MOHON KLO BUAT KALENDER MACAM BEGINI YA 🙏🙏🙏 jangan ribet,1
Kenapa sekarang tidak ada tampilan satu tahun penuh,2
Sangatlah penting luar biasa,5
Dengan adanya Google kalender saya terbantu sekali bisa mengatur jadwal dengan benar,5
jempol h cantik di bh banyak. by,5
terimakasih Google kalender,5
Semoga kedepannya bisa split screen di android versi go 🙏🙏🙏,5
benar benar membuat saya senang sekian terimakasih,5
mantabb sangat Membantu...,5
mudah dlm pengingat hari spesial,5
tolong berikan saya pulsa gratis,5
luar biasa membantu,5
"terima kasih,,banyak membantu saya",5
sangat membantu sekali,5
Sangat membantu sekali,5
sangat membantu sekali,5
Mantap ini aplikasi.memang Google terlalu banyak kerjaan.update terus-menerus.,5
"For deplover, Saya harap google calendar lebih fress lagi dengan multi Colour 3D themes..",1
aplikasi yang keren buat cari tgl waktu yg pas buat ngadain acara,5
"Ada spam spam aneh di acara kalender saya setiap jam, dan saya sangat terganggu.",1
Wow aplikasi ini luar biasa dan keren dan canggih sekali aku suka banget sama aplikasi nya........,5
"Tidak terbiasa dengan ""kalender"" seperti di aplikasi ini.",2
Akan lebih bagus lagi apabila terdapat pencarian tanggal dalam aplikasinya .,3
"Sangat membantu dalam mengagendakan acara , good app❤️",5
Alhamdulillah sangat membantu,5
sangat membantu sekali,5
boleh lah bisa ngbantu,5
tolong ditambah Keterangan hari² libur🙏,5
"ko tidak ada tandanya bila har ibesar,tolong di perbaiki dong.biar tau ,di kalendernya warnya hitam semua dan tambahin imojinya",2
Tolong tambahkan juga tanggal kalender hijriyah supaya lebih mempermudah umat muslim,4
Alhamdulilah ini membantu saya dalam mengatur jadwal,5
sangat membantu,5
aplikasi apa an ini biasa banget gaya bawaan ( target root bersama aplikasi cuaca ) prettt!!!!,1
Ini kenapa selalu muncul notifikasi virus ? Payah banget sekelas Google bikin spam,1
Cara menampilkan kalender di hp kok ga bisa udah di update malah ga muncul di layar utama,1
"Aplikasinya comel, tanggalannya bisa dikasih warna warna gitu jadi menarik bagus banget suka",5
Sangat bagus. Tapi alangkah baiknya widget nya di buat seperti IOS dan samsung.,4
Bagus tpi kalender bulan hijriahnya g ad...lw bisa komplitin dong...,4
Aplikasi yang sangat membantu untuk mengatur jadwal sehari2 dan mengingatkan acara2 penting,5
Sudah di update malah ga bisa muncul di layar menu,1
Bagus sekali mantap,5
Peranan google kalender rupanya benar2 penting saling terhubung untuk akun dan verifikasi yang lain,5
Makin canggih dan lengkap penyesuaian memory dan penanggalan,5
Setiap buka kalender ini selalu keluar sendiri,1
Sangat membantu untuk tanggal jam. jadwal Islam.,5
"lumayan bagus, cuman sekarang kurang nya latar belakang gak bisa d ganti dengan foto yg kita mau",4
"Kalo tidak ada aplikasi ini nggak bisa lihat jadwal, tanggalan",5
"Aplikasinya sangat bagus, bermanfaat. membantu setiap agenda kegiatan harian.",5
lebih bagus kalau ditambah tampilan kalende jawa dan arab berikut hari pasarannya,5
"Klo bisa angka yg ada diappnya bisa ngikutin(berubah)sesuai tanggal hari ini juga min,jgn tanggal 31 mulu...🙏🙏🙏🙏",2
"Berikan yg terbaik karnah waktu adalah kehidupan yg di terangkan dalam kalender ,agar menjadi kisah",5
"Terimakasih untuk aplikasi google kalender, sangat membantu dan berguna",5
Sangat baik utk mendapatkan komunikasi informasi kalender,5
Lengkap dgn tgl keterangan untuk tanggal nya dan sangat membantu sekali.. trmksh,5
Google kalender perlu di update besar biar lebih bagus dan raph. Terima kasih.,2
Aplikasi sangat membantu Kita dalam melihat kalender kalender,5
"blm maksimal, masih lelet-lelet krn jaringan,",3
Sangat membantu sebagai pengingat hari-hari penting,5
Tampilan untuk tanggal di bulan masehi nya kurang gede dan tebal.,2
Mantap Google Kalender,5
Aplikasi Kalender yang sangat baik untuk membantu sinkronanisi Akun dan Aplikasi yang lainnya.,5
"Tambahkan jadwal Sholat sesuai lokasi dong, agar lebih membantu teman-teman kita dari orang-orang Islam. Terimakasih.",5
"Bagus apknya membantu banget kalau ada jadwal"" Kegiatan bisa di buatkan pengingat pula",5
Aplikasi yang sangat membantuuu 👍 dimana kita bisa membuat cacatan untuk kegiatan yg akan datang,5
Aplikasinya bagus dapat membantu saya membuat pengingat acara dengan mudah,5
"Aplikasi bagus, selalu jadi pengingat schedule dan lainnya",5
"Tolong di perbaiki . Saya udah nulis jadwal dalam sebulan, besoknya ilang seperti ditelan bumi . Nulis lg ilang lg, sampe2 saya lupa tugas yg akan datang .",1
Menghitung waktu dengan google kalender dan tidak akan mungkin lupa waktu atau salah.,2
Sangat membantu sekali untuk mengingat apa yang udah kita lakukan dngan adanya Google Kalender,5
Terimakasih google atas fitur nya kalender banyak membantu dalam remender kegiatan,5
Sangat membantu...fiturnya mudah dan saat berguna,5
"Baca pemberitahuan kalau fitur ""tujuan"" bakal dihapus. Padahal ini fitur paling berguna buat saya.",1
"Tidak bisa langsung lompat ke tahun yg kita mau, tidak ada kolom untuk memilih tahun.",1
Google kalender pun juga harus bareng data baru bisa ikutan dengan catatan,5
"bagus saya suka.tpi tolong dikasih pasaran jowo ada wage,kliwon,pahing ya sukses selalu.",5
baik dan jelas,5
Mohon dibuatkan tampilan per bulan seperti kalender pada umumnya. Dan tanggal merah setiap hari Minggu.,2
ini gimana caranya sync dengan wunderlist kok gak bisa2,3
Perlu kan juga,5
"Google kalender sangat membantu aku untuk mengatur jadwal kerja,kuliah dan tugas lain. Semangat google selalu lebih maju",5
"Tidak seperti Lenovo A2010 , kalender cuma membingungkan.",1
Semoga update selanjutnya ada widget transparannya... 👍🏻,4
"kagak bisa langsung pilih tahun, harus slide satu-satu ribet 👎👎👎",2
tampilan widget kalendernya kurang keren. perbaiki.,3
"Tingkatkan lagi peforma nya, jangan kendor, rekomendasi di download",5
Untuk Develover Tolong Atasi Saya Ke Spam Virus Kalender Banyak Sekali Tolong Bantuanya Agar Spam Dari Virus Ini Berhenti,1
Kenapa task yang aku buat gak muncul notif? Alhasil aku telat ngumpulin buku Mohon di fix google Kalender,1
"Tlng diupgrade dong biar tampilan tgl nya tdk 31 mlulu tp sesuai tgl, trimksh...",2
Dengan ada nya. Akun Google kalender ini saya bisa tau dan selalu ingat.Apa yg saya kerjakan nya. Terima kasih,5
"Ribet, tidak simpel, tidak menarik, dan tidak jelas seperti kalender dinding 😂😂",1
Seandainya kalender ini lengkap dengan penanggalan Hijriyah yang akurat,4
"Coba ada kalender Hijriyah nya, pasti mantap. Kalo perlu hari jawanya juga👍👍",3
Terimakasih PT. Tokopedia Selalu puas dengan layanan baik Jualan jual beli sangat memuasakan untuk bertransaksi👍👍,5
Biasanya lancar Sekarang s.d. tgl ini belum bisa muncul di layar hp.,4
Saya menyukai Google kalender agar dpt membantu saya mengatahui waktu dan kapan saya ber aktivitas,5
"Tdk ada tampilan kalender utuh,sulit utk mengetahui tgl 1 hr apa di setiap bulannya.",3
"tidak bisa terbuka, padahal awalnya baik-baik saja. Tapi sekarang tiba-tiba gabisa dibuka",1
Kenapa kalendernya sy jadi besar sekali nga biasanya begini tolong bgai mana carnya ngasi kembali seper smulaaaaa,1
"Belum menggunakan google kalender secara kontinyu, pengalaman masih kurang.",5
update an terbaru logo nya gede banget di layar wkwkwkek kenapa kok sekarang sering banget buat di update ya??,5
Masih bercampur-aduk pada tanggal merah (hari raya keagamaan maupun hari peringatan nasional). Padahal kalender sudah di setting ke negara INDONESIA...tapi kenapa jatuh pada hari yang berbeda. Apakah Google tidak tahu Kalender di INDONESIA????,5
Bagus dan mengoptimalkan keseharian kita dlm aktivitas,5
"Tampilan perlu di update dengan kalender jawa dan Hijriah, terima kasih",2
Aplikasinya keren banget memudahkan saya mencatat jadwal kegiatan sehari sehari dengan mudah.,5
Untuk notifikasi acara masih sering tdk muncul,2
"Baik,, tpi klo bikin alarm gmna y? Koq gk nyala klo pas ad jadwal!",5
"Aplikasinya bagus banget,sangat memudahkan pengguna untuk mengingatkan segala catatan keperluan",5
Sudah baik. Tapi alangkah baiknya google kalender memperbaiki lagi dengan mengadakan tanggal merahnya,4
kalo bisa ada pengaturan utk ubah ke kalender Hijriyah,4
Sangat luar biasa,5
oke bagus kalau bisa tutorial secara merata biar pd bisa makenya.,4
Sangat Menarik,5
Baru mau mulai nyoba pakai aplikasi ini..smg bisa konsisten melaksanakan jadwalnya,5
Assalammualaikum warahmatullahi wabarokatuh terimakasih kak Google kalender nya bagus banget kak🙏🙏🙏😀😃😄,5
Mantap aman keren,5
bagus sekali,5
"Aplikasi bawaan yang sangat berguna sebagai pengingat hari hari, aplikasi ini sangat berguna bagi orang orang yang menghargai hidup ... good",4
Mengapa Sortcut angka tidak bergerak setiap perpindahan hari.,3
Sayangnya hal mendasar seperti hari besar Islam dan hari-hari lain nasional/internasional tidak lengkap.,2
Kalender ini berbeda dengan yang lain karna kalender ini tuh ada peringatan tanggal merahnya jadi seperti hari raya hari libur dan intinya kalender ini tuh bagus banget 😘😘,5
layanan nya masih tetap bagus terimakasih,5
"Setiap kali diupgrade, pasti yg udah dijadwalkan selalu hilang 👎",1
"Tampilannya kurang menarik, tidak nyaman dilihatnya.",3
"Kalender ala kadarnya, sering error. Cukup bayar pakai bintang 2.",2
Kalau bisa ada notifikasi automatis ditiap tanggal tertentu.. Contoh seperti hari Proklamasi,4
Bagus untuk mengingatkan kita dan bisa muncul di layar utama,5
Aplikasinya bagus memudahkan saya untuk mengatur jadwal pekerjaan ataupun yang lainnya,5
Bagiku kalender sangat penting,5
"Selain acara dan tugas, tambahin juga rutinitas dong.",5
Sangat menarik,5
semoga tetap yang terbaik,5
Berharap google kalender bisa hadirkan notifikasi acara & tugas pada whatsapp juga.,5
"VERY GOOD,aplikasi geogle kalender ini membantu jadwal saya bekerja",5
Baru Aja update minta di update lagi...setelah update gitu gitu aja gak ada yang berubah,1
"@ Lamtiar.... Sama hpku oppo Klik goggle kalendar, malah balik ke layar Baru bisa buka lewat playstore",3
Permudahkan penghidupan sesama agar dipermudah pula perjalanan diri dan keluarga,5
"jele' ga bisa di custom anjg, sngt membosankan bgt.. setidakny tambahin fitur ""mode gelap"" kek-_-",1
"Calender google ini sangat membantu dalam peningkatan update,semua aplikasiku,maka nya aku kasih bintang 5.",5
"Sangat membantu dlm sehari hari untuk mengingat tugas,acara dll",5
"Aplikasi kalender bgus,lbih disamain aj dngn kalender yg aslinya",4
"Bermanfaat, sudah dilengkapi dengan hari libur dan cuti bersama",4
kenapa sering kelar sendiri ya di hp asus zenfone maxpro m2. ada bug kah?,3
Aplikasinya sering tambah gede sendiri gajelas banget katanya harus update udh ku update tapi gabisa gajelas banget,1
"kalender paling mbulet dan bodoh, INTINYA PROGRAM KAMU TIDAK MEMUDAHKAN KEBUTUHAN SAYA.",1
Sangat membantu saat belajar apa lagi pas belum di terangkan,3
Saya kasih bintang 4 Karena saya tidak suka dengan kalender karena saya tidak seenak apapun mau cari ini tangga kalau nggak bisa cari tanggal ya ke sini ke Google kalender tapi saya sukanya itu di Google yang ada di tapi saya sukanya itu di kalender yang ada di rumah yang ditempel di itu tuh di tembok saya sih suka-suka aja sama ini Google kalender ya udah deh nggak papa saya suka saya suka tidak apa-apa Terimakasih atas perhatiannya kami ucapkan terima kasih 🙏,4
"Aplikasi bawaan di handphone saya sejak 2 tahun lebih, masih bermanfaat hingga tahun 2022 saat ini 👍",5
Dilihatdulu ya sebelumnya tanggal stack setelah diupdate blum tahu good or tdk!,3
TOLONG dr GOOGLE bikin fitur jadwal acara yg bisa d share ke WhatsApp karena hal ini akan sangat membantu,5
"Google kelender, memang yang terbaik di semua tablet dan android... terima kasih Google kelender...",5
"Aplikasi bagus membantu sekali untuk penjadwalan, rekomendasi.",5
yang terbaru tidak dapat setting warna untuk schedule nya yaaaaa😫,3
untuk mengetahui bulan Ramadhan,5
Bermanfaat sekali aplikasinya. Bisa menandai hari ulang tahun dan hari hari penting lainnya. Kalau libur ada informasinya lagi.,5
"Google tidak akurat untuk prediksi Cuaca Weather nya , padahal sudah pakai GPS , why ?",1
Lumayan saja buat melihat tgl dan melihat sinkronisasi,5
Mau pake in lagi soalnya kalo pake kalender bawaan kebingungan kasi jadwalnya😂,5
"Kalender ini mempermudah kita yang memiliki banyak tugas, jadi lebih disiplin",5
tolong dong cara uninstal gmna?masalahnya saya gabisa hapus jadwal secara langsung.harus satu satu.,1
Aplikasi yg membantu sy dalam kehidupan sehari2 mudah di pahami sangat bermanfaat..pokoknya top,5
semua sambungan google sangat me mbantu dan semua pekerjaan lancar dan mudah.,5
"Saya barusaja menginsral Apk ini, jika saya cocok dan nyaman menggunakan Apk ini nanti saya tambah bintangnya. Terimakasih",1
Tolong dong google hapus dari google aplikasi ini. Soal nya tidak berguna bagi saya.. percuma ada aplikasi juga sedangkan saya tidak pernah menggunakan aplikasi sejenis kalenser ini,1
masih ada bug dimana sumpah pemuda tapi malah gak ad sementara yg lain tetap ad harus kan ada tanggal sumpah pemuda tapi kok kosong??🤨,2
"Lebih di lengkapi lagi ,seperti ,hari jawa ,dan berbagai macam menu tema akan lebih menarik lagi",3
"Kok tanggal dan harinya gak sesuai ya,, tolong diperbaiki lagi",3
Aplikasi terlalu besar di bandingkan dengan aplikasi kalender lainnya,1
Aplikasi bagus memudahkan untuk melihat kalender tingkatkan,5
Tangga 31 tidak berubah keluaran terbaru tp aplikasi y jelek,1
"Kalender buat setting acara menlihat tanggal ,Hari mudah diakses",5
Sangat membantu sekali dengan membawa kalender di genggaman tangan. Saya kasih bintang 5,5
"Tingkatkan lagi peforma nya, jangan kendor rekomendasi di download",5
"Aplikasi ok, tp tolong tambah tanggal Jawa + wetonnya dong, biar lebih mempermudah pengguna",5
sangat membantu🙏,4
Sangat bagus untuk mengetahui waktu hari bulan dan tahun,4
"Alkhamduliilah kalau di hp saya google kalender ni... Bisa untuk menetapkan hari ulang tahun saya😅,lebaran,dan banyak lagi lahhh...",5
Aplikasi sangat membantu dalam memantau murid murid dari jarak jauh,5
Sangat Membantu berbagai masalah ketanggalan yg sempurna,5
Kurang bagus dan jelek tidak seperti tetangga sebelah kalo ada tanggal merah atau hari besar kelihatan tandanya !!,1
"Tidak bisa melompat ke tanggal tertentu, tidak ada fiturnya",2
Kalender canggih dengan fitur yg lumayan untuk generasi saat ini,5
Apk yg sangat membantu untuk mengingat hari dan tanggal besar secara lengkap,5
sangat membantu saya untuk melihat tanggal dan hari dimanapun saya berada dan membantu untuk mengingat tanggal menstruasi,5
"Sangat berguna untuk mengetahui hari hari, tanggal, bulan, tahun ( Kalender ) hari libur",5
Tampilan latar belakang nya jd berubah keliatan fress di mata!!),5
Wahono sumajati mas hanya,5
kalendernya malah ane ....... di hp lama tahun 2015 .... ke oppo f1s malah besar logo kalender bukan malah kecil malah besar,1
aku suka aku suka,5
aku memberikan bintang 🌟 lima karena aku suka,5
Baik pelayanan kami sangat meudung atas kerja sama nya sangat membantu bagi engguna nya,1
sangat memuaskan,5
tolong tambahkan. Kalender bisa di export ke PDF/PNG,5
Kenapa klo saya mw instal aplikasi lain gugel kalender selalu otomatis ke download bete dah,2
Aplikasinya lengkap cuman saya risih kalau ruang tidak full otomatis ke download,1
Aplikasi nya oke lah Sangat membantu juga Boskuu..,4
Aplikasi yang sangat bermanfaat dan membantu untuk selebihnya ok lah..semangat 45 😁👍,4
Tampilan jelek.. settingan gak user friendly..,1
Lebih ditingkatkan lagi ke depannya dengan menambahkan wallpaper misalnya,4
Selamat datang dan selamat jumpa di layanan google kalender untuk anda sebagai ketetapan hidup hai bulan tahun ini telah sertakan pelengkap anda abadi .bagi yang menggunakan layanan ini agar saling membantu dan memberikan insyarat untuk anda supaya kita tidak lupa pada waktu .untuk anda yang menggunakan ini sebagai pelengkapan langkah langkah dan kemajuan Era globalisasi ini agar terhubung dengan Facebook dengan ketentuan nya indititas serta pelayanan anda dapat kami tinjau kan sesuai,5
Terimakasih UC Browser! Aplikasi terbaik yang menjadi teman gadgetku!!,5
aplikasi bikin bingung... woi.. kalenderny yg benerlah.. seperti kalender pada dasarny.. ini bingungin bet dah kemem,2
Dapat kalender gratis dan biasa buat tugas harian,5
"bagus, cuman lama banget ke update acaranya ke widget nya",4
kenapa playstore sekarang sering melakukan update? setiap minggu update?,4
Kalendernya sangat bagus dn bisa membantu. Untuk hari2 libur,5
Terimakasih banyak atas bantuannya selama ini sangat membatu sekali saya akan memberikan lima 🌟🌟🌟🌟🌟,5
"Sangat membantu dalam jadwal agar tidak ketinggalan acaranya, terima kasih Google Inc.",5
"Tanggal merah nya kok beda yah,, contoh nya di kalender ku tanggak 1 hijriah itu tanggal 10 agsts tapi di kalender ini tanggal 11",4
sangat membantu untuk melihat tanggal setiap hari,5
"Assalamu Alaikum WR.WB. @LL Semoga kita semua sllu dlm Lindungan ALLAH SWT, Amiiiiiin² YRA🤲🏻🙏🏻😇😇😇 AdaNya Kalender sma halNya dgn Waktu yg berjlan..... Jgn lupa Waktu yg bermanfaat & Wajib jg terLalaikan dii'🙏🏻💪🏻👍🏻😇🙂 #salam sehat #salam sejahtera sllu #salam ke alam dunia & akhirat 🙏🏻🤲🏻😇😘",5
bagus sekalih kak apk nya sangat membantu trx,5
Cukup bintang yg bicara,5
"Bagus banget, semua perayaan banyak agama dan negara tersedia juga.",5
"Kenapa aplikasi kalender sudah saya instal bisa hilang, sudah 2 kali",5
"Sangat menarik , efektif dan efisien dalam penggunaan nya",5
wallpaper kalender 2025,5
Aplikasi ini sangat bermanfaat untuk mengingat kan waktu jadwal kita dan sangat berguna,5
Google Kalender aplikasi tanggal/bulan/tahun yang sangat bagus!!!,5
Dengan adanya google calrnder hidup jadi lebih produktif dan gak lupa lagi jadwal... sangat membantu,5
halo btw google kalender 📅 nya bagus banget ▬▬ι═══════ﺤ ini di ya pedang aku😊❤,5
"Saya menyarankan, mngkin Lebih Bagus ada bulan dan tgl Hiriyah nya juga..🙏",5
jelas dan padat,4
banyak banget virus banyak notifikasi virus dan iklan gak jelas,1
"Iklannya dikurangi ya, terlalu banyak iklan",5
"Minggu/libur nasional kasih warna merah, jum'at kasih warna hijau, sabtu buat yg jomblo kasih warna abu-abu. Bintangnya 3 dulu, tar klo dah d kasih warna auto bintang 5.",3
"Jauh lebih baik sekarang, tingkatkan lagi pelayanan dan kecepatan",3
Aplikasi yang sangat bangus dan cocok untuk mengingatkan kita waktu,5
"cara masuk kan akun gmail ke apk kalender ini gimana ya? soalnya tanggal hari besar di kalender saya gk muncul ,gmn cara muncullin hari besar sprti hari raya,idul adha dll gmn cara muncullinnya??",4
Kalau bisa di tambah kalender Hijriyah dong min biar lebih lengkap,5
Sekedar saran kalau bisa di tambahkan kelender Hijriyah..,4
"Cocok untuk mengatur jadwal kerja, liburan dan lain sebagainya. Recommend banget 👍",5
sangat membantu banget. Tapi tolong untuk notif nya diberi nada dering ya,5
"Semakin tidak jelas. Pengingat bisa bisanya berjalan mengikuti hari sekarang, bukannya tetap ditanggal yang ditetapkan. TAMBAHIN FITURNYA ! BUKAN UKURANNYA !! DAN JUGA GOOGLE TIDAK MENDENGARKAN PARA PENGGUNANYA",1
Kenapa aplikasi kalender di rusak tdk bisa di buka,5
"Lebih suka kalender bawaan hp,tp udh ilang jd ini",1
bagus utk reminder klo bs tambahkan reminder berupa alarm,5
Ditunggu update terbaru nya dengan fitur2 yang elegan,5
Dengan adanya aplikasi ini cukup membatu untuk mengatur kegiatan dan aktivitas sehari2,5
"Sangat membantu dalam notifikasi , dan tugas",5
Tampialan yg menarik selalu memudahan saya di saat saya ada acara,5
setting kalender tidak otomatis di layar,5
Tidak ada Notif alarm.. padahal Uda set alarm... Payah,1
Apli Ini Sangat Bagus Untuk Peringati Hati2 Google Kalender Memang Favorit Saya Terima Kasih Google Kalender,5
"Bagus untuk pengingat waktu dan bisa mengetahui hari perayaan berupa hari perayaan tahun Baru atau perayaan ulang tahun, atau perayaan hari besar Islam, atau perayaan Natal atau perayaan berupa toleransi",5
bagus untuk menyimpan sedikit catatan yg penting biar bisa di ingat ulang.,5
Gabisa di unupdate setiap mau unupdate ngecrash,1
Bagus untuk menentukan zona waktu dan menjalankan App kalender bawaan yang tidak berfungsi.,5
Belum terupdet email tidak bisa membuka file,5
Tolong adain kaya kita tuh bisa nyari tanggal/bulan/atau. Tahun gtu biar gak di scrool ke atas atau kebawah trus lagi dhp lain kok bisa dihp Oppo saya gak bisa,3
"Kalau bisa pas pilihan kalender jawa dikasih pasarannya dong..misal wage, kliwon, pon gitu.. terimakasih",4
Tampilan Google kalender jelek dan hari libur nasional membingungkan,1
Sangat membantu untuk melihat tanggal yg sangat akurat,5
"Tolong dong, ini kalender udah gua hapus semua jadwal, tapi kenapa balik lagi? Gua hapus satu persatu lagi. Tolong tambahin fitur menghapus atau membatalkan semua jadwal. Capek ini pencet satu-satu ...",3
Aplikasi kalendar bagus dan ringan,5
coba klo download apk atau update dpt hadiah seperti pulsa atau paket atau diamond biar lebih menarik dan makin seru.,5
Aplikasi ini sangat bagus banget karena dapat mengingat kan saya tanggal dan hari penting,5
"Bagus versi yg lama, ada kalender Hijriyah, tolong yg ini juga di kasih.",4
"Di widget g bisa berganti hari dan tanggal,harus diklik dulu baru bs ganti.",2
"Bagus namun ada bug, tak bisa hapus acara kemarin dan yg akan datang",5
Kenapa terinstal yg baru dg sendirinya ya soalnya fi hp saya tdk bisa terbuka malah kebuka ke aplikasi lainnya.,1
aplikasi masih terlalu berat jika untuk ukuran kalender,1
"tolong ya, ini kenapa tiba tiba ke download sendiri terus, maksa banget.",1
"Google kalender bikin bingung, tanggal yang muncul dan digaris tebal hanya tanggal 31 kira kira masalahnya dimana yah?",1
kasih warna merah dong buat tgl merahnya,5
saya ga bertele2 kayak yg lain . menurut saya ini aplikasi membantu bisa lihat kapan tanggal merah dan keterangan hari raya nya,5
"Pengingat nya sering hilang dan muncul sendiri dari tayangan di Jadwal, Minggu atau Hari, tanpa ada perubahan Setting.",3
"Fitur yg bagus, simpel untuk mengatur jadwal",5
Simple dan menarik menunya,5
"Baik aplkasinya, smoga kedepanya semakin di perbaiki lgi. Dan tdk ketinggalan sma apl yg lain..",3
Aplikasi jaman sekarang kalau udah update malah update terus .......☹️,2
"Tidak bisa lompat ke tahun tahun sebelumnya, buang buang waktu untuk geser geser bulan",3
Google Kalender adalah aplikasi penjadwalan terbaik yang pernah saya gunakan.,5
"Sekedar saran untuk kedepannya dilakukan pengembangan fitur sinkron dengan kalender Jawa, Hijriyah, dsb 🙏🙏",5
Whatsapp tertutup dengan menggunakan bahasa arab tolong hidupkan kembali,5
"Gamenya bagus sihh bg, tapi tolong ditambahin fitur Scop, sama loncat nya",5
"Baik kak, udah uninstall buka aplikasi google kalender baik",5
"Sampai saat ini,aplikasi Kalender ini masih saya gunakan karena menurut saya aplikasi ini masih yang terbaik.",5
tolong update lagi,5
"kemaren baru diperbarui, hari ini udh minta perbaharui lagi,,, tapi gak ada perubahan tampilan, harusnya tgl merah ya warna merah,",1
Mantul...mengingatkan saya kalo ada jadwal acara. Sangat berguna banget,5
"Jadwal alarm berbunyi,cocok untuk pengigat tugas",5
Tentang peng update,5
"Very good aplication, sangat membantu dalam melihat hari-hari penting dan libur, terima kasih google",5
Dengan opsi yang sama hp keriset perlu pembaharuan ulang,2
Aplikasi ini sangat banyak dibutuhkan banyak orang buat mengetahui pergantian tanggal setiap harinya.,5
"Setelah aku reset HP ku, kalendernya nggak bisa dibuka lagi, mohon solusinya.",4
tingkatkan lgi,5
Aplikasi ini sangat membantu saat saya lupa waktu cuti kerja. Thank you,5
"Bug nya jelek, mohon di tingkatkan",1
Adanya google kalender membantu sekali dan sangat efisien,5
sudah bagus sejauh ini mungkin perbaiki lagi ui nya dan pengunaan nya lumayan susah,4
"Gk perlu bingung cari kalender,wes. 1 alat,beragam tujuan bs dilaksanakan. Mantap.👍👍👍",5
"Aplikasi ini sabgat membantu dalam pekerjaan, bisa digunakan untuk mengingat jadwal dan aktivitas",5
Melihat tanggalan jadi lebih mudah dan simpel,5
"Bismillah Kalau bisa lengkapi dengan kalender Hijriyah, terimakasih..",2
Aku kurang suka sama aplikasi ini karena ini kata aku kalender ini membuat saya bingung,3
"Dengan Google Kalender, pekerjaan jadi tersusun",5
"Kok jadi gabisa di drag lagi jadwalnyaaaaa, please fix it",5
aplikasinya bagus,5
Sangat membantu dalam mengingat jadwal baik pekerjaan ataupun liburan,5
Kalender jadi lebih update hari-hari yang ditentukan pemerintah. Dan kita bisa menamba agenda sendiri,5
Tampilannya ga enak sama sekali. Seperti bkn kalender,1
Terimkasih Atas Aplikasinya Sehat dan Sukses selalu buat Tim Timnya.🙏😊,5
Tolong kembalikan data saya sebelumnya masa setelah di update jadi terhapus,1
"Saya suka Aplk nya, dengan adanya Aplk ini saya merasa terbantu, karna kalender di rumah ga ada keterangan hari ""penting.",4
Mohon diberi fitur loncat tahun agar lebih mudah penggunaannya...,5
Mempersulit ketika mencari hari pada tanggal yg telah lama lewat * ukuran tahun,1
Itu tampilan tahun ny gk ada gk bs langsung loncat ketahun itu sangat lah penting,1
"Sangat membantu untuk buat jadwal,sam liat hari libur nasional keren lah..............",5
"Sangat membantu, ditambah dengan fitur tujuan",5
perlu ditambahkan alarm saat memasuki waktu yang sudah dibuat,2
"Untuk apk kalender sudah baik, hanya saja untuk hari libur di kasih bewarna merah/tgl merah jadi enak",1
Sangat penting sekali menguat waktu dan HARI drakpitas manusia ok.,4
kok kalender nya sebelum dan sesudah update tetap tidak bisa dibuka ya?,5
"Bagus lagi klu iconnya angka tanggal hari itu, tidak 31 terus...",4
Aplikasi bagus tp.... susunan tanggal hari dan Minggu kurang bagus buat hp realmy,5
Jelek! tidak bisa tulis agenda setelah lewat tglnya dan tgl kedepan tdk bisa buat rencana,1
Aplikasi yang bagus dan membantu mencatat kegiatan sesuai tanggalnya.,5
Bagus kami bisa melihat kalender agar tidak lupa melihat tanggal,5
Kami aplikasi yang ada memberikan kami bisa bermain game menambah wawasan kreatif bagi kami semua dgn mision yang keren buisnis dan hiburan bagi kami SDH satu THN,5
Bagus dan bisa sync di berbagai device,5
Bagus banget bukan untuk kalender aja tapi untuk pengingat juga,5
Ingin melihat kalender agar bisa membuat agenda tertentu,5
Hwhwjjwnwjhw dan di luar ruangan rambut pirang dan di dunia dan akhirat kelak akan menjadi salah tingkah laku manusia di dunia yang paling sering terjadi adalah sebaliknya bila kita tidak perlu melakukan perawatan khusus mengingat bahwa di mana Anda dapat memilih foto di dunia ini saya ingin bertanya dan di luar rumah sehingga dan akhir pekan kemarin jam di luar ruangan rambut yang sering digunakan dalam proses belajar mengajar yang baik untuk kesehatan kulit kesehatan umum vitamin vitamin e yan,5
Tampilkannya sangatlah jellek tidak seperti kalender biasa.,1
"Bisa membantu saya untuk mengisi tujuan, pekerjaan dan lain nya saran saya teruslah berkembang oke😁✨",5
Gak bisa ditampilkan kalender selama 12 bulan,1
Berapa Hari besar nasional Indonesia ga muncul. Malah yg muncul hari besar negara lain. Coba Icon berubah sesuai tanggal.,3
"Inj juga sama, produk google pada minta update semua padahal engga sampai 1 bulan, sebenarnya ada program apa sih...????",1
bagus .fitur lengkap .bikin schedule-ok .tingkatkan lagi,5
"Tolong ditambahin penaggalan jawanya, agak kesusahan untuk menentukan kliwon, wage, legi, pon, pahing. aku mohon banget",3
"Setiap sy mau buat pengingat selalu harinya keganti padahal sy sdh tekan hari dan tanggal yang sy mau, tapi selalu keganti tolong di buat lebih baik lagi yah",1
Aplikasi kalender dari google. Memudahkan membuat jadwal & ada pengingat.,5
bagus..kalo bisa tambahin mode gelap ya...thanks,5
Saya sempat terkejut saat tertera tahun 2045 di chat dan kalender saya. Saya kira ada apa ternyata butuh update,4
Tidak ada dark mode di widget nya,1
Ini aplikasi apaan.mutr mulu.di batalkan erro hp.jadi gk bs mau download yg lain,1
Mantap aplikasi yang bagus dan membantu terutama pengingat tanggalnya 👍,5
sudah bagus dan lengkap tinggal thema nya saja belum bisa d rubah,4
sangat berguna.,5
Bagus sangat membantu,5
"Bagus,tapi ribet dan susah pakenya entah apa yang bikin saya niliai gitu tapi pokoknya gitu dah.",4
Tolong dong kalender Hijriyah sipil di update tanggal 1 Rajab tidak sesuai dengan saat ini.,2
Pengalaman modal temen tau dan mengerti Pekerjaam sejati hari nya . Tau bentuk sifat orang dan tingkah kalinya tiap hari sehari. Itu pengalan saya .,5
membantu bangeeet,5
📶 💯%😀🤔😎💯% 📶 Google Kalender Apps sangat Bagus ( UNTUK VERSI YANG LAWAS ) 👍👍👍,5
Bagus aplikasiya semoga kedepanya tambah sukses amin dan lebih baik,5
sangat membantu,5
"bagus, tgl liburnya juga lengkap, sangat bermanfaat",5
Sangat berguna melihat tanggal dan bulan serta hari-hari libur dan kerja,5
Buat agenda kok kesalahan internal terus padahal kita sudah schedule sedemikian rupa..... Malas jadinya....,1
Aplikasi sangat bermanfaat Untuk mengatur jadwal kebutuhan,5
bagusss sanggat berguna,5
tidak ada hari ibu dan ayah,2
Sangat membantu,5
Kalendernya sih bagus tapi nggak jelas Ini tanggal apa jadi aku kasih bintang satu aja deh,1
"Saran aja, kalau bisa hari libur nasional di tampilkan juga di tampilan layar utama/layar kunci",5
aku kasi 5 bintang,5
sangat membantu.top,5
Sangat bermanfaat,5
Google. Kalender.harus berjalan,5
Aplikasi yang sangat baik untuk membantu melihat tanggal disiapin hari nya,5
"Aplikasi yg sangat berguna, pengaturan jadwal jadi lebih simple",5
"Sangat mebantu bagi pelupa, saran mungkin untuk pemberitahuan bs dbuat seperti alarm",5
Ini kalender bawaan hp tpi knpa beda sama yg lain bulan agustus tanggal merah 1 muharam itu sebenernya di tanggal 10 apa 11,4
Kenapa tampilan ribet banget gak kayak kalender yg bawaan dari ponsel,1
Assalamualaikum maksud data ini pasti untuk mengingat kembali apa yg telah kita pikirkan dalam perjalanan kehidupan dunia ini kan!?... Wasalam,2
Aplikasi yang sangat membantu untuk mengatur jadwal..,5
Monoton. Coba tampilannya bisa berubah sesuai pengguna,2
"fitur kurang lengkap, tampilan kurang menarik",3
"Mantap aplikasi nya, bisa kita atur dan mudah",5
"Sebenernya aplikasinya bagus, keren banget, cuma maaf aku kasih bintang 1 krna gabut",1
Bagus cuma perlu di perbaiki bagian penyimpanannya kadang suka ilang,5
Mempermudah dan mengingatkan waktu dan kegiatan.,4
aplikasi yang sangat bagus mempermudah melihat tanggal,5
Bagus untuk mempermudah pengaturan kegiatan,5
Susah banget gak ngerti,3
Sangat bagus sekali utk bisa mengingatkan sayadgn tanggal,5
"Passng amplikasi Google Kalender +1 ,saya beri reting bintang lima Online sambungan Internet Indonesia",5
Kebanyakan update gitu aja isinya gak ada rubah tambah bagus kah apa kah bangke,1
Sangat bagus sekali,5
tolong kualitas nya di tingkat kan & tolong kalau ada hari libur otomatis di buat merah warna tanggal nya,5
Sangat membantu agar lebih produktif dan tidak lupa dengan kegiatan/hal-hal penting,5
"Aplikasi ini sangat bagus dan menarik, gampang liat kalender",5
Membantu baca agenda,5
Alikasi auto bisa jadi alarm pengingat tugas dan harian,5
Sangat membantu untuk melihat hari dan tanggal,5
paling terbaik,5
sungguh terbaik,5
bintang yang bicara.,5
semoga membantu,5
1 kata aja 👍,5
mau yang baru,1
Tolong di perbaiki bugnya soalnya tanggal hitam semua,1
Aplikasi pengingat dan mengatur jadwal yang bagus.,5
Tolong tampilanya buat sedemikian mungkin agar mudah di pahami,5
"Bagaimana cara menghapus acara??? Terlebih acara yg dibuat oleh aplikasi lain, ini sangat menganggu",1
sangat membantu,5
Banyak fitur bagus di kalender google,5
3 B dulu ya. Kalau apk nya bagus tak tambahin B nya lagi dah,3
Bugus tidak ada kendala sementara tapi tidak semua ada tgl nya terpasang,5
Mohon angka pada kalender font nya diperbesar lagi,5
"Sip... Lebih sip lg kalender alternatif ada kalender jawa nya, mis: 1 pon / 2 legi... dst... 👍👍👍. ⭐⭐⭐ Dulu, kalo dah ada kalender jawa nya baru ⭐⭐⭐⭐⭐",3
"Tolong kalender nya yg biasa aja,, pusing gua make kalender bgini..",2
Berfungsi sebagai catatan / reminder praktis.,4
Mau un instal tp gk bisa kalender tampilanya menysahkan,1
Boleh di coba dulu lah,5
sangat membantu,5
"Aplikasinya bagus buat catatan usaha,pengeluaran ,jadwal acara",1
Aplikasi ini sangat membantu dalam mengingat tanggal dan mengingat janji,5
Google kalender sangat membantu sekali dalam mengatur jadwal,5
Aplikasi yang sangat baik dan membantu dalam mengingat kegiatan atau acara di hari hari tertentu,5
"Bagus benget untuk para pembuat jadwal,,, cocok digunakan untuk para pekerja",5
"Sulut di akses, harus onlen slalu,adkah versi offlenya",1
"Mantap keren, bisa jadwal kegiatan biar teratur",5
membantu sekali,5
"sangat membantu untuk membuat rencana kegiatan, hanya saja tidak muncul hari libur di hp saya",3
Bagus.. tapi kenapa g bisa ditampilkan dilayar..,3
"Aplikasi yg bagus, mudah untuk mengatur jadwal",5
"Cacat ni app, udah bikin pengingat, keluar app, ilang semua pengingatnya",1
tampilan kurng simpel dan menarik,1
Sangat bagus dan memudahkan saya untuk mengatur jadwal kegiatan yang akan saya lakukan,5
Google kalender error dibagian sinkron,1
Luar biasa cepat dan mudah,5
Tidak begitu menarik malah saya agak asing dengan aplikasi ini sedikit membingungkan,3
Kok gw sering dapet notif² virus GK jelas dah dari aplikasi ini Sebenernya ini HP saya yg error' atau gimana google? Dan mohon maaf untuk sekarang saya kasih bintang 1,1
sangat membantu untuk melihat tanggal dan bulan,5
Terimakasih Google Android saya sudah mempunyai kalender akurat.,5
"Sangat mebantu, buat catat keperkuan, pokoyah very good",5
Mempermudah management waktu dan jadwal yang terintegrasi dengan aplikasi GW.,5
Aangat bagus dan saya sangat terkesan akan fungsionalitas nya,5
Sangat membantu pengaturan kegiatan sehari-hari dan pelaksanaan tugas,5
Aplikasi yang sangat membantu kita untuk mengetahui tanggal dan mengatur jadwal,5
Kalendernya dilayar hp gk bisa berubah,2
Aplikasi y sangat berguna banget..... The best deh mantap,5
Biar stabil dan optimal,5
"Min beri user pilihan untuk penggunaan kalender dong min, antara tanggal Hijriah/Masehi/dsb.... Ini antisipasi banyak user beralih aplikasi...",5
tolong kembali kan ke ukuran 20mb.ram ku hampir habis.bolehkah.untuk asus zenfone go,5
Force close tiba2 ga bisa digunakan,1
Tampilkan kalender untuk mudah Di lihat,5
Tolong fitur nya di tingkatkan lagi,1
"Biar bintang yang bicara,komen juga percuma Karna semua amplikasi sekarang dah rusak dan hancur",1
sangat membantu,5
Akan lebih baik jika ikon kalender menunjukkan tanggal hari ini (lebih-lebih di miui),5
App cukup bagus kalender utk bisa lihat tanggalan,5
Berguna untuk mengingat acara dengan mudah,4
Aplikasi sangat bagus untuk menandai jadwal-jadwal tertentu,5
"Updet nya lama muter2,pdhl sinyal bagus😥",1
"Bagus, tapi tolong tambah kalender Hijriyah",4
"Tingkatkan, jng hanya sekedar angka diam membisu",5
Tingkatkan lagi dalam update libur dan cuti bersama,4
Kalender Aplikasi ini sangat membantu Saya utk akgifitas kerja,5
Sangat bermanfaat dlm melihat kalender,5
"bener-bener sangat membantu, jd semakin terjadwal deh",5
Aplikasi yang sangat memuaskan dan bermanfaat.,5
Sangat membantu,5
sangat membantu 😊,4
Tambahkan widget hitam putih (background hitam) dan mode malam,4
mantap calender Google,5
kurang simpel file nya terlalu besar,1
Saya masih sedang beralih ke Google Kalender resmi nih..,4
Mantap apk ini bisa lihat tanggal dan tahun pokok nya mantap,5
Lumayan juga buat pengingat lebih mudah jreng deh,3
Kok sekarang jadi sering BANGET update yah..??? Macam gak profesional gitu?,1
Apa cuman punya saya yang kalo buat jadwal gk bisa beda² warna setelah di update.? Setelah di update malah makin kacau deh,2
Tak ada kemajuan amplikasi patung/mati dari dulu sampai sekarang sama.,1
"Saya suka aplikasi ini, terus tingkatkan kualitas-nya... terimakasih..😁👍",5
bagus sekali....hari libur lengkap..karena update terbaru nya yang paling bagus,5
"aplikasi yg sangat betguna,mempermudah utk liat kalender lwt hp",5
Bagus untuk melihat waktu dan memakainya bagi pengguna sangat penting,5
"Kenapa Google Kalender Waktu Di Update Malah Jadi Ngelag"" Gitu.... Mendingan Gak Usah Di Update Dhh Bikin Gk Nyaman Doang..",2
"Bagus untuk mengatur hari,tanggal dan bulan,tahun",3
bagus tp klo bsa di sesuaikan dengan masing2 negara / daerah lbh bagus lg .,4
apl ini sy sudah makai 10thn lebih dan sangat membantu sekali karena sangat lengkap isi nya,5
"Sangat menbantu adanya Kalender, tks .",5
"Bagus , mudah di gunakan .",5
sangat membantu,5
Fiturnya sangat mudah digunakan,5
Agar bisa membuat rencana & program yg valid serta menyimpan file yg ada,5
Tanpa kalkulator kita tak dpt hitung secra cepst.,5
Suka nggk ada notifikasi nya:(,4
Sangat membantu,5
"Aplikasi yang sangat bagus, interface nya juga baik. Hebat pokoknya",5
Saya belum pernah mencoba google kalender jadi belum bisa komentar banyak,3
udah diupdate malah gabisa bikin acara kayak dulu lagi. kzl😤,1
"Fitur ""Goal"" atau ""Tujuan"" masih sering ngebug. Mohon diperbaiki:)",3
Sangat bagus & membantu utk jadwal mitting,5
Aplikasi yang sangat berguna dan membantu mengatur jadwal,5
Aplikasi Sanga baik untuk ngingetin tgl gajian walaupun aku gk punya gajih😁,5
ringan dan mudah di gunakan,5
Sangat berguna untuk mengatur dan merencanakan liburan,5
Bagus sekali,5
Notifikasi nya sangat mengganggu,1
"Sorry cuma kasih 4 bintang,soalnya apk kalendernya agak nggak terlalu paham",4
"Tlg buat widget transparant, masa mendatang bintang 5, thanks",1
"Sangat membantu, untuk lihat tgl dan hari",5
Kurang jelas petunjuknya tanggalnya gak seperti aplikasi lainya jadi aku susah cari tanggalnya,3
sangat membantu.,5
Masih kurang menarik tampilan untuk widget,4
Aplikasinya sangat membantu sy dalam mengatur jadwal sehari-hari...good,5
Waaaaahahhhhh aplikasi Google kalender bagus sekali tidak sia sia aku mendownload,5
Lebihh akurat lg lebih di tingkat kan lg real kan lagi🙏 perbaiki lagi🙏,5
Kok setiap tanggal ada notifikasi virus padahal gk ada virus,1
Sangat cocok & bagus aplikasi Android ini hadir bagi Anda yang memiliki nya,5
Bikin kesel ga bisa update jadi ga bisa download yg lain,1
Tolong ditambahkan kalender jawa nya dong dan pasarannya.,2
Aplikasi ini sangat membantu saat ingin membuat agenda/pengingat acara.,5
Google kalender sangat membantu saya dalam mengingat waktu dan hari,5
sering update tapi tampilannya itu² saja.,2
Sangat membantu dan memudahkan untuk melihat jadwal yg dibuat,5
"dengan adanya Gole Kalender, memudahkan saya dalam merencanakan agenda pekerjaan maupun perjalanan bahkan setiap hari kita tdk petlu menanyakan hari ini tgl berapa kepada oang lain",5
Baik yang dapat membantu untuk bahasa,5
Aplikasi yg sangat membantu dalam membuat jadwal dan mengingat hari hari penting,5
sangat membantu,5
Sangat membantu dalam mengingat hari dan tanggal per bulan berjalan,5
Sangat membantu sekali tidak perlu repot-repot lagi untuk beli kalender,5
Tampilan logo kalender ditanggal yg sama,5
"Tidak ada pilihan Agenda, untuk mengumpulkan semua kegiatan per hari.",2
"bagus cih tapi, kurang tampilannya kyk photo copy",5
Kenapa di setiap tanggal di kalender saya ada tulisan Virus nya. Tolong di bantu.Tks,2
Mantap harus simpelkan dan perbaiki cek bug,2
Aplikasi reminder dan pengingat yang saya rekomen. Bagus sekali,5
Banyak bgt bug nya mohon di update lagi,1
Mungkin kita harus mencoba aplikasi ini supaya kita semua terkonsep kegiatan kita sukses terus google kalender,5
bagus.. tapi kadang kok gak bisa di singkronkan ke tablet yg lain,5
"awalnya bisa terhubung dengan akun google, sehingga hari libur nasional dllnya bisa terlihat tapi setelah diperbarui malah jadi tidak bisa disinkronkan dengan akun google, hari libur nasional dllnya juga tidak terlihat",1
Kemungkinan yang terbaik untuk mencari segala sesuatu mengikuti yang terbaik! Mengapa tidak,5
Baik aplikasi ini mantap bisa ngeliat kalender bulan jawa,5
Semoga saja apk kalender ini bisa membantu saya dlm segala hal yg saya ingin kan saat ini,3
coba ditampilan icon ada tanggal hari bersangkutan,3
Berguna bagi kita untuk selalu tampil indah menarik untuk selalu tampil cantik,5
Sepertinya akan sangat membantu jika ada tambahan kalender Hijriyahnya.,2
"Salam,Google Bagus Banget Dan Hebat,Selalu Yang Terbaik Juga Sukses Selalu Terimakasih Google",5
Cukup membantu untuk agenda dan aktifitas.,5
Mohon di tambahkan fitur tampilan tahun juga agar lebih lengkap,4
Mempermudah Untuk Menandai Tugas-Tugas Penting Dikemudian...Terima Kasih Google,5
Aplikasi yg memudahkan cek kalender dimanapun dan kapanpun!,5
saran saya ada gambar yang bisa si ubah dan lebih hidup seperti 3D,3
deskripsikan pengalaman anda,5
Membantu sy untuk pengalaman saat berburu kuliner dan traveling,5
apps jelekkk ga ada hari libur sesuai kalender asli,1
Blom lama update tgl 7.sep.2023 Udah di suruh update lagi ajah,4
"Tidak lengkap dengan kalender jawa. Seperti pon, legi, wage dll",2
Update terusssss 👎 tapi gada yang berubah,1
berguna ga harus melihat kertas kalender lagi semua pengingat ada,5
Aplikasi aku gak bisa muncul padahal uda di perbarui..,2
"Tulisan di icon nya selalu 31, kenapa tidak berubah?",1
"tolong tambah fitur countdown (hitungan mundur) untuk hari H acara, please",4
sangat terbantu dan mendukung untuk aktifitas kerja,5
Sinkron ke aplikasi mobile atau ke web tidak bekerja,3
Aplikasi Tidak bisa ditampilkan di layar hp,1
"Bagus, kurang menarik saja visualnya,",1
Aplikasi sangat bagus dan juga penting Biar gak bingung nyari tanggal 🤭🤭,5
Sangat Bagus. Mudah pemakaian & tampilannya menarik.,5
"Tidak sesuai dengan tanggal di Indonesia, hari besarnya dll, buang kuota",1
"tolong icon tanggalnya berubah sesuai tanggal hari ini, karena icon tpt hp sudah berubah",3
Bagus karena bisa di lihat di awal layar,3
"sangat membantu , tampilan woke ,",5
Google kalender paling jelek penampilan nya,2
Sportif efukatif dan konfiguratif,5
Saya sangat menyukai Aplikasi ini karena mudah jelas & terperinci,5
"apk yang sangat bagus, untuk mengingat harihari penting",5
Msih kurang... Tampilan per tahun blm ada... Tingkatkan...,4
sangat berguna dan bermaaf untuk melihat jadwal,5
Jgn terlalu sering pembaruan dong klo ga byk brubah terima kasih,5
"Wow amazing aplikasi, semua jadi mudah, dan semua bahagia",5
Aplikasinya bagus untuk mengatur jadwal harian,5
"Aplikasi mobile kalender , sangat membantu membuat agenda kerja",5
"Hei , bisa ku ubah sehari hari an tidak , demi coin cash-player tuk Hem gemsz , setelah update ratiang lagi ya ... , Ubah kalender lewat option,setelan,pengaturan,opsian,",5
"Aplikasi google kalender menang terpercaya di hp android saya ,terima kasih google",5
Aplikasi ringan dan gampang diakses,5
"Rekuest pak, buk, kak. Tambahkan kalender hijriah untuk Indonesia.",5
Aplikasi sangat mudah untuk digunakan sebagai pengingat waktu,5
"aplikasi ini sangat bagus dan fungsional, sebagai pengguna Google, saya sangat puas memakai aplikasi ini",5
Aplikasi sangat bagus ada alarm untuk mengingat,5
"Sumpah keren ini, baru tau saya ada apk ini. Amat sangat membantu banget..😍👍",5
Dgn aplikasi kalender lebih akurat untuk penanggalan,5
Terlalu sering Update padahal biasa saja tidak ada perubahan,2
"Aplikasi yang sangat bagus, membantu masyarakat untuk mengingatkan dalam kehidupan sehari hari",5
Google calender bagus untuk pengingat waktu top banget❤️❤️,5
google kalender adalahAplikasi yg sangat bagus menurut aku,4
Dari tadi d perbarui terusie. Klo bisa jgn d perbaharui . Klo gak ada perubahan sama sekali dan jgn d perbaharui lgi ya... Sing pegel tgn ku ini. Tks dan wassalam,5
Google kalender memudahkan saya melihat tanggal dan menyusun jadwal setiap harinya,5
Sangat membantu kegiatan dan ingatan kedepan,5
Apk yg sangat bagus bisa menyipan data harian dan jatwal kita,5
Di samsung note 20 crash setiap buka aplikasi,1
Kalau tidak ada kalender tentunya lupa tgl brp. Mantap,5
Sangat bagus dan sangat membantu untk membuat agenda,5
Kenapa saya upgrade ga bisa? Menyebabkan semua terganggu misal app WhatsApp gabsay dibuka karena google kalender gbsa d upgrade,2
Bahasa apa yang pantas untuk mengungkapkan kekecewaan terus-terusan pembaharuan aplikasi yang baru 19 hari sudah pembaharuan aplikasi...???,5
Sangat membantu bagi kami fitur yg lengkap dan akurat... Sukses slalu,5
"Mau kemana saja tinggal klik, sampai pada tujuan & gak bakal nyasar...😀👍",5
Good mantap sangat membantu untuk mencatat sgala kegiatan,5
Google kalender yg slalu tepat waktu maju terus google play,5
Mantap google kalender fitur nya lengkap👍,5
Aplikasi in sangat berguna dan mudah dipahami👍,5
"Tampilannya bagus, tapi gk ada hari"" nasioanalnya",3
banyak bug file tersisa bekas sulit di bersihkan...,1
"Mantap, buat catatan tanggal pertemuan dan pekerjaan",5
Sangat akurat untuk melihat kalender,5
Bagus mempermudah dan ga repot lagi beli poster kalender,5
"Siip simple gak ribet, sangat membantu",5
Saya suka pembaruan sangat cepat dan aman .,5
"sangat membantu sekali untuk mengingat acara""penting dengan apk ini",5
Saya sangat mengandalkan apk kalender ini setiap hari.,5
Aplikasi sangat membantu kita melihat hari hari kerja sangat membantu 👍,5
Google kalender cukup membantu untuk mengingat tanggal berapa,5
Pengingat Di Saat lupa Apapun kalau sudah Sama Google pasti di ingatkan Good Lah Bagus Aplikasi nya,5
Kalender ulang tahun nomor kontak bawaan hp gk ada,4
Aplikasi yang sangat membantu dalam catatan beraktifitas,5
Mantap ni aplikasi bisa untuk kontrol warung,5
pinjaman cepat cair dan mudah dan juga data pribadi aman,5
bisa di hack dari luar sehingga notifikasi mengganggu!,1
aplikasi ini sangat bermanfaat jika tidak punya kalender di rumah 👍😊,5
Bagus banget untuk aktifitas sehari hari pake ini aja udah keren banget 🙏🏻,5
Kasih 5 bintang full sangat bagus tambah meningkat lagi manteeep👍👍👍 ia best...,5
Sangat terbantu dalam mengelola aktivitas dengan adanya kalender ini,5
Sangat membuat saya lebih suka sekali dengan cara seperti ini untuk mendapatkan banyak sekali uang,5
Aplikasinya sangat bermanfaat untuk mengatur jadwal.,5
"kalender nya bagus bangetttt, terbaiklah google",5
Selain Sederhana Hidup sehat tips kesehatan tubuh kita. Manusia biasa.,5
Aplikasi Google kalender sangat bagus,5
sangat membantu dalam pembelajaran dan diskusi,5
Sangat baik untuk melihat tanggal dan pengingat,5
"Very good,bisa diset sesuai kemauan kita",5
Kalender yang keren dan berkualitas,5
"Saya sangat terbantu dengan aplikasi ini, mengatur jadwal yg padat jadi lebih mudah",5
Mungkin lebih lengkap kalo bisa di tambahkan tampilan hijriah dan jawa 😅,5
Sangat membantu dalam melihat tanggal dan pengingat lainnya,5
"Aplikasi ini sudah saya gunakan hampir 3tahun, sangat bermanfaat sekali",5
mantap bisa mengatur waktu dan tanggalan,5
Kalender sangat membantu untuk melihat tanggal,5
Keren abiss aplikasi ini bisa mengatur date,5
Sangat membantu untuk mengingat dan membuat scedult,5
"sejauh ini fiturnya sudah baik, tapi perlu ditingkatkan lagi agar lebih baik lagi",4
"Tampilan kurang menarik, dan bnyk lainnya lagi",2
Nice sangat sincron agar lebih cepat,5
"Sangat ribet, Buatlah se simpel mungkin.",3
Syukur deh ada aplikasi kalender di google Nggak lupa tanggal lagi walaupun udah selesai sekolah hehe,5
"Tolong sertakan juga kalender jawa yang akurat,, terimankasih",4
"Sangat membantu dalam kehidupan sehari-hari, mudah digunakan",5
Tolong ada pengaturan supaya tidak mendapatkan jadwal palsu dari email yang tidak dikenal.,1
Lindungi aplikasi saya jangan bisa diubah sama orang saya minta tolong dengan saya minta kebijakannya kuatkan aplikasi tolong,5
Enak nih aplikasi untuk liat jadwal settingan jg bisa,5
Menjadwalkan rapat dalam sekejap dengan memeriksa ketersediaan rekan kerja atau menumpukkan kalender mereka dalam satu tampilan,5
bagus aplikasi ini langsung bisa lihat kalender,5
Sangat Buruk dan Tidak pantas ditampilkan,1
Kalau bisa ditambahkan fitur tema,4
Angka nya kecil bagusan kalender biasa,5
Google kalender sangat bermanfaat bagi penyelesaian program kerja saya.,5
Aplikasi yang sangat membantu dalam memudahkan pekerjaan,5
"Sangat membantu membuat jadwal kerja, dan kegiatan"" yg ada",5
Sangat bermanfaat dlm mengingatkan sesuatu dlm hal acara ultah maupun acara lainnya...,5
Aplikasi google kalender recomend buat kita yg suka lupa dengan moment2 penting,5
fitur yang bisa mengingatkan pada hari tertu sangat membantu aku yang pelupa,5
Tidak ada pilihan untuk melompat tanggal sesuai keinginan kita,1
Kalender aktivitas yang sangat menarik lengkap dengan hari libur,5
"meski di apdet,, tetap saja orderan sepi.",1
oke banget sinyal nya lebih cepat,5
Dapat melihat kalender masa lalu dan masa depan.,5
"Bagus banget, kedepannya bisa lebih keren lagi",5
Sangat lengkap dan membantu semua kegiatan,5
Bermanfaat sekali untuk mengingatkan acara. Terima kasih Google,5
Hadirkan dark mode pasti lebih bagus!,4
Kalender ini sangat bagus untuk memberitahukan tugas pengumpulan di google clasroom dan hari libur (tanggal merah),5
Hasil pencarian untuk mendapatkan hasil yang maksimal di Area Tertentu.,5
"Bangssat Snack video malah kirim notifikasi ke google kalender,kalian ga ada kerjaan ya jinggg???",1
Aplikasi yg sangat membantu dan mempermudah kita .,5
"bagus, tapi pembaharuan terus sampai mampus 😬😬😬",4
"Nyesel update aplikasi ini, lebih mudah dan bagus yg lama",2
sangat membantu untuk melihat jadwal di kalender,5
Aplikasi cukup bagus dan cukup membantu..,4
Masih lumayan bagus sih tapi gak bisa d upgrade,5
Ga singkron kalender nya tanggal nya ga berubah padahal udah ganti tanggal,1
Yang paling tepat jika menggunakan kalender,5
Sangat membantu sekali.... tingkatkan lagi,5
"Ternyata hari libur nasional ada dimenu setelan, hari libur, pilih indonesia.",5
"Keren sih, bisa atur jadwal, bisa buat pengingat.",5
Sangat bagus dan membantu sekali (✿ ♡‿♡),5
Tampilan membingungkan. Jelek sekali.,1
Terima kasih telah menghadirkan tema gelap di Google Kalender,5
"Update hampir tiap hari, makan kuota hehe",3
Google kalendernya ngirim pesan gak jelas pesannya yg dikirim sama apk ini tulisannya bersihkan ruang penyimpanan dan hati2 akun anda di hack gajelas pesan dikirim oleh apk ini 😡,3
"Mantap,pkoknya kalian harus download apk nya deh...😂",5
Agak bingung dikit pakainya. Kbanyakan gambar hihi,5
Koneksi sering terganggu,3
"Ini aplikasi bagus, jadi tolong diperbaharui terus.",5
Semoga lebih akurat dan otomatis tepat,5
Aplikasi kalender sangat bagus,5
Apakah kalender ini ada pengingat berupa tambah alarm..?,3
Gak Ada Fitur Baru Gitu Tolong Tambahin Fiturnya🙏🙏🙏,4
"Google kalender sangat baik,saya sangat berterima kasih",5
aplikadinya kkeren bisa buat pengint juga mantaappp !!!,5
Tambah lancar jaringan nya Semakin maju kedepannya,5
Trimakasih Google kalender pelayanan nya.,5
"Bagus,,,keren fitur a sangat membantu",5
"kalendernya kacau. Hari ini 31 Maret 2023, diaplikasi sudah tanggal 2 April. Bulan Maret hanya sampe tgl 28.",1
Ga bisa update kalender harian nya,5
Praktis dan simpel..,5
Sangat di sayangkan aplikasi ini tidak bisa di buka entah kenapa,1
"bagus,tingkatkan, lengkap semuanya dengan hari besar dll .",5
Kenapa kok kedowload sendiri si google kalender nya dibatalin gabisa,2
Mempermudah dalam pengaturan waktu,4
"Bagus untuk kalender, tema dan background tidak bagus, ada yg buka aurat. maaf tak hapus lagi,",1
"Tidak jelas, hari libur nasional tidak ada pemberitahuan. Tanggal hitam semua tanpa keterangan hari² besar.",1
acara dan pengingat tetap membantu saya dari aplikasi ini. Terimakasih.,5
Google Kalender.jadwal data time jadi mudah,5
Keren ini aplikasi sebagai pengingat otomatis langsung masuk ke hp,5
"Tampilan sangat bagus, mudah digunakan,",5
cukup baik. saran saya desain lebih kreatif donk,3
Apk Anjeng Tiap Detik harus di Update terus Gak guna Ngabisin Paket gua aja nieh Bab!,1
"Coba kalo kalender tuh yg normal""aja.kaya yg nempel di tembok.kaya gitu lebih peraktis..jangan ini mh kaya tulisan nota kasir..coba yg praktis....",2
"Saran keras, mohon tulisan 31 di buat online supaya tiap hari bisa muncul tanggal yang update setiap hari.",5
Mohon tambahkan kalender Indonesia yang ada kalender Jawa dan Hijriyah.,5
Google akan lebih lengkap jika membuat aplikasi managemen keuangan.,5
Tolong tampilkan tanggalnya diaplikasikannya. Jgn tanggal 31terus. Basi...🙏,2
Bagus dan untuk menandai hari dan waktu yg akurat,5
Sangat membantu untuk mencatat aktivitas sehari-hari..,5
"Mantap, Aplikasi Kalender",5
Kelendernya bagus ada catatn nya keren!!!,4
tgl kalender selalu tepat waktu,5
"Udah bagus si, cuman kurang pasaran jawanya ga ada..",3
"Satu hal yang kurang adalah berbagai tanggal atau hari libur yang gaada disini , semoga kedepannya lebih baik",4
Very Good. Aplikasi keren. Punya inipun sudah cukup.,5
Sangat membantu untuk membuat agenda kegiatan sehari-hari👍,4
lebih bagus lambang starup nya tanggal berjalan....jangan tanggal 31 terus,4
"Membantu sekali , simple, praktis cepat",5
Mempermudah kita yang lupa sama hari tanggal dan bulan,5
Tidak menampilkan tahun...yg sedang berjalan,2
logo di menu tanggal 31 terus gak ganti sesuai tanggal yg berjalan,1
Pembaruan y llet minta ampun padahal jaringan y full,2
Lebih mudah melihat agenda harian tqs.,5
kenapa Sinkronisasi Account tidak berjalan ya.??,5
Mantap sangat membantu dalam pekerjaan,5
"Sangat menarik, terus berkreasi lagi.",5
Keren banget kak Membantu banget buat manage waktu,5
Aku suka kalender ini ok dan membantu ku di setiap kegiatan harianku,5
"Pengingat nya enak bener dah, bikin jadwal terkontrol",5
Mantap dan akurat tingkan terus,5
"Msh kurang lengkap, harusnya ada pasaran Jawa sperti "" Legi, Paing, Pon dll.",3
"sekarang sih ok ok ok, lebih bagus lagi ada tanggalan lunar. akan lebih bagus lagi menurut saya",4
memudahkan dalam setiap perjalanan,5
Tulisan kalender tidak pernah ada.,5
"Kalender Ini Saya Dulu Agak Bingung Menggunakan Nya, Tapi Sekarang Saya Mengerti Untuk Apa Kalender Ini",5
"Aplikasi ga guna , cuma memenuhi area penyimpanan",1
Klo bisa widgetnya juga pake tema gelap ya,5
"Aktivitasku di cek langsung sama Larry Page dari kursinya di Goolge, bukan cuma aku semua yang punya Gmail..",5
Kenapa sih kalau update downloadnya lama sekali janco,5
"aplikasi nya bagus dan menarik,makasih,sama sama",5
Sangat cocok kalender digital,5
Kalender di update biar apa???? Biar setiap bulan jd 31 hari semua???,1
Bagus.. Tingkatkan & Sesuaikan Perlihatkan Kalender Hijriyah & Ru'yah,4
Yyyyyy Cghhhhhjj Fghjnnnnnnnnnn. Namun tidak ada yang serem gan ane gak tau juga sih dari beri nama dari beri Bersi dari beri nama dari berbagai suku dan budaya dalam masyarakat kita terutama untuk kesehatan kulit kesehatan umum vitamin,5
Tampilan lebih jelas tiap ganti bulan,4
Kenapa Tdk berubah ikon apk nya setelah update,2
👍 Efektif dan mudah digunakan,5
"Tampilanya bagus ,lebih di update lagi malah bagus",5
Untuk libur nasional tolong diberi warna merah dong. Dan sesuaikan hari libur nasional dengan domisili user. Jika ada hari penting lain sudah cukup diberi tanda titik dan keterangan dibawahnya.,1
"Susunan begitu kemas dan cantik,pastinya tiada hari terluang yang menggamit..",5
Google kalender telah membantu saya untuk melihat tanggal di kalender hp saya terima kasih google,5
Kalender google enggak akurat tolong di perbaiki !!!,1
Kalender yang harus diperhatikan dalam memilih hari yang indah,5
sangat membantu dalam mengatur jadwal dan sebagai reminder,5
"Aplikasi yang bagus, sebagai pengingat jadwal di hari hari sibuk",5
"lumayan bagus, tapi lebih kreatif yaa",5
"banyak pembaruan , hasilnya sama saja",2
oke sangat membantu dan mengingat kan kembali dengan bulan,5
Sangat mnolong u mencatat dan mengingat hari2 penting. 👍🙏,5
Melihat kalender siap selalu tanpa ribet,5
Saya suka sama ni apk soalnya bagus dan saya jadi lebih tau tentang hari 😉,5
Good apps kalender dari google..,5
cukup bagus aplikasi nya untuk kita disaat sedang penting untuk melakukan apa apa,5
"Harap bisa mengatasi masalah, menjadi lebih baik",5
Jadi ga perlu liat kalender d rumah. Karna yang ini udah akurat banget.,5
"Saat diperbaharui, data2 saya ilang... Bagaimana cara mengembalikan nya ?",2
Akurat & sangat perlu,3
Apliksi ini tolong di kurngkn iklannya 👍,1
Fiturnya kalender bagus,5
Tidak muncul d layar beranda hp,5
Update mulu gak ada habis habis nya _-,4
Aplikasi ini sangat membantu saya untuk melihat kalender,5
Masih tahap coba.. bintangnya bisa nambah atau berkurang,4
"Google kalender ini akan membuat, lebih tahu tentang hari hari kepentingan pribadi saya.",5
Assalamualaikum cukup bagus tapi jang sering selalu di abdep,5
Bagus dan sangat mudah di isi remainder,5
"Makasih google kalender , tiap hari bisa tau dgn melihat kalender",5
Sangat bagus Google kalender ini,5
Aplikasi yg bisa menunjukkan hari sangat berguna bagi saya pribadi,5
Sangat berguna untuk menjadwalkan apapun,5
unistal aplikasi dari ponsel ini.,1
Cukup lengkapd dan informatif,5
"jangan sering update, kouta mahal. terima kasih.",5
karena bisa mengigatkan taggal dan hari kalau lupa .,5
Kalender enak sebagai media belajar,5
"Saran, untuk widget tambahkan opsi rounded di pojok dong",4
"Pokok nya sllu yg terbaik, d awali dari perasaan dan kata hati.",4
Tambahkan pengeditan tema kalender...,5
"Sangat jelek.tampilan yg begitu sangt bayk.ntah apa""udh gitu tak bisa d hapus lagi.bikin kesel ny",1
Tgl 17&18 mei 2021 perlu diupdate karena seharusnya tidak ada cuti bersama di tanggal tersebut,4
Optimalkan bukan mementingkan pembaruan,3
"Luar biasa membantu, mudah digunakan",5
Tampilan nya makin menyedihkan,1
"Suka banget! Sangat bermanfaat, terima kasih😄🤟",5
Pilihan warna untuk penanda tugas sangat terbatas,4
"Setelah update malah makin muyek,bikin risih,bkn smakin mudah mlh smakin ribet, dr lmkk manfaat",2
Cukup. Bisa lah buat di update ulang,4
"Bagus, warna perlu lebih banyak",5
Kalender buat mengatur keseharian diri.,5
Aplikasi bagus tapi tolong dong di cepetin download nya yah makasih,5
Tadi gw gak tau caranya akhirnya bisa tapi bagus banget bisa bikin judulnya!!!!!!!!!!!!!!!!!!!!!!!!!!!!!!!!!!!!!!!!!!,5
Apk mudah di gunakan sangat bermamfaat,5
sangat terbantu untuk catatan tugas pekerjaan,5
Aturan almanak baiknya ketik bukan geser ampe lemot.. bikin pala nyut nyut... Capek brow...,3
Tidak bisa di Operasikan di Oppo F3 walau sudah Update sekian kali!!,1
"Tolong kalau tgl merah, warna nya di kalender harusnya jg warna merah. Hampir saya masuk kerja besok tgl 12febuari2021. Padahal tgl merah. Haruskah saya kasih bintang 1 agar ulasan saya bisa di dengar.",5
Bagus apknya untuk melihat kalender,5
Kelender kurang bagus.bisa di rekayasa tggl nya,3
tgl tdk tertera di applk kalender,1
Banyak notifikasi yang tidak jelas,1
Bagus dan akurat dalam penentuan tanggal,5
Tampilannya tolong di persimpel lagi,1
Butuh waktu juga buat atur aktifitas harian pribadi.,5
"Saya selalu lupa, baru buka Google Kalender baru ingat ! Makasih selalu 💓👌",5
"Google Kalender, Kini Lebih Optimal!",5
baik serta menolong untuk setiap tugas kerja dan apa pun yg kami perlukan Google siap membantu,5
Sangat membantu dan mudah dalam membuat jadwal,5
Kalender pilihan terbaik.,5
Untuk mengenang kembali masa lalu cukup melihat foto,5
Terima Kasih Banyak Atas Pelayanan Google Kalender.,5
"Tolong tambahkan opsi untuk warna merah hari Sabtu dan Minggu. selebihnya sudah bagus. Tolong ya, agar direspon. Terimakasih",4
"Harap berikan semua fitur, De . Biar orang lain mendownload juga.",5
sangat di butuhkan untuk menentukan weekend,5
"Tambah widget hitungan mundur min, ciptaan google gak ada kreatif2 nya nih , gitu2 aja...",4
Harusnya lembar 1 bulan biar lengkap dan mudah di cari,3
Google kalender berguna banget bagi saya. Jadi gampang lihat tanggal/bulan/tahun di hp saya.,5
Masih tetap mudah di gunakan,5
"Mantap,aku bisa manage waktuku dan tidak menunda pekerjaan lagi",5
"perbaiki tampilannya lahhh. masak dari jaman batu sampe sekarang itu"" saja tampilannya ЩĸЩĸЩĸЩĸЩĸЩĸЩĸЩĸ",1
enak Lo punya kalender otomas.gperlu set ulang.tpi harus yg kmplit hari2 besarnya jg,5
Kebersamaan mempelajari loyalitas mengembangkan yang berharga memerlukan plening yang akurat,5
Sangat membantu melihat tgl maupun hari,5
"Apdatenya gk otomatis dari system,klo gk pake sinkrron.bgm..",3
Tampilan semakin tidak jelas dan kurang nyaman bagi pengguna,1
Mulai hari ini sampai 5th ke depan harus tetap di-update google kalender yang dibuat ini setiap hari ini.,5
"Bagus, bisa menambahkan kalender hijriyah",4
akurat...cepat dan tepat dimna pun berada,5
Kenapa setelah di update makin jelek jadi nya,1
Saya sangat suka dengan google kalender nya sangat membantu.,5
Ngk kayak dulu yg ada wallpapers ma warna dalam kalender,3
"Bagus, buat jadwal jdi lebih mudah",5
"sebenarnya aplikasi ini kurang begitu bermanfaat,cuma abisin batrei saya saja.!",2
"Baik kak, udah download aplikasi google kalender oke",5
"Skg ga bisa di buka sih,,walaupun sdh di instal ulang",3
"Jelek sekali, buat tgl brp bisa berubah .",1
"Bagus, bisakah di tambahkan/ ditampilkan Minggu ke berapa nya.",2
Bagaimana cara sinkronisasi dengan outlook? Karena jadual kalender saya Minggu ini tidak bisa sinkronisasi,3
Aku benci sama google kalender ini.masa sihh mau liat tanggal susah banget bermasalah trus.tolong perbaiki,1
Saya terbantu dengan adanya google kalender jadi bisa mengatur jadwal tugas dri kantor....goood dah,5
Banyak scammer yang memanfaatkan fitur ini untuk pencurian data..mohon untuk di tindak lanjuti .. terima kasih,1
Sekedar saran aja...sebaiknya saat hari libur warna angkanya merah agar lebih bagus dan mudah untuk diketahui jika itu hari libur,3
Sangat membantu menambah wawasan,5
"beli HP di Malaysia tp sdh dibawa ke Indonesia setahun masih jg kalender nasional Malaysia, gk ngerti cara gantinya",1
Knap sya belum bsa di Update sampai skrang,1
"Oke, dengan kalender aku lebih mengerti arti hidup ini setiap hari.",4
Sangat membantu tandai jadwal pekerjaan keren,3
Sangat nangis selalu di ingatkan google kalender,5
"very good,membantu melihat tanggal hari libur secara online",5
Secara otomatis terbuka pengaturan awal,5
bagus bisa lebih mudah mencari hari dan tgl,5
Pas sesuai dan sangat akurat,5
Sangat menyenangkan dan fleksibel,5
Aku suka dengan aplikasi ini. 😘🥰😍 Terima kasih google kalender.😁,5
lebih bagus jika di lengkapi dengan pasaran jawa.,5
Sangat membantu untuk melihat agenda harian,5
Saya ingin memiliki aplikasi Google kalender pendidikan tahun 2022 dan 2023🌟 terimakasih karena saya adalah seorang guru pendidik pengajar sebagai tenaga guru di SDN Nakol,5
Efektif dan efisien,5
"Lumayan bisa buat pengigat , sangat membantu",5
"Baik kak, udah download aplikasi google kalender ok",5
Aplikasi google kalender jelas dan pasti sy pakai utk pengingat hari dan tanggal,5
Utk saat ini cukup baik Mudah-mudahan seterusnya selalu baik,4
Google sangat membantu kami dalam berbagai persoalan untuk memperoleh informasih.,4
Sangat membantu jadwal kegiatan sehari-hari,5
Sangat terbantu sekali dgn google kalender,5
Sangat jelek karena sulit untuk dibuka,1
Bagus untuk pengingat hari dan waktu,5
Bagus bisa liat tanggal trus gak ketar ketir juga kalo mau ulangan👍,5
sangat membantu untuk mengatur waktu,5
"aplikasi yang sangat bagus untuk keseharian kita,",4
Saya suka dengan kalender ini kalo bisa ada kalender hijriah nya,4
Biarlah bintang yang berbicara. Terimakasih Google Kalender.,5
Tolong beri fitur yg bisa langsung ke tanggal yg di tuju dengan cara mengetik tgl nya,5
Bantu aplikasi indriver saya prioritaskan selalu dipilih dalam penawaran ongkos pelanggan dan customer online.,5
Bagus dan dapat dikelola untuk pengingat acara pribadi,5
"Sangat bagus,, membantu mengingatkan waktu2 penting.",5
Kenapa bahasa cina yg muncul Lu inget yg make. Bisa baca tulisan cina,1
Mantap bisa menyesuaikan kebutuhan hidup,5
Jelek bngt tampilan nya. Bhs inggris lg udah tau bhs hp bhs indonesia.,2
klo ada jadwal sholatnya pasti lebih keren,4
Kurang paham cara menggunakan nya terlalu rumit,2
Untuk mengetahui tanggal dan hari biar jd jelas dan akurat,3
Kalender nya bagus dan bisa jadi pengingat hari,5
Tolong di perbaiki ni kalender nggk ada itungan hari besarnya,4
Kok ngak ada muncul di layar hp padahal sudah di install,3
Aplikasinya tidak tampil di beranda hapequh,1
Okey.... Kalau bisa harus disertakan tanggalan Arab dan Jawa nya yaaa terima kasih🙏🙏🙏,4
Google kalender nya bagus banget,5
bs terkoneksi dengan internet yang semakin meningkat,5
Terus tingkatkan kwalitas terbaiknya.,5
"saya akan kasih 5 bintang, jika ada fitur mode gelap!",1
apk bagus kalo ulang tahun pacar gk lupa jangan pasang iklan banyak,5
"Sdh terinstall tapi tidak bisa dibuka, help pls",2
aktif sudah sehat kesehatan umum baik oke langsung saja berikut info lengkap,5
"Update tampilannya doong admin,, biar lebih enak diliatnya",3
Sangat membantu untuk membuat jadwal tugas dalam pekerjaan,5
Google kalender ga muncul di layar,5
Mantap. Meskipun gak ada neptu Jawa. Legi Paing pon Wage Kliwon. Tapi tetap ok.,5
"Aku suka kalender seperti ini yang ada kegiatan di bulan tersebut, seperti hari merah kegiatan 17 Agustus",5
Ya namanya juga kalender toh semua orang memerlukannya .,5
Lebih ditingkatkan fiturnya,5
Bermaanfaat dan sangat menguntungkann,5
Saya kasih saran ke semua apk google tolong ikon di update secepat nya biar seimbang,5
Tolong tambahkan kalender jawa khusus untuk indonesia.,4
semakin simpel dan sesuai calender INA,5
Kalau bisa dilengkapi juga kalender balinya yg lengkap dgn hari hari upacara nya... Trimakasi...,5
"Terimakasih waktu,waktu mu Selalu bermanfaat bagi semua.",4
Parah sering download sendiri padahal tidak memencet tombol install,1
Senang banget dpt mengikuti perkembangan Google terima kasih.,5
kenapa angka tetap 31 & tidak mengikuti sesuai tanggal yang sedang berlangsung,3
"Saya suka dgn ap ini karna saya bisa ngatur waktu saya di google kalender,thx",5
Bagus banget 👍🏻.untuk pengingat acara dan jadwal aktivitas dsb.😄,5
Aplikasi ini sangat membantu saya terutama dalan pekerjaan...,5
Bagus sekali aplikasi ini terus di pertahanin maju terus,5
Cara ngilangin pengingat dari aplikasi yang sudah di uninstall gimana sihhh,1
Pembaharuan terus bos ku...kalau bisa sebulan sekali lah bos ku jg trs lanjut bamgkar,5
Daebak!! Makin kesini makin bagus apk-nya,5
"Saya heran, kenapa di kalender cetakan kertas yg dijual di pasaran, hari Waisak 6 Mei, tapi di Google 6 Juni? MOHON ada penanggalan/hari pasaran JAWA ◾ (Subscribe.youtube; WINDY POP)",3
Tampilan jelek & kurang bisa dimengerti,1
Membantu dalam mengatur jadwal dan catatan harian,5
"Siapa, pun tolong bagaimana si, cara mengubah, tanggal, bulan, dan tahunya🙏🙏🙏",2
Yuyun ada di dalam tubuh manusia Click to download lagu rohani yang yang tidak bisa di Yang penting dalam kehidupan sehari-hari yang terlalu yang Yuyun ada di dalam tubuh manusia yang tidak Yuyung ada yang bisa kita lakukan untuk menjaga agar kulit Click to download lagu rohani yang ada di dalam tubuh nginyanginya tidak terlalu yang inya dapat digunakan tidak lah yan mudah nya hal ini bisa di download di sini yuk yang tidak bisa di Yogyakarta dan sekitarnya Yuyun ada di St y yyyyyyyyyyyyyk bisa,1
Update lemot alias bug,4
Bagaimana cara supaya google kalender bisa muncul di beranda aplikasi,1
"Aplikasinya bagus , lancar ketika digunakan",5
"Nggak tau mau komen apa,,, yang penting aplikasinya sangat membantu ✧(｡•̀ᴗ-)✧",5
Tanggal yang tampil mengapa tidak update pada cover aplikasi?,1
Tidak bisa versifikasi,5
Update terbaru Icon plus (+) terlalu gede jadi gak enak di lihat,3
Sudah 3 kali di update tapi masih jadul,3
Kalender ya kalender bagus,5
klok bisa di tambain kalender jawa sekalian biar tambah lengkap..,5
Delete pihak ketiga yg menggunakan aplikasi web browser dg email address yg sama dlm penelusuran terkait,1
Saya butuh kalender otomatis informasi acara atau libur Nasional selalu lihat kalendar butuh seperti hari merah,5
Aplikasi ini sangat berguna untuk aktifitas saya sehari hari! Terima kasih.,5
"Penting,waktu u bisnis, dekat pada Tuhan",5
Di hpmu ada kalender. Jangan download kalender ini,1
Sayang banget tak tampil tanggal di luar,5
Bagus aku jadi bisa liat jadwal dengan lebih gampang,5
Mudah mencari penginapan dgn Airy,5
Angka tepat dan akurat mantab,5
Kebanyakan update lu kalender aja tetep,1
Saya sangat puas dgn adanya aplikasi google kalender ini ❤️❤️❤️❤️❤️❤️❤️,5
Untuk melihat tanggal dg cepat kalau lupa tanggal,5
Pemakaian dalam aplikasii saya suka dan jangan menghubungkan akun pribadi dengan aplikasi yang lain.pleasee,4
Sya kasih 4 dulu deh. Tolong saran min pake tgl Jawa dong ini kan kalender indonesia,4
saya suka aplikasinya tingkatkan terus pembaharuanya.,5
Yg pastinya kalender ini the best deh,5
Mulai hari ini sampai 5 tahun ke depan kalender ini dipergunakan buat sehari-hari ya teman2 makasih.,5
Tolong jangan suka kali kalian aplikasi ini tiba2 update sendiri. Anjing...,1
"Kurang memuaskan, Krn harus perbaiki setiap hari",2
Saran saya agar dilengkapi dengan kalender hijiriah dan kalender imlek.,4
"Bagus, lengkap, mudah dibaca",5
"Repi Yanto harap,semua tgl,bulan,tahun nya,punya catatan hari apa saja yg kita miliki,,,contoh hari lebaran di tanggal,bulan dan tahun nya...makasih",5
Bingung pake nya. Karena gabisa liat tahun2 sebelumnya,3
Kami sangat suka karena tepat dan akurat.,5
tahun tahun dan baru ini bamplikasi kalender saya mengrti beberapa hr brlalu atw bulan minggu ini banyk yg aneh dan fakta tapi batin hati saya aj yg tw,5
Google kalender membantu saya untuk malihat jadwal dan mengingat hal yang penting,5
Aplikasinya bagus dan fiturnya keren,5
"Sangat membantu dalam membuat jadwal, tugas, dll",5
Sangat membantu untuk pengingat setiap kegiatan,5
"Sangat bagus, sangat membantu untuk perencanaan aktivitas. Terima kasih.",5
Suka sih soalnya bisa lihat hari hari perayaan lainnya,4
Sangat membantu untuk peringatan acara dan kegiatan,4
"Kalo bisa tambahin tanggal kecilnya yahh Dev,,,,",5
jadi lebih mudah buat nyimpen tanggal spesial..,5
Kalender sngt membantu dalam mengingatkan hari dan pengingat jadwal acara,5
Klo bug nya bagus saya tambahin lagi,3
Sangat membantu aktifitas pembuatan schedule kerja,5
sering sudah disesukan tanggal tapi setelah dicek ulang sala lagi,1
Perlu ditingkatkan lagi agar tambah jozz,5
Gak bisa liat smua bulan gak kaya hp vivo,1
"Aplikasi ini bagus banget sumpah deh rekemen banget , aku suka buanget",5
"tampilan sederhana gak pake ribet,,,",5
Kok aneh ya kalo di pc muncul acaranya di sini kagak,3
Kenapa tidak tercantum libur hari besar Indonesia. Tolong ditambahkan.thanks,4
mencoba Google Kalender kalo tadem aplikasi nya,5
"Tgl kalender tidak sesuai, satu muharram yg harusnya jatuh 30 juli di google kalender tertera 31 juli",2
Tolong ditambahkan tampilan per tahun dalam 1 layar. Terimakasih,4
Masih berat aplikasinya meskipun sudah di perbarui,3
Bagus sekali aplikasi kalender ini !,5
Saya ingin widgetnya bisa ditampilkan di home screen,4
"Tidak ada tahunya. Yg ada bulan,minggu,hari..",1
Bagus kalender y...lengkap dgn kethari2 besar ya,5
Aplikasi dr google yg serba bisa. Bisa kehubung ke aplikasi apa aja. Cobain deh,5
"bertambah ingat saat tgl serta bulan,nostalgia dengan ke akan datang Nya.",5
Lebih mudah melihat tanggal di setiap harinya.,5
Aplikasi ini Bagus banget coba Girian kalian untuk Download ini semoga bermanfaat buat Kalian ya'Okay',5
"di tambah pasaran jawa dong,,kaya manis,paing,pon,wage.",3
Sangat bagus & membntu bgt bikin jadwal kegiatan....Good job,5
Selamat mencoba dan si miskin dan si miskin di mana ia mulai tertarik untuk membeli produk tersebut tidak ada komentar untuk artikel kamu cowook di super bowl di rumah ku,5
di kasih nama bulan jawa dan hari jawanya lebih bagus,3
Ribet banget Buat pengingat tahunan aja gk bisa error² mulu D cek setahun kedepan gk nambah oengingatnya Menang nama aja,1
"Kenapa di hape ku oppo f3 g bsa dbuka ya,tiap dpencet mbendal,pdhl dlu lancar2 saja",1
Sangat membantu dalam aktifitas sehari_hari,5
Berkat aplikasi nya waktu saya tidak pernah ada yang terlewat kan,5
"baguss , kalo bisa tanggalnya merah semua , saya butuh liburan-_-",5
Aplikasi yg sangat membantu untuk menjdwalkan kegiatan,5
Salah satu aplikasi tidak berguna di hp tidak ada Kliwon tidak ada tangal merah,2
Saya suka pakek GOogle kalender karena sangat bagus,5
bikin tanggal merahnya lah biar lebih mntap dan beda sama apk yg lain,3
Bagus terbantu untuk mengingat keren dech🤗,5
"Coba tampilan seperti kalender indonesia ada tampilan jawanya misal, pon, wage,legi,kliwon biar tambah sip dr bintang 1 ke bintang 5",1
Bagus aja. Karna masih ada gunanya ini apk,5
ok semoga kelender di tahun 2024 sy banyak mendapatkan rezeki dan yg membaca ulasan sy ini sama halnya dgn sy amin.,5
Google Kalender bagus...buat bikin agenda,5
tampilannya jelek gak bisa dihapus lg dr hp oppoku,1
Keren keren jadi mudah liat hari-hari penting,5
The best saran tolong banyakin lagi biar lengkap biar gak bosen thans,5
Kasi 4 dulu.....kalau bisa kalendernya berwarna angkanya,4
Lebih Di Tingkat Kan Lagi Kualitasnya Dan Aspek-aspek Nya Terima Kasih 😉,5
"Kenapa tidak bisa di tampilkan lagi, apa 2023 ini harus update tanggal Ampe 35 hari ??? Atau cuma 7hari biar cepat 2024 nya.",1
kanpa ya apkikasi kalender sy engga bisa di perbaharui,3
Sangat membantu dan mengigatkan saya dalam segalah hal,5
"Google kalender,memang yang ter baik pilihan ku",5
"knp kalah sm system,ky keong... apdate status keburu di hack..###",2
Papan tombol enter hilang pada oppo a3s,3
Setiap ada pesen masuk qak ada nada dering,5
Pengingat waktu digital yang tidak pernah lekang oleh waktu.masyaAllah,5
Membuat urutan postingan kita lebih terjadwal,5
"tak kasih bntng satu,,apk ny jlek bnget.gx sesuai hr dan tgl ny.msak tnggalny te2p itu aj gx gnti2,gx bs bntu sya",1
aplikasi yang sangat bagus dan membantu sekali,5
Mantap..... sangat membantu google kalender trimakasih.,5
saran jika bisa misal untuk tanggal yang di berikan tanda ada suara khusus untuk pengingat misal ultah dan lainnya,5
Pulihkan kalender yang terhapus dan k urang oktimal,5
Very good sangat berguna untuk tanggal hari yang ditandai,5
"Tolonglah,, tanggalnya kenapa warna hitam semua,,hadeeehhh,, jadi kurang berwarna,kek cerita kehidupanku tanpa dia yang mewarnai hatiku 😌",3
User interface sulit dan merepotkan,2
Mantap. Lebih mantap lagi kalau diikutsertakan tgl Hijriyah,5
Aplikasi yang sangat membantu sekali dalam beraktivitas sehari-hari,5
Tampilkan juga pasaran jawa. Tampilan terlalu kecil.,5
Pengingat tidak muncul di notifikasi,1
Untung ada kalender ini jadi mudah,5
terimakasih dengan adanya kalender bisa menjadi buat pengingat,5
Google kalender tidak kompatibel,5
"Apliksi bagus, bsa set pengingat",5
Sebagai pengguna aplikasi ini sangat membantu mengingatkan akan semua hal dengsn tepat wsktu,5
"Mantap semua, bagus dan bisa ingat hari dan tanggal,",5
Kenapa kadang² ngga bisa di buka apk ny...???,5
kalender ini sangat membantu saya dalam mengatur jadwal sehari-hari,5
error sincronasi.. cara atasinya??,1
"ke install sendiri, ram hp jd penuh",1
"Baru kemarin update,,,,klau bisa update'y sebulan 1x aja,saran saya.",2
Glogle calender mmang lekap semua bisa di jangkau semoga aplikasi ini lncar,5
Kalender nya tidak BS otomatis,3
Bagus aplikasinya dan simpel,5
"Aplikasinya recomendasi,bisa buat catatan tangal",5
"Ok, aplikasi sangat membantu Untuk menggikngatkan tgl dan hari di hp",5
Mohon Rubah tampilan Kalender yang lebih cantik dan Whathear yang Skurat,1
Aplikasi yang bagus untuk mencatat jadwal,5
Mantap sangat membantu dalam mengjitung hari,5
Gampang digunakan dan bisa dapet notif kalo ada hari penting,5
"Saya suka sama aplikasi google kalender ini, mudah dan simple",5
Masa fitur lompat tanggal aja gk ada,1
"Keren, ada agendanya segala, very good",5
Verry good untuk melihat kalender,5
Sangat cocok dan tepat waktu sesuai dengan kebutuhan,5
Layanan Google kalender jempol,5
"Aplikasinya bagus, buat ngatur agenda",5
Udah ga perlu beli kalender lagi hehe tiap hari jga buka google kalender,5
Sangat baik dalama penanda waktu dan hari,5
Selalu tepat waktu dan mudah di mengerti. Ok,5
tanggal nya harus nya tampil update,5
Aplikasi sangat bermanfaat dalam aktivitas sehari-hari,5
"App yg sangat membantu utk menjadwalkan posting content, saya juga pakai utk jadwalkan puasa sunnah",5
Alhamdulillah baik karena jadwal kerja dan acara penting lainnya bisa terstruktur dengan baik,5
Kok saya harus ke playstore dulu yaa agar bisa masuk google kalender,1
Sangat membantu dan selalu update,5
Knapa Kalender gk muncul walaupun sudah dinstal,1
Aplikasinya sangat bagus saya bisa mengatur aktivitas saya 👍,5
"aplikasi nya mantap, bisa sebagai pengingat.",5
"Sangat membantu,, dalam mengingat ad jadwal.",5
Aplikasi yang sangat membantu jadwal kegiatan saya setiap hari,5
Bagus tapi kadang pindah pindah,3
Aplikasi ini sangat menarik sih mudah di gunakan,5
notifikasi tidak muncul setelah update.,2
Kalender ini mengalami bug,1
kalo bisa bisa di seting weton Jawa( hari pasaran Jawa) juga pasti tambah sip,4
Sangat membantu dalam milahat kalender,3
Google kalender memberikan waktu yang luar biasa dan tepat,4
Sangat membantu untuk mengingatkan jadwal yang sudah ditentukan,5
aplikasi ini sangat penting dan sangat bagus dan sangat berguna sekali 👍🏻👍🏻👍🏻,5
"Very good, aplikasi yang sangat bagus,sangat membantu",5
Google Kalender adalah aplikasi yang bagus,5
"Mantap google kalender, berguna buat saya untuk mengingat deadline tugas² saya",5
Gw najis bngt sama apk ini orang gw gak mau download malah tiba tiba kedownload sendiri mana sering lagi,1
Ingin menampilkan kalender di aplikasi,5
"Bagus, file aman dan cepat responya",5
"benci dengan aplikasi ine, di hp hari sabtu, tgl 27, terus di dalam aplikasi kalender hari minggu tgl 28, jadi saya 24 jam macam tak pengang hp, maskipun interit hidup tak tau lah bingung semua ilang sendiri macam orang sadap 😢😢😢",1
Salah satu aplikasi google yang bagus menurutku setelah google note.,5
Bagus dan tingkatkan terus,5
"bermanfaat utk mengetahui hari, merencanakan hari dan waktu",5
"Mantab, makin bagus, tingkatkan selalu!, Tks.",5
Jadi semakin mudah mengingat jadwal. Bagusnya.,5
Aplikasi sangat bagus dan bermanfaat. Thank you,5
Penyesalan mengapa selalu dtg terlambat apaka saat itu tak ada ojek atau taxi ataupun pesawat knapa ya?,5
Apk yg sangat membantu untuk mengingatkan kita kalau ada acara,5
bagus banget... jadi lebih mudah untuk mengetahui hari hari libur nasional,5
Tampilannya sederhana sekali,2
Aplikasi ini sangat berguna......apalagi bagi orang pelupa seperti saya......Oke banget,5
Sangat membantu aplikasi ini. Mantap dah pokoknya,5
Sehat jasmani dan rohani tapi juga luar biasa 🙏💪,4
Aplikasi sangat membantu mengengingat sehari - hari saya,5
Sangat penting utk mengetahui perubahan waktu setiap hari.,5
Sangat baik kalemdernya serts sangat membantu setisp waktu,4
Bagus untuk melihat tanggal dan menandai hari yg kita inginkan,5
Bagus sekali aplikasi Google emang ga pernah mengecewakan,5
"Bagus dan bermanfaat buat saya ,saya kasih 3 bintang ya semoga makin ditingkatkan lagi aplikasinya",5
"Bagus dan menarik,,,cocok banget utk saya..dan siapapun.",5
"Gaguna, event yang calendernya diundang cuma terlihat di PC aja di mobile percuma",1
Tolong dong perbaiki lagi agar tampilan tanggalnya di bagian paling depan👃,5
"Aplikasi yang bagus, pengingatnya berjalan dengan baik",5
mudah di gunakan dan tepat sasaran 👍🏻❤️,5
Sangat membantu untuk melihat kalender,5
Ku kasih 3 bintang Tolong dilengkapi sama tanggalan Jawa seperti pon Kliwon Wage legi dan naptu juga Makasih,3
Aplikasi ini sangat membantu untuk jadwal keheharian,5
Saya beri reting bintang lima puluh Tahun kedepan nya Sinyal ku mohon Jaringan lebih baik sampai selamanya,5
Setting hari yg indah bermula dgn sebelum Fajar sadik titik tolak sama ada nk.jadikn hari itu hari yg penuh bermakna atau hari yg terlihat segala keaibbannya dan mati sia sia dilupakn just like peace 's,5
Terima kasih buat aplikasi ini jadi ga ribet buat. Jadwal wiken,5
Sangat mambantu dalam mengatur aktifitas tugas harian saya,5
Update terus...tapi kalo masih update saya kurangi menjadi 1 rating,5
Very good banget kalian harus coba download apk ini,5
Sungguh cukup menyenangkan & baik mantab & bagus 👍,5
"Hari ini yg tertulis di kalender wafatnya Isa Al-Masih, harusnya diganti sesuai Kep pemerintah wafatnya Yesus kristus. Terimakasih",5
"Tolong bulan September ini di buat sampe tanggal 100 yaa, soalnya saya gk rela baginda ratu saya pindah cepet2.... Pokoknya ubah sampe 100",5
"Sabtu minggu dan libur nasionalnya bedain warnanya dong, biar kaya kalender fisik... :)",5
Sangat simple & praktis,5
"Berguna, ada info libur resmi dari pemerintah.. kalau bisa ada opsi untuk hari pasaran jawa.. 😀",5
Ya udah kita yang sudah cukup lama sekali tidak hanya di era globalisasi ini i want for dan tidak bertemu orang lain bernama Muhammad yang telah ditentukan di luar sana tidak bertemu di dalam rumah dan tidak bertemu dan peluang ekonomi dan tidak bertemu orang yang tidak hanya di luar sana tidak ada lagi yang akan tetap ada komentar link ke posting dan peluang yang sama re mi yang tidak bertemu di dalam tubuh manusia terdiri atas tiga yang e dan peluang yang sama re Martadinata ajari anak kecil i,1
Mencoba di ksih ap tidak loding trus Bru pinjm blm tau carany bila suatu saat pinjm udh ad yg tau bnar gk ny pembayaran,1
Aplikasi ini sangat penting karena meningatkan kita pada kehidupan sehari-hari 👍❤️,5
Aplikasi ini gk bagus !!!!!!!!!!!!!!!!!!!!!!!!!!!!!!!!!!!!!!!!!!!!!!!!!!!!!!!!!!!!!!!!!!!!!!!!!!!!!!!!!!!!!!!!!!!!!!!!!!!!!!!!!!!!!!!!!!!!!!!!!! Tapi boong hahaha ini aplikasi ini bagus banget kalian wajib download,5
Saya suda pke apk kalender ini lama sangat membantu mengetahui tanggal merah..,5
Enak bnget klo mo nyimpen jadwal² dan moment² terutama liat tanggalan,5
Cepet bgt dtg nya jd g lama nunggu pokonya keren lah mas ini mah,5
Terimaksih google kalendeer karna dgn bantuan google kalendee saya bisa mengigat dimana saya menyimpan tgl istimewa dgn save di gogle super kereen😍,5
tidak bisa lompat ke tanggal tertentu,1
Permudah banyak dari kita yang tidak mengerti cara dan model aplikasi dsb,5
Tampilan kalender yang sangat tidak menarik.,1
Aplikasi yang sangat berguna dan membantu. NICE AND RECOMMEND,5
Gak bisa nampilin gambar/folder full kalender,1
"Usul dong. Agar ditambahi penanggalan islam kaya syawal, romadlon, dlll Dan penanggalan jawa kaya suro, sapar, dll Dan hari jawa kaya pahing, pon, legi, kliwon, wage. Pasti tambah bermanfaat 👍",5
Jaringan tidak setabil dan lemot,1
singkat jelas padat dan praktis,5
Layanan Google kalender cap jempol,5
Bulan nya kadang tidak tepat sama bulan yng seharusnya ada,1
"sangat bagus dan membantu,ayo teman teman download apk ini",5
tp knp ya kalau saya agak terlalu loading buat ganti harinya,4
Aplikasi yg sangat baik,5
"Ulasan Penting Buat Developer Google LLC 🙇🏻. Untuk Aplikasi Google Kalender, Menurut Penilaian Saya Pribadi Ini Sangat Bagus 🤘🏻. ⭐ 5 Dari Saya ☺️",5
tidak konsisten terhadap perubahan jadwal,2
Lebih mudah mengetahui hari karna ini. tapi kalau bisa lebih kerenkan lagi ya,5
sudah bagus pertahankan dan Tingkatkan,5
Kalo hari libur dibikin merah dong warnanya. Ini mah semua tanggal warnanya sama. Kalo hari libur dikasih titik ijo kecil banget . Hadeh sekelas google kok ga kepikiran buat ngebedain warna tanggal hari libur sih🤦,1
Cara kerjanya lambat dan susah di sikronkan di google.parah pokoknya,1
"kenapa gak ada bulan Jawa nya, jd agak kurang afdol z.",3
"Kemarin pengaturan ga bisa dirubah, kelewat 1 hari",5
UII terpadu yang ada pada Masing yang tidaklah 7 umum dan hu u 7 pIndonesianya together track Yangon tidak bisa lagi yang tidaklahhu utama dari7 mengherankan bilangan yang,5
Sungguh keren aplikasinya juga membantu tugas saya.terima kasih,5
Update dan sinkronisasikan data akun google kelender saya secara detail lengkap dan akurat,5
akurat dan lengkap fiturnya,4
Tolong hilangkan spam yng virus dan hacker tidak saya kenal di apk kalender..krn itu sngat menganggu saya,1
"Kenapa saat jadwalnya, alarm tidak bunyi.",5
efisiensi dan berkualitas,5
Setelah diupdate keterangan hari-hari besar kenapa menghilang? Tolong tambahkan lagi hari besar/tanggal merah dan lewat berapa hari suatu tanggal seperti kalender lain,1
sangat membantu terutama waktu solat nya..,4
"Salam sejatra semua ,Saya merasa senang dengan adanya aplikasi Google Kalender aktipitas2ku terbantu trima kasih Dede Haryanto modelator grup publik dari Bandung Jawabarat indonesia",5
Kalender sangat berguna sekali,5
Sesekali di butuhkan dan ente suka ngumpet dadakan,5
Gue aja deh ya buat kamu mah ah biasa kok malah di suruh ke sekolah ya gak mungkin tak ada di pikiran kita harus bilang aja kali ini aja ya kalo gue punya salah satu dari tadi gue juga bingung ini ada warna apa sayang kan gak tau kalau kita bisa tidur nih kayanya gue juga bingung,5
Ini Aplikasi yg Saya gunakan Sangat membantu di Email Saya pokoknya ok banget,4
Hey Advan l5E kamu kenapa gak ngerti Google kalender ini bagus dasar gak tau diri kamu bakal gak punya anak nanti/sekarang rasain kalau gak punya jangan nyalahin aku ya lo,5
Akan lebih baik jika dibuat widget kalender satu bulan penuh dg warna merah untuk libur nasional dengan bagian paling bawah diberi keterangan untuk semua hari libur dalam setiap bulanya,1
"dear google, untuk kalender nya tolong di warnai untuk hari libur nasional biar angkanya tidak hitam semua, trims",3
Ribet untuk menambahkan acara ultah dan peringatan hari penting,1
"Tanggal merah tidak sesuai , contohnya kemaren idul adha (lebaran haji) tgl 22 Agustus 2018 hari rabu , di google kalender tgl 21 Agustus 2018 hari selasa , jadi salah hari kan ,",3
"Maaf ya hanya tigga bintang, karna di kalender ni tidak menampilkan hari hari besar Nasional dan hari hati besar Nabi Muhammad SWT",3
"Dalam melhat serta meximpan acar a baik itu undangan teman, saudara, famili , haxa tinggal membuka pada kalendervyg sangat membantu bila lupa pd hari serta tgl brp acara 2yg penting trim",5
"Merusak perangkat doang nih apk padahal aku ga download tiba"" download sendiri g jelas emang",1
Mudah mengingat tgl/hari dengan mudah,4
"Kalender ini tolong di sertakan kalender Jawa_Nasional_Masehi_China Di satukan aja, biar tambah ngerti.",5
Sangat membantu tapi kenapa selaluu mintak di apdet trus,3
Layanan Google kalender cap jempol,5
Sangat membantu tolong tingkatkan lagi,5
Mohon di tambah untuk penanggalan Jawa weton agar lbih lengkap,1
sudah bagus tapi di bagusin lagi dan itu Google aja yang urusin karena Google emang terpercaya,5
Sangat membantu melihat tanggal sehari hari,5
"Apk keren dari google kira bisa mengetahui dan menyimpan hari"" penting di sini",5
"Tampilannya diperbaiki, bikin orang bingung, gak cocok buat orang tua",3
"Bikin donk, kolom ulang tahun, dan umurnya, biar lebih MANTUL kalendernya GOOGLE",4
Pengalsman sy mnyedihkan kli lg msin hp dbikin error wae jd g smpet dKsh senang Nyantai jd riweuh ngurusin ap yg hrs dikrjsksn mlh di acak acak jd kgk focus,5
tolong di update seperti tahun lalu hari liburny di buat tq,3
Menjadwalkan meet di ponsel tidak ada pilihan bagikan atau copy link harus dari web,1
Coba tolong gambar nya jangan 31 terus harus ikutin tanggalan dong biar enak,3
"Sdh 9x lebih saya ganti hp/ android, aplikasi ini slalu saya gunakan",5
"payah nih kalender ga ganti2...tanggalnya,tgl 31 trus....ribet mesti buka apl",1
Bagus dan lengkap keterangannya,5
app berbahaya /bajakan atau dapat meniimbulkan sepam,1
Ada setingan utk kalender menstruasi kah diaplikasi ini? Saya nyari² kok belum ketemu yaa,4
aye senang sekali ada tangalan biar nga lupa hari hari dan waktu atau tanggl,2
"Saya harap kedepannya google kalender bisa menyesuaikan dengan kalender indonesia, seperti memberikan warna pada hari Minggu dan hari libur nasional.",2
"Mohon jangan ubdate lagi,,,capek saya ubdate truss,,lagian saya ubdate ini agar kalau saya main game tdak pata pata",1
najingan kalender kok ga bisa buat liat bln dalam 1 tahun,1
"tolong perbaiki hari- hari libur nasionalnya... dikalender biasa, maulid nabi tanggal 8 bukan tanggal 9",2
"Aneh ya kalender sekarang tanggal nya merah semua mana gk ngerti peringatan apa lagi, dan saya sampai gk paham tanggal merah yang sebenar nya",1
Google kalender membantu menjadi pengingat untuk kegiatan sshari-hari kitaa 👍,5
"keren sama aplikasinya the best buat google ""verygood""",5
Yg bener kalo kasih libur tanda libur. Beda ama aktual nya,1
"Min kok banyak spamnya sih? Tolong di perbaiki min,bikin gk nyaman",1
"Kenapa semua hari perayaannya kalender Malaysia sedangkan saya tinggal di Indonesia, Tolong perbaiki",1
"tolong di beri tanggal merah di setiap hari besar/hari libur... dulu ada, tp kenapa sekarang hilang? tolong di respon min...",3
Sangat membantu untuk mengingatkan jadwal penting,5
"APLIKASI APAAN INI, GAK BISA BUAT MAINAN Dimana ambil buffnya tolol, game apaan ini. JANGAN DOWNLOAD APLIKASI INI, lu nyesel gak bisa ambil airdrop disini goblok. GAME GA JELAS ISINYA ANGKA DOANG.",1
Bagaimana cara mengatasi virus kalender yang menggangu ponsel saya saya butuh bantuan.,1
"Google tolong di tambah lagi hari hari besar atau hari nasional Indonesianya, seperti hari Sumpah pemuda, hari santri nasional, hari pahlawan, dll.",5
Seneng bangat jd gampang liat tggl dimn pun saya berada,5
"Tolong google hapus buzzbreak dan account name local di google calendar saya, karena sangat menganggu. Mohon segera diperbaiki.",1
sangat berguna untuk kegiatan sehari-hari (produktif),5
"sangat sangat bermanfaat & membantu, trm 🙏.",5
Di hp Oppo a3s pengaturan liat bulannya suka berganti sendiri jadi lihat harian😔😔,3
Sangat membantu,5
"Saran saya akan lebih bagus kalau disertakan hari besar nasional di Indonesia, seperti hati pahlawan, hari pendidikan Nasional, hari Kartini, dsb",4
Ini kenapa di buka suka tiba² keluar sendiri,1
"Hei Google Kalender,ini dapat refrensi Cuti dan tanggal merah dari mana. Tolong kalo cuti jangan dikasih tanda merah,kami pegawai swasta sering salah membuat scedule. Kalender ini digunakan untuk imum,bulan ASN ataupun pegawai BUMN saja. So be aware",1
Lumayan lah buat lihat² kadang suka lupa tanggal berapa :(,5
Belum di tes tap aqu rasa in memang bagus.ok,5
Ini keren banget semua tanggal penting yg diposting orang yg kita kenal melalui apl bisa direkam bwt mengingat kita,5
sangat membantu,5
Semoga lebih bermanfaat,5
Google tolon di Tamba hari hari Besar Timor Leste seperti 20 / 05 / 2000 sebagai Hari KEMERDEKAAN Timor Leste.,5
Hari libur g keluar pdhl udh d refresh dan jaringan bagus,1
Sangat membantuku dalam mengingat hari dan tanggal 🤗🤗,5
Masak terus di ganggu sama .tidak bisa jenak nonton dari google play.,5
"Yang buruk si Bajuri GT , kau pikir buat aplikasi ini gampang Gtu,, Mank elu bisa kah buat aplikasi ini , dasar 🐶",5
Aku bingung perasaan kalender dimana?setiap mau buka kalender harus cari di play store,5
Atasi ada pa ada alasan bagi anak sy mama yang saya buk buk ap ini link prakarya ada pa pa pa ada apa-apa saat nya lg bha ada alasan yang abadi di tempel lagi di sama seperti pada tabel dibawah ya nak insyaallah saya mau aaaaa ada pa ada alasan aaaaaaaaa ada yang lain dan yang lainnya hal itu putar balik ke sana aku BG AA dan anak umak cuma soal ujian penjas ini aa,4
Belum menikmati kalender seperyi ini,5
perbarui agar tampilan tidak Membosankan,5
trimksh Google telah membantu saya untuk bisa bicara berbahasa lain,4
"Scammer menggunakan fitur ini untuk mendapatkan informasi perbankan pengguna, baik dari nomor kartu kredit, rekening bank ataupun data pribadi penting lainnya yang dapat digunakan untuk menyedot uang dari rekening bank atau broker.",1
Aplikasinya bagus buat bikin rapat di Google meet,4
"Mohon tambahkan, tanggalan arab untuk mempermudah kami orang muslim",3
Tidak bisa buat catatan di hari libur nasional..lumayan sebagai pengingat catatan online,4
Klo bisa icon tanggal'y disamain dgn hari'y. Jd jgn tgl 31 trs di icon'y..,3
sangat memuaskan dan membantu,5
Aplikasi ini sangat penting. Bagus untuk menentukan tanggal :'v,5
saya senang dengan aplikasi ini fiturnya juga bagus²,5
"Sudah bagus, tingkatkan terus",5
"Pemberitahuan bulan,hari dan tanggal hari besar Nasional",2
Ayo terus diupdate tanggalnya. Usahakan ada tanggal hijriyah untuk umat muslim,5
Bahasa kalender nya saya ga ngerti knp ya,1
Semua cepat cepat semua,5
pengingat terbaik,5
Coba ada rangkap weton Jawa nya seperti legi pahing pon Wage Kliwon,5
Kalian gak perlu download kl kalian ada kalender,3
"Jadi enak dah bisa lihat tanggal2 gajihan apa lagi memory di kenangan dlu,,,,👌👌👌",5
Perlu di dalam menerima autput proses autput diperlukan waktu yg tepat,5
"untuk waktu dan pengingat hari raya, hari besar, hari bersejarah. Ok. dapat mengingat hari ULTAH pemilik sesuai date di Gmail",5
OK sangat membantu sekali Dalam pekerjaan,5
Bagus sekali appknya sangat membantu semua orang,5
bekerha dengan baik,5
Sangat membantu jadwal kerjaan,4
Cepat untuk mencari layak,5
Mudah di pelajari dan lengkap,4
Oke mngkin ini berguna mksh,5
Kalender sangat sempurna,5
"Terbaik, aplikasi yg sangat dibutuhkan",5
pengn dapet saldo,5
Tidak ada alarm nya. Pembodohan,1
Sangat bagus. Mendukung dlm pekerjaan saya.,5
Mohon tambahkan kalender jawa dan hari pasaran. Kalender Indonesia 🇮🇩,3
Gak perlu repot repot liat kalender di dinding cukup buka apk ini di hp langsung deh tau hari apa tgl brp👍👍,5
Sangat diperlukan untuk membuat suatu surat,5
membantu sekali,5
membantu sekali,5
Belum bisa di buktikan berhasil. Dalam perbaikan.,5
Kenapa nggk bisa diabdet,5
Cukup bagus layanan nya,5
Ko nggak bisa di buka ka kalendernya di hp oppo f3 biasa kenapa ya,5
Kalender ny bnyar marcat yg salah gunakan lokasi penjualan,5
Kenapaa di hp aku ga pernah muncul notifikasi? Tolong bantu aku,1
saya terbantu dg adanya kalender ini juga dapat sebagai pengingat,5
tingkatkan lagi,5
Ditambahi fitur alarm utk pengingat tugas atau acara,4
Ingin jadi sukses jangan mudah putus asal dan mudah menyerah tetap berjuang dan semangat,4
Alhamdulilah luar biasa apk playstore semuanya,5
Bagus Sekali 👍👍👍,5
hari paling bahagia,5
Membantu memenajemen waktu dengan sangat baik👌,5
Sangat membantu dan menguntungkan. Terima kasih.,5
Sangat puas .. dan terbantu banget,5
"Baru 2 hari yg lalu update, sekarang update lagi",1
Ini aplikasi yg mencatat kegiatan kita dari hari ke hari.semua tercatat.,4
Klender ni sangat mantap bisa prediksi cuaca . Jd aman mau keluar 👍,5
Sampah gara gara kalian nih minta update trs sampai aplikasiku hps pokonya tanggung jawab,1
Sangat bermanfaat,5
Masih banyak kekurangan nya. Gampang kena hack,5
Tolong ditambah menu catatan,3
Aplikasi ga guna 🗿 Tpi agak bermnfaat;) Sekian trima ksih 😊✨,2
Aplikasi ini sangat cocok untuk diingat lebaran👍,5
Aplikasi goblokk bikin di udate malah ngebug bikin emosi aja,1
Alat fitur kurang bagus,1
Gak banget Sangat Tidak Bagus baik di Non aktip kan saja,1
"Google kalender penting didalam setiap HP, bintang lima ok.",4
Terbaik app ini,5
Mantaplah aplikasinya Google Kalendernya,5
"Beri saya jadwal acara yang terbaik, Thank's google,",5
Sip terus bos ya semoga saya ingat terus kalender biar ggak lupa sama dunia ini bos tempat kita berpijak,5
"Yang sakitnya kalender ini, orang tgl 19 Oktober 2021 Maulid, disini tgl 20 10 2021... kenapa??? Mana gak bisa di uninstall lagi, hadeuhhhh...",1
game seru. dan bisa maen bersama / mabar,5
aku mau nanya deh biar hapus kaya pengingat gitu gimana ya itu banyak banget sampe tahun depan,5
Sangat baguss bngettt,5
Hxbxbckeuuehedudhdh yang tepat dan lebih tepatnya pada tanggal yang sama dengan yang lain dan enak untuk di era reformasi yang dapat membantu engkau engkau tidak usah engkau tidak usah di dunia yang dapat digunakan enak dan enak es enak dan enak dilihat tetapi re engkau engkau engkau tidak iieei engkau enak dan engkau telah eieieieieei yeyyeye untuk energi rendah hati dan enak dilihat dan engkau tidak akan ini t di wilayah iieei dan lebih tepatnya di desa ini terletak sekitar Rp dan enak untukws,5
sangat membantu,5
"Bagus,,Lebih efektip tuk kita semua.",3
Play store emang memenuhi semua kebutuhan aplikasi,5
bagus kalender google anak sekolah libur sekolah bisa di batasin 5 aja gk sampai seminggu ya,5
"Bagus banget, membantu dalam keseharian 😍",5
Bagus banget banget sekali!!!!!!! ini apk aku kasih ⭐ 5,5
Aplikasi keren untuk saat ini dan selamanya,5
Kalender apa ini gak ada setelan lompat tahun,1
Google Kalender<<Mengucapkan Terima Kasih Banyak sudah memberikan yang TERBAIK👈👈👍👍👍😀😄💜🎧🎧🎵🎵🎶🎶📱💻📡🌎🌏🌍🚕🚘🚙🚛☑,5
Layanan google kalender cap jempol,5
Ikon ditampilan layar tdk bs dibuka..😁,2
Layanan Google Kalender cap jempol,5
"mantap, setiap agenda saya, saya catat disini,,, sangat membantu sekali",5
Aplikasi bagus saya suka tolong tingkatkan kwalitanya,4
Praktis dan fleksibel dalam pemakaian,5
"Maaf tugas, dan hari libur jadwalnya suka salah, mohon d perbaiki lgi",4
sangat bagus & enak bisa lihat tanggal acra ultah,5
Sangat membantu dlm mencatat tugas n pengingat agenda,5
sangat membantu pendataan dalam beraktifitas,4
Semoga aplikasi ini bisa bermanfaat bagi semua orang yang main sosmed,5
"Tolong ubah wafat dan kenaikan isa almasih menjadi yesus kristus, karena dari kementerian agama sudah di sahkan",5
dengan hari raya juga,5
Tolong pulih kn aplikasi kalender ny,5
Payah semua pengingat ilang .. jadi lupa acara tgl berapa 🤦🤦,1
Kalo mau buat jadwal meeting yg connect ke meeting room app google meet gimana ya??,4
Aplikasi yang sangat bagus teman teman,5
Sangat membantu melihat tgl bln thn,5
Okeh Rekomendasi Bermanfaat Bagus. Terimakasih dukungannya,5
Lumayan sinyal nya agak jelek,2
bagus sekali,5
Ga muncul tglnya didestopnya,5
Sangat bermanfaat sekali tuk melihat hari dn tanggal hr libur,5
Aplikasi sangat bagus dan mudah digunakan,5
"Kasih tanggal merah Saya jadi lupa bahwa tanggal tersebut adalah tanggal ngedate saya 😑 dan saya kira ini kalender tidak ada hari Minggu atau libur, 🥴",4
Aplikasi sangat bermanfaat download sekarang juga,5
Aplikasi yg bagus untuk menjadwalkan kegiatan,5
Sukses terus dan selalu bermanfaat Salam sejahtera...,5
Papua barat Riau Jambi Sumatera Selatan Bengkulu Lampung kepulauan Bangka Belitung timur ini kah suda magrib dan isya dan tarawih di masjid Nabawi pertama di dunia yang paling banyak orang yang tepat untuk Anda yang ingin dicapai dengan berjalan kaki dari Makassar bang jali versi,5
cuma download google kalender sama jam cuma lihat widget :v,1
Kenapa nggak bisa sinkron ya kecuali akun lain. Apa harus akun lama,3
App kalender sangat bagus☺️,5
Google kalender ini sangat bagus,4
sangat memudahkan mengatur jadwal apapun..,4
Kabarnya ada cuti bersama yg d batalkn oleh pemerintah. Tlg donk di update...,1
"aq lansia penting sekali melihat kalender untuk ultah anak, cucu dll. Zterimakasih",5
Saya kasih bintang 4 dulu ada yang masih kurang tanggal merahnya tidak ada tolong di perbaiki lagi,4
Menu nya bagus dan aku suka. Thank's,5
Ini kelender jangan update terus lah abis mamari saya plss jarangakan updatenya,3
Sangat bermanfa'at bagi saya dengan Aplikasi ini.,4
Sangat mudah untuk di gunakan,5
sangat membantu,5
"Terima kasih, untuk aplikasinya. Salam sukses selalu.",5
Kalender yang pas buat saya karena sangat relevant,5
Sangat Membantu Pekerjaan,4
Semoga kedepannya bisa di tambahkan kalender Jawa atau Hijriyahnya.,5
Melihat kalender jadi lebih mudah,5
Sedikit membingungkan tampilannya,1
aplikasi terbaik untuk mengingatkan saya tentang agenda,5
Google Kalender ini sangat bagus sekali,5
Siip sangat berguna dan membatu mantap sekali,5
Pembaruan yg dak bisa di update,1
"Aplikasinya bagus, sangat memudahkan sekaliiii",5
Perbaharui aja terus sampe nenek lo jadi kiper lazio. Gw buka aja gk pernah.! Hp n*kia poliponik jugaada kalender,2
Sudah di update tapi masih minta di update lgi,1
aplikasi kalender terbaik yg pernah saya gunakan. bagus sekali 😊👍🏼⭐⭐⭐⭐⭐⭐⭐⭐⭐⭐⭐⭐⭐,5
"Sangat berguna dan bermanfa,at.",5
yg ribut kalender ini ga ada libur nasional pasti hpnya Mito.,5
hari libur jg gak dicantumin jd susah mau liatnya,1
Aplikasinya luarbiasa saya nyaman dengan google kelender ini,5
Aplikasi pilihan terbaik..saya sangat terkesan menggunakannya,5
Jelek aku tidak suka dan tidak tertarik Tidak berguna,1
Bagus untuk buat jadwal yg bisa di manage,5
bagus lah Di Mi a1 aku!!adain Tema Anime lah,5
tampilan menarik lembut,5
Sangat akurat & mantap,4
tolong tambahkan warna untuk hari libur atau hari besar lainnya karena itulah bagian fungsi dari kalender,1
Sangat mudah dan menarik,5
aplikasi yg sangat membantu.. dan slalu update 👍,5
Aplikasi nya...memuaskan tingkatkan lagi...,5
Sangat membantu untuk menyusun agenda,5
Bagus buat lhat kalender di saat lpa,4
Aplikasi sangat berguna buat lihat tanggal👍,5
Lumayan membantu melihat kalender tiap hari,5
Bagus karena kalender ini tu ada gambarnya,4
Gak bisa lht kalender bulanan bozzz...,3
"Bener bener bagus aplikasinya,suka banget👍",5
Cukup bagus dan simpel 👍🏻,5
Aplikasi yang membuat performa haid anda lancar,5
"Sangat membantu dalam mengetahui rencana yang akan dilakukan, sehingga tidak tabrakan atau lalai di kegiatan",5
Tolong takedown spam yg masuk bertubi-tubi.,1
Cara update agar ada hari libur nasional indonesia bagaimana? Punya saya sebelum di-update ada,3
"Knp mudah di serang virus, semoga kedepan nya lebih ok",2
Bagus kalender nya mantap 👍,5
Sip bagus apknya pokoknya membantu terima kasih,5
Sangat membantu saya dalam mengatur jadwal kerja.. Terimakasih,5
"Kalendernya lengkap,lebih lengkap dari yang di tembok-tembok..................",5
"Google kalender sangat berguna banget gaes,,,,",5
KAGA KONSISTEN NGASIH TANGGAL LIBUR MASIH PLIN PLAN,3
Tambahkan kalender islam/hijriyah dan hari libur nasionalnya samakan seperti kalender rumah,5
Memudahkan untuk melihat kalender Hijriyah.. mantap,5
Bagus cuma kadang sering lupa kalau ada tanggalan juga di dinding kamar,5
Sangat membantu Terimakasih Google Kalender,5
Sangat bagus sekali untuk kegiatan sehari hari,5
Tolong tambahkan warna yang lain dan tolong tambahkan jadwal olahraga dll,2
Oke sangat membantu,5
baik sekali,5
Terimakasih banyak ya aplikasi ini sangat membantu dalam menjalankan tugas Saya,5
Aplikasi bagus sekali dan sangat membantu,5
Lumayan.tambahkan wallpaper dong biar ga kaku,3
gk suka grafiknya,2
Alhamdulillah bermanfaat kalender Masehi nya,5
"Pengingat acara saya di tahun 2019 ke bawah hilang, tolong kembalikan semua!!!",1
"Setelah diperbaharui kenapa tanggalnya tetap sampai 31 , kenapa gak 32 pa 33",4
Sangat memuaskan,5
cukup baik mudah di gunakan,5
Sangat membantu untuk melakukan pengingat hari ke lahiran seseorang,5
Banyak virus yg masuk di pesan kalender,5
Bagus menarik and then aku suka banget thank you,5
Sangat membantu segala aktifitas,5
saya sangat membantu menggunakan Google kelender very good👌👌👌,5
Aplikasi susah terlalu susah aturannya .sangat di sesalkan rugi instal aplikasi ini,1
Saya sangat suka aplikasi Ina karna saya bisa mengandalkan jadual saya,3
Yl lebih baik dan praktis kembalilah.,1
Sangat membantu sekali dalam kehidupan sehari-hari..,5
Trimksih lah aplnya,5
Tambahkan kalender alternatif KALENDER JAWA dong min. Ada Neptu ada tahun SAKA nya juga ...,1
Aplikasinya berguna bgt bisa buat note,5
Dengan aplikasi ini saya dapat mengetahui waktu dan tanggal dengan teliti,5
Sangat lama untuk di douload,1
Jangan Ampil sy pu HP dan barang lain,5
Kalender yg sangat lengkap,4
Aplikasi akurat mantap kalendernya,5
Di rubah lah tolong ya ini saya binggung liat kalender kek gini tu gak paham.,2
sangat baik untuk buat ulasan jadi ada pengingat y,5
Bagus dan mantap luar biasa,5
Ga bisa offline harus pake data,1
Dilayar tidak bisa dibuka,1
Isi tampilan kalender ko ga sama dgn apl nya,5
Klo mo buka aplikasi ini tdk bs lgs. Pdhl sdh diinstal,1
pernah krja d percetskan d kemaypran lama prnah krja d prtokoan cikarang dlu sring puasa dan sring sholat hajad jam 1 mlam d msjid dan prnah para pinpinan umat dlam mimpi bahkan brtemu bneran 😅😯😢 itu nGa rja karena kyunya yg bsar d ldang saya yg bsar d rangkul orang tdak nyakupi sya tbang jm 1 mlam rbuh jm 4 hampr shubuh,2
Lama bener kalau di download nya bung,3
Sinkronasi nya susah. Kadang bisa kadang enggak.,2
sangat komplit dan lengkap,5
"Tambahin hitung mundur dong mbak google, adem aja gitu liat tanggal gajian tinggal berapa hari lagi",4
Jangan Lupa subscribe JOPIGU video nya keren keren,5
Mantap & bagus layak di pakay👍👍👍👍👍,5
Bagus untuk ingatkan agenda penting berjalan,5
Aku suka sama kalender bisa lihat hari bulan tahun,5
Untuk hidup yg lebih baik & berwarna🧕👳,5
"penanggalan kurang komplit, gak ada penanggalan Jawa",3
Bagus kalendernya lengkap,5
Semoga. Di bulan Januari ini menjadi barokah dan selalu dalam lindungan Allah SWT,4
"Bagus, buat melihat tanggal.",5
Baik amplikasi calender ini bagus dipergumalan,5
Sangat membantu,5
y cakne ini buk ini masih dalam proses pembelajaran berlangsung selama beberapa tahun lalu yang d,1
"Kenapa hanya ada hari libur Islam,Kristen dan Hindu dan tidak ada hari libur untuk agama Budha ?",4
Ui nya dan ux nya kurang nyaman,3
Google Chrome versi. Pasang saja. Saya kurang paham .saya beri reting bintang lima.,4
Masih ada bug/ error,1
Mungkinkah kalender membuat format menjadi buruk Bila taG ada BBM,2
Kok gk bisa di buka d layar utama,5
"Wih, bagus cuman untuk tanggal libur seharusnya tanggal merah, kok ini malah tanggal merah itu tanggal hijau mohon ya perbaiki lagi",2
Apk ini sunggu membantu untuk mengetahui tanggal dan hari2 tertentu,5
Sangat membantu,5
"Apk berguna banget, fitur lengkap",5
"Apk parah gk sinkron sama kalender kertas, masak di kalender kertas 1 muharam jatuh pd tgl 10 hari selasa lah kok dikalender google 1 muharam jatuh pd tgl 10 hari rabu. Parah cuuk",2
Sangat mudah di gunakan keren👍👍👍,5
Ok dapat membantu untuk mengetahui tabggal dan hari,5
Sangat Bosan Melihat Kalender Ini. Soalnya Ngak Prasmanan Cari Atau Acara-acara,1
Tidak bagus tampilannya,2
Jelek pakai bangat n z mau unistal GK bisa n terpaksa z downloads kalender lain aja,1
Mantap keren. Kalau bisa ada tangal merah nya. Pas lhari libur nasonal,5
"kasih 4 dl, kl tambah bagus ya tambah lg bintang ny",4
sangat membantu,1
sangat membantu,5
Sangat memuaskan semua aplikasinya,5
mantap klau bersama dengan kalender Google,5
setiap mau masuk slalu kluar sndiri...,3
sangat membantu,5
Aplikasinya bagus sangat membantu sekali,5
"Saya kasih bintang 5 untuk aplikasi ini berguna bagi anda yang melihat tanggal, jadwal dan lain sebagainya",5
Google kalender juga di perbarui.,5
Tuliskan sepanjang hari,5
Ok bgt ada u catatan,5
Semoga bermanfaat,5
Bagus sekali,5
baik sekali,5
2 bintang dulu,2
Kecantikan,5
Saya beri reting bintang lima pasang,5
sangat bermanfaat untuk menentukan hari dan jadwal,5
Bagus tapi bagaimana cara melihat jadwal di pengingat yang sudah terlewatkan yaa?,4
Mengalami perubahan tanggal saja cuma kurang paham,1
"Mantap, bisa mengingat tgl dan hari",5
Kalender saya kenapa tidak bisa dibuka skhir2 ini...? Apa krn tdnya blm diberi rating,5
praktis dan sangat membantu,5
"Itu hari minggu di update warnanya jadi merah napa biar gak binggung saya nya, pliss",3
Kalender dengan fiture terlengkap.....,5
"Jos betul,,ini aplikasi yg sangat membantu saya sebagai publik figur",5
"harusnya di buat ada tgl merahnya, biar tambah oke..",5
Jelek dan ribet Tampilan penuh bedain hari libur aja susah,1
Mudah untuk mengetahui sekarang tanggal berapa dan dapat menjadwalkan aktifitas penting milik saya. Thanks,5
memudahkan monyet tanggal dan waktu,2
"Terkejut5miliar, bukan jutawan... hebat",5
Mantap buat kelola acara maupun jadwal...,5
butuh pembaruan punyaku gabisa di buka,2
Cuma nyaranin jangan Nginstalnya lama²,3
Penting sekali karena tau tanggal dulu baru *gajian*....,5
Sangat membantu dalam aktifitas,5
sangat bermanfaat,5
"ccd, saya download kalender ini suapaya tahu hari libur. tapi enggk ada",1
Sangat bagus klu bisa tambahin hr raya,5
Sangat bermanfaat,5
Tidak ada bunyi alarm,2
"Apabila kadang lupa tanggal,hari sy lihat diapp ini kalau ingin pergi",5
tampilanya kurang lengkap serta disainya jelek,3
Kalendernya untuk saya pribadi lebih baik lagi,5
Sangat mudah dimengerti,5
Bagus aplikasinya. Sangat membantu. Terima kasih.,5
baguslah aplikasi android ini kasih lima bintang,5
"Good job, selama yg sy ikuti, semoga ngga rumit thank indosat",5
Sangat membantu untuk melihat tanggal,5
Saya ingin bebas berbicara dan menonton apa yg saya suka.,5
Untuk mengetahui jatwal acara tepat bagus,5
sangat membantu,5
saya hampir setiap hari pasti selalu melihat kalender untuk melihat tanggal dan melihat tanggal merah nya itu ada berapa di setiap bulannya. jika aku tidak melihat kalender maka aku tidak akan tahu bahwa sekarang hari apa dan tanggal berapa. jika aku melihat kalender maka aku akan tahu bahwa sekarang hari ini hari apa dan sekarang tanggal berapa. kalender yang saya itu untuk melihat tanggal yang berwarna hitam dan berwarna merah. jadi itulah alasannya kenapa hampir setiap hari saya selalu meliha,5
Kenapa tidak bisa masuk ke aplikasi nya? Tolong Perbaiki developer !,1
"Keren, membantu dalam mengnginat momen"" besar",5
"Please, Tambahkan mode gelap di Android O+ 🤗",4
Bagus gambarnya menarik,5
Terimakasih jadwal tanggal dan hari yang selalu saya lihat,5
Aplikasi ini sangat membantu sebagai pengingat nice👍,5
Aplikasi ini sangat membantu mengingatkan jadwal krj saya,5
"jlek!!! koq gx bs hapus acaranya lgsung smua sih! kan ak cpek hapusny satu satu, dihapus juga gx bisa 😡😡😡‼️",1
"Massaalloh,saya selalu ingat tanggal berapa dengan aplikasi ini😊🙏",5
Aplikasi bagus dan sangat membantu..,5
Maaf kenapa saya mendapatkan notifikasi Macam seperti virus?,3
jangan sering sering pembubarane,3
Banyak notifikasi virus... Gimana cara hapus nya...?,3
Sangat membantu.,5
ApLikasii Yangg Sangatt Baguss Dann Baikk Untukk Dii Gunakann .,3
Best.. membatu karna ga punya kalender,5
"Tidak sesuai dengan keputusan pemerintah.. Lahir, Kematian, kenaikan Isa Almasih nya diganti dengan Yesus Kristus dong !!",2
Membantu sekali buat nyatet agenda penting biar gak terlewatkan.,5
Ok Bosque bagus banget aplikasi ini 🥰,5
"Kalender membantu tuk ingatin tgl,,tks",2
Tolong tambahkan tampilan dalam setahun,1
Tiga dulu soalnya sering eror,3
"Sejauh ini bagus, membantu saya dalam aktifitas sehari hari",5
Memang in sangat bagus tapi saya tidak tau cara memekai ny 🤕,1
tolong donk di kash tgl jawa ama bln jwa dn jga gk ad tgl mereh nya jdi aq lier kepl nya...tks,5
"tolong diperjelas lagi angka-angkanya., dan tolong berikan tanggal merah.. .",2
Sebaiknya disederhanakan lagi,4
Untuk tampilan tahun nya kok dihilangkan,5
Gimana biar daftar acara nya auto muncul di tahun berikutnya?,3
Baik dan membantu saya untuk mengingatkan.,5
"Kalendernya bagus,",5
Agar kegiatan kita terjadual dan teringat,5
Sangat berguna untuk mengingat tanggal berapa kita ada perlu,5
sangat membantu untuk mempersiapkan rencana pribadi.,5
Lancar dan cepat,5
Biar bintang yang berbicara,5
Baik cuman perlu tambah ada penanggalan hijriah juga perlu,3
Sy cek dulu ya gan semoga berfungsi dengan baik,3
kenapa ga bisa diupdate ya?,1
Terima kasih diberitahu tentang informasi tanggal hari dan bulan dan tahun,5
bagus aplikasi ini untuk mengetahui memperoleh informasi,5
Sangat membantu,5
Kalender juga penting untuk mengingat masa lalu,5
Jelek tidak bisa menambah pengingat untuk 5 thn kedepan,1
Sekarang tanggal libur nasional Indonesia sudah berubah tolong diberi keterangan libur,3
terlalu sering update🤦🏻‍♂️,1
Cepat dan akurat,5
agar di updet ke versi terbarunya,3
"salah bikin pengingat, sudah hapus data tapi ga bisa hilang???",3
Aplikasi ini sangat baik untuk di gunakan sehari hari,5
Tambahkan untuk menaruh gambar ke dalam pengingat,5
sangat bermanfaat,5
Aq senang sekali masuk di gogle kalender,5
Kelender bulanan/ tahunan sangat penting di setiap hari hari kegiatan.,5
Y Sgt penting kalender mengingatkan kita dgn kegiatan kegiatan kita setiap hari,5
Google kalender ini bagus skli,5
"Google Calender saya kena Hack, Menampilkan situs-situs penipuan dan virus",1
Kalender bbrp bulan tdk bisa di buka.,3
Google Kalender Aplikasi Terbaik 💯,5
Ribet! Gabisa atur ulang jadwal. Atur jam aja gabisa.,1
Bagus dan mudah d pahami,5
buat pengingat waktu sungguh bagus,5
Super mantap dan sangat okkay aplikasi ini 😍😍😍😍,5
"Woi, kenapa masih tertulis wafat isa almasih, kan sudah ganti menjadi wafat Yesus Kristus. Update ga lu.",1
Aku cuma kasih bintang 3 kerena tidak ada hari raya Galung dan hari raya Kuningan dan hari raya umat Hindu lainnya.,3
Sangat diperlukan bagi pengguna kawan semua,4
Bikin emosi susah di updet ganggu ponsel orang aja,1
hari kedua tahun 2025,5
"Mohon di buatkan untuk mode ulang tahun, terima kasih",5
Nggak capek setiap hari memperbarui terus,1
Sangat membantu mengingatkan aktivitas harian,5
Semua orang membwaktu dan tanggal,4
Jadwal pekerjaan tercatat dan sebagai pengingat mantap..👍,5
Suka bangt bisa liat tanggal😊,5
moga byak perubahan tidak di curangi lg,5
Mantap jalan terus,1
Kalender google mantap,4
Lebih cepat dan mengingatkn,4
Cuma kalender doang updatenya tiap hari,1
apknya sangat berguna,5
ganggu betul iklannya kntoll,1
"mengetahui Tahun Baru 2025 besok sebagai awal tahun, bulan dan hari",5
"baguss bngt, bisa tau kapan dan jam berapa kita ketemu orang atau acara2",4
Kenapa ya tidak ada keterangan tanggal merah seperti di tanggalan kertas? Supaya orang tahu tanggal berapa saja yang ada hari libur nasional nya,4
Kenapa link google meet tidak muncul?,3
App ini selalu membantu penggunanya yang lupa akan kegiatan sesuatu. Terima kasih,5
Terima kasih atas dukungannya Google Kalender,5
mantapkan sistem,5
Sangat membantu saya,3
Bintang 5 ja deh smoga bisa bermanfaat buatvpenjadwalan team group kerja kami... Thanks google,5
Orang tua dan kapan akan menikah di Indonesia dan kapan pun Anda membayar di dunia dan kapan pun tak mau harus ada upaya meningkatkan dan di Indonesia itu yang sebesar-besarnya kepada orang tua yang sebesar-besarnya kepada para pengguna jalan lainnya di Irak di Irak yang sebesar-besarnya bagi mereka bisa lepas untuk menjadi orang sukses yang tidak pernah tahu yang tidak bisa lepas di dunia yang akan datang di Irak dan barat di dunia ini adalah mencari tahu tentang produk yang akan terjadi jika a,5
Walaupun kadang suka susah tapi tetep enakennnn,5
Tingkatkan fiturnya.....,5
Mantap keren banget nih,5
Ini gimana cara hapus acara ko susah si yg lain bisa ini engga,1
Ga usah punya kalender dari dinding tembok. Gunakan saja aplikasi ini.,5
"Penyediaan yang memudahkan, mantap, 👍",5
Sangat membantu buat pngingat,5
"untuk google kalendar menurut saya, sudah cukup baik",5
Sangat membantu bagi pengguna jasa online,5
Lengkap sekali fiturnya,5
Selalu mengingatkan jadwal pekerjaan.,5
Aplikasi yang selalu ngingetin hari pada kita,5
berfungsi sebagai Kalender atau tanggalan,3
Bagus cuma kalo beleh saran tambahin dong tanggal jawa misal nya pahing wage kliwon nya biar makin sip trimkasih,5
Mohon di bantu koneksi internet gagal terus,5
Muda mudahn tdak mengecewakan google kalender,4
Kalender selalu dibutuhkan,1
Sangat bermanfaat dan membantu sekali,5
Apk wajib ni.. sdh tak di ragu kan lagi,5
"Tolong untuk tanggal hari ini dibikin mark lagi, biar tau hari ap tgl berapa",1
"To : Shopie food Orderan pesanan makanan, _**Request Pembayaran pribadi tunai driver Shopie food langsung dari pemesanan makanan nya.",5
membantu banget mengatur jadwal sehari hari,5
"Very good, aplikasi sangat sangat membantu",5
sangat berguna,5
Bintang 3 Krn sebagian tanggal sama hari di klnder ini beda dgn klnder kertas,3
Sangat membantu,5
hari dan tanggal setiap hatomya tidak berganti.. mohon diperbaiki..,3
Mencoba meretas sya . . Aplikasi dimasukan dari hp teman,1
Canggih banget aplikasi nya,5
"Saya masih belajar, mengapa gak bisa mengakses kalender",5
Sangat membantu memberikan tanggalan dgn pasti.,5
Tidak bisa menampilkan 1 tahun ke belakang dan kedepan,3
"good, ngatur jadwal jadi enak",5
"Waduh, saya kok kena virus spam acara kalender toh😤",4
tanpa aplikasi ini hidup kurang sempurna🤭,5
Sangat membantu dan bagus!!!!!!!!!!!!!!!!!!!!!!!!!!!,3
Hubungan kontak,1
biar bintang yang bicara.. sukses trus buat semuanya.,5
Jangan terlalu sering di perbaharui dong,5
Kok tanggal merahnya ga sesuai kalender yg dirumah ya Di kalender ini tanggal merah 15 Di kalender biasa tanggal merah 16,2
Akan lebih bagus kalo ada tgl merah libur nasionalnya. Juga keterangan kalender arab,4
Tolong tambahkan pintasan menuju tanggal tertentu.,4
Optimalkan kinerja aplikasi di perangkat saya,5
kalender ini sangat membantu,5
Sy ksih 3 bntg dlu ya klo apk ini bgus nanti aku ksih 5 ok,3
Apk ini sangat bagus bisa membantu kita,5
Terima kasih geogle atas pelayanan terbaiknya,5
cepat dan akurat,5
Dpt membantu dlm kesulitan Mendapatkan kalender,4
Kenapa semua jadwal acara saya tiba2 hilang ya...,2
Kumohon Sayang. Kita Liat saja Nanti Kalau tapi berkalahlai semuanya Lagi.,3
Aplikasih nya gak berguna banget aku kasih bintang lima karena kasihan,5
Kalender aktifkan juga,1
Kok punya ku akhir akhir ini selalu masuk berita virus gitu!?,4
Aplikasi bagus untuk pengingat acara,5
Excellen aplikasi kalender..,5
Kalender saya tidak bisa dibuka akhir akhir ini kenapa ya,2
Aplikasi yang sangat bagus good job,5
Sangat memuaskan dan menarik,5
"Pake bs2, knp kok tanggal di tampilan Depan gak berubah? Selalu angka 31?",1
Baru aja kemarin update sekarang update lagi,1
bagus kita bisa tau sekarang tanggal apa hari apa bulan apa bagusss deh pokoknya 😄😄,3
ini cukup bagus,5
Sangat penting untuk tau berita terbaru,5
Tampilan sekarang membingungkan?! Lebih baik yg dulu.,1
Makasih kalender udah mau liat tanggal semuanya ada,5
kenapa hari libur besar tidak ditampilkan sepertibhariraya idhulfitri dan hariraya idhuladha,1
Saya sangat mengandalkan google kalender. Bagus sekali,5
Aplikasi yang paling bagus banget.,5
Kalender kurang lengkap,1
Aku kasih 3 bintang dah..semoga bisa terupdate & lancar,3
Aplikasi ini memudahkan saya untuk melihat tanggal dan hari,5
Tanggal merah di kalender lain Sabtu ehh di sini malah Senen gak sinkron banget pas mau di sinkron malah eror lol,1
dinamic animasi tanggalnya nggak aktif di asus Zenfone live L1,2
Kalender nya selalu pas,5
Aplikasinya di dunia ini yang paling banyak digunakan,5
Aplikasiya kurang stabil,1
Saya senang dengan adanya kalender jadi bisa liat tanggal,5
Aplikasi ini sangat membantu anda dalam bekerja,5
"Ganti Bro 29 Maret , bukan wafat Isa Al-Masih, tapi Yesus Kristus.",5
"Aplikasi ini sangat bagus sekali, lanjutkan!",5
Sangat membantu untuk pengingat jadwal kegiatan,5
G ada kemajuan kalender tradisional tgl merah nya cuma hari Minggu aplikasi kampungan,1
Beri keterangan tanggal merah pada angka saat ada hari besar/libur nasional (contoh tanggal 17 agustus),4
"Tanggal belanja,tanggal masturbasi,tanggal berumah tangga dengan orang paling muda dan paling ganteng,alias dengan tuan muda Abdi sunandar",4
Bagus banget meski aplikasi ini bagus banget deh,5
Sangat membantu aplikasi yg laen gan.,5
Saya suka melihat tanggal di kalender yang ada di Google,5
Sinyal kurang mampu jikala jkita donwlod sehingga susah buka file file pe nting.,5
ga suka saya sama tampilan kalender,1
ok sangat bagus,4
Membantu si untuk mengingatkan rapat penting di kantor,5
Berguna banget nih gak bikin hp lemot,5
Google Kalender Ini Sangat Membuat Saya Kesal Krna Selalu Update Memaksa Jdi Tuh Update Sendiri Trs Kalo Di Batalin Ngga Jadi Padahal Update Otomatis Nya Udh Di Matikan,1
"Google Kalender, memang yang paling okey",5
Apk sangat bagus dari dulu selalu memberikn yg terbaik,5
Lumayan membantu,4
Aplikasi sangat baik untuk berbagai keperluan,5
Kalau bisa di tambahkan tanggal hijriyah agar lebih baik nanti saya kasih 🌟 5.,4
Sanget bagus dan menarik,5
Selatan untuk myang maksimal isi untuk mendapatkan hasil,3
kalender ini tidak ada harinya aku tidak menyukai ini,1
Yang harepin terwujudkan juga google kalender berkembag pesat,5
Aplikasi yang berguna di kehidupan sehari-hari.,5
Bagus dan Sangat membantus,5
"Gpp, cuma gabut. Jadi gua rating semuq apk yg gua punya",5
Bagus bisa lihat semua hari besar dan hari jawa,5
"Good, tambahin lagi vitur yang lebih keren biar oke...",5
"Bisa jadi pengingat untuk acara kitaa nihh, kerennn 👍",5
di perbarui tiap hari.gak ad perubhan ngabisin kuota,1
Mohon edid kalende karena tidak ada di halaman hp,4
Aplikasinya sangat bagus dan bermanfaat,5
Kalender terbaik untuk aktivitas saya,5
Aplikasi kalender terbaik,5
kenapa gak bisa di update,5
Mantap dan bagus untuk kesehatan,5
Woi notifikasi aplikasi virus muncul mulu,1
sangat membantu,5
membantu sekali 👍,5
Jempol pokoknya,5
Bagus membantu dan lengkap,5
Aplikasi yang bagus yang memperingatkan kita tentang tanggal,5
kenapa HP saya tidak bisa di setting ke kalender Hijriyah?,1
Mantap dan rokomen sekali tarus lah berkarya.,5
Aplikasi google yang saya suka dan sudah lama pergunakan. Ok Google,5
Bagus banget Google Kalender nya😊,5
kalau bisa tanggal merah nya sekalian.. biar tau mana hari libur besar atau libur biasa..,3
Aplikasi bagus untuk mengetahui kapan waktu kita akan melakukan,5
Lebih bagus lagi kalo ditambahin tanggal merah/hari libur,3
Sangat bagus dan berguna banget terimakasih,5
Makin praktis untuk pengingat pesanan,5
Tolong jangan menginstal tanpa seijin yang punya akun..,1
Hai aku Rihana syula aplikasi ini sangat jelek gak bisa buat jadwal jadi ku kasi bintang 1 deh,1
gamenya bagus dan tidak sulit,5
"sangat membantu kita dalam mengingat kejadian apa saja..,mantab..👍",5
Bagus dan cepat,5
Apknya bagus dan sangat bermanfaat.,5
Lumayan membantu dan lumayan bagus,4
Google Kalender Aplikasi Terbaik 🫰🏻,5
kalender hari libur nggak ada tanggal merahnya cuman titik doang. emang nggak bisa kasih warna merah tuh tanggalnya.,2
Google Kalender 👍🏻 Aplikasi Terbaik,5
Biar bintang yang berbicara,5
Google Kalender (Rekomendasi) ★5 Untuk Pengguna Android.,5
Terimah kasih aplikasi yang sangat membatu,5
Saya beminatan kalender pemunyaan yg berkeikhlasan hak keikhlasan prioritas akademis ke masyarakatan yg berwenangkan tujuan kepengadilan ajararan yg benar.,3
Membantu sekali,5
Bisa Mengingatkan saya ketika lupa dengan Acara Penting,5
"Bagusih cuman tambahin fitur hapus semua jadwal dong,gw banyak jadwal yg gk penting njir 😑",3
berharapa Setiap update tanggal merahnya bertambah,5
"Sangat berguna untuk penggunanya, terima kasih",5
"Terimakasih gugel soalnya ingetin aku kalau sekarang aku ulang tahun hehe,cuman gugel aja yg ingat:(",5
segala rencana dpt terlakdana dgn rapih dan tepat pada waktu,3
Aplikasi nya bagus tetapi kok ada virus ya,4
Gimana sih gak jelas apknya tanggalnya gak sesuai yang kita inginkan,1
sangat membantu kegiatan sehari-hari,5
Dengan aflikasi ini membuat semuanya menjadi mudah,5
next agar lebih bagus kasih warna merah jika libur itu aja.,5
Update kalendar untuk penyimpanan tanggal Acara,5
Mengguna kn Kelender sangat mudah,2
Halo Google...tolong fitur yang lain nya di tambahkah lagi🙏,5
bagus utk mengingatkan kita di hari2 khusus,4
kurang lengkap kalendernya,3
Bagaimana melihat tampilan kalender dalam 1 tahun??,1
"Wooow Jutaan Orang Tak Menyadari Bahwa,Google Calender,kini Bisa Menghasilkan Uang Dengan Cara buka Apk GCalender anda. selanjutnya langsung banting Ponsel anda,Tapi Harus Di Ketingian 12 Meter dri tanah,Nah Ketika Hp Anda sudah Hancur Langsung Pergi Ke Counter Terdekat untuk Menjualnya,Bilang Aja ""Bang Mau jual Hp,Alasannya Karena Hp saya Sudah Retak2"" Nah apakah Comentar ini Bermanfaat Bagi Semuanya?????? Jawabanya "" TIDAAKK BERMANFAAT SAMA SEKALI(Unfaedah),Kalo unfaedah Kenapa Di bacaa!!!!!",1
Sangat tepat dan akurat,5
Aplikasi Android terbaik ini membuat Anda lebih menyukai,3
Agar lancar terkendali,5
mantap lebih mudah mengingatkan kita tentang hari penting,5
"Sangat berguna,supaya ga lupa tanggal",5
Terimakasih google untuk mengingat kan taggalan,5
"ok ok ok menurut saya alpikasinya bagus banget,",5
Tolong ditambahkan lagi hari hari besar indonesia.,5
Assalamualaikum aku Denni pati sangat menyukai aplikasi google play.,5
"Sangat berguna, bagus, dan keren",5
Ok semua data data saya muncul kembali,5
ok buat pengingat & jadwal apapun dikalender puas,5
Aplikasi paling bagus sedunia ini mantap 👍👍👍👍👍👍👍👍👍👍👍👍👍👍👍,5
Sangat membantu untuk mengingatkan,5
Waktu tidak akan terbuang kalau kita tau waktu dan tempat,4
permudahkan dalam mencari tahun yang telah berlalu,5
kenapa tidak bisah di update,5
bagus banget aplikasinya thanks you 😘👍👍👍,5
Tidak bisa sinkron seperti di web,2
Ok mengatur aplikasi dgn tanggal yg tepat,4
Aplikasi ini sangat baik untuk melihat hari,5
lumayan hade bah google,5
Bagus sbg pengingat diri akan semua aktivitas yang telah maupun yang akan dilakukan,4
Sangat menyenangkan membantu,5
keren banget gan,5
karna aku suka banget dengan kalender,5
Kembali google kalender terjadi kembali,5
sangat baik dan membantu kami,5
Mulai tahun 2045 update aplikasi ya kawan2 makasih.,5
Tampilan nya bikin pusing,1
"Yang saya tdk suka itu, tidak ada Tanda tanggal MERAH.nya",1
Aplikasi ok dan menyenangkan,5
Tambahkan tanggal merah seperti kalender biasa,5
Keren sekali ada keterangan hari hari pentingnya,5
Saya suka baget... Cukup membantu dalam hitungan jawa,4
perbarui terus sukses selalu 😂,5
Aplikasi bagus bermanfaat,5
Update data lebih cepat.,5
Sangat d butuhkan,5
sangat bagus google kalender,5
Tidak ada sih bagus aja gituu,5
Saya nyaman dengan aplikasi ini,5
ya bagus lah ini,4
Beberapa Mingguan tidak muncul!!!,1
ok lebih mudah mengingat tanggal,5
Makasih selalu memberikan yang terbaik untuk jadwalku,5
Saya tinggal di Indonesia tapi semua acara berada di Malaysia tidak bisa di rubah,1
Lumayan bagus sekali,5
Perbaiki Tanda Kalau Ada Tanggal Merah Harus Merah jangan cuma tanggal,1
Sangat bagus sekali dan sangat membantu,5
"Tolong kalender saya dirubah ke indonesia,karna sekarang semua tentang hari jadi malaysia",5
Sangat berguna,5
"kalau bisa tgl merahnya, harus tanda merah",5
Tidak adanya tanda-tanda hari libur dan hari raya,1
Kalendernya ko gk bisa di buka yaa,3
Bermanfaat untuk mengetahui aktifitas,5
Mendukung untuk setiap aplikasi yang kita instal,5
Ga bisa tampil di hp bisanya di liat di play store,1
"Sangat membantu apk ini,,",5
kenapa nya tidak sesuai tgl merah nya sama kalender dinding,2
akan lebih baik klau tertera kalender merahnya,5
Sangat Bagus dan Sangat Membantu 👍🤩,5
"apk bagus, sangat membantu",5
Lebih mudah ingat tanggal karena sering lupa...,5
tipu &hari &) tas motor t lot,5
Kami butuh amlikasi ini karena kebutuhan sehari2bagus skali,5
Tambahin tanggal merahnya dong kalo bisa sebulan full gituh,5
Sangat penting untuk kalender yang ada di acuounts saya Razaq,5
"MOHON DI BERI PASANGAN TANGGALNYA.. SEPERTI LEGI. PAHING. PON. WAGE. KLIWON. KALENDER JAWANYA DI KASIH,",1
Sangat lucu di gunakan,5
Template tanggal meeting kenapa tidak jadi satu saat jadwal mulai dan akhir meeting,4
Bagus suka sekali keren mantab,5
Sangat bagus dan saya suka dengan aplikasi ini,5
Sangat membantu saya dalam menjadwal pekerjaan,5
"Good game,dan membuat saya frustasi",4
Aplikasi biasa aja. Gak ada inovasi2 lain,2
"Mantap, mudah ga ribet",5
Belanja mudah dilazada👍👍,5
"Aplikasi yang sangat mengagumkan ,, so good",5
Aplikasi yang sangat berguna. Wajib instal,5
sangat membantu dalam melihat waktu.,5
Apk ini bagus banget!!!!!!!!!!!!!!!!!!!!!!!!!!!!!!!!!!!!!!!!!!!!!! tapi bener 🙏🏻,5
Aturan yang ada di google,5
Sangat membantu menyimpan data,5
Sangat membantu sekali dan keren👍,5
Bagus bangeeeeeeeeeeeet dapat membuat rencana dapat melihat tangal tahun depan,5
Kenapa tidak bisa cek tanggal di tahun-tahun sebelumnya??,1
"🙏🙏👍👍Sy puas dgn sekali klik, sdh dpt baca...💪💪🙏🙏",5
sangat praktis no ribet,5
Sinkronisasi pembaruan jadwal masih terjeda waktu,3
"Baik, mudah mencari tanggal dllnya.",4
Bagus sekali dan sangat bermanfaat,5
googles task sudah di rencanakn semua jadi ilang di kalender,1
Bug ga bisa masuk,1
Baik dan bagus dan semakin di depan,5
Terima kasih snack video sudah kasih video inspirasi,5
Kalender ini sangat cocok buat emakku yang lagi masak,5
Sangat membantu dalam membuat agenda,5
Sangat membantu dan bermanfaat,5
aplikasi kelender yang sangat berguna,5
Coba di kasih pasaran kalender jawa pasti makin mantab,5
Mengingat kita terus....dg kegiatan maupun aktifitas sehari2,5
Sebaiknya dilengkapi dengan kalender jawa dan Hijriyah,5
Terimakasih dg kalender kami dapat menghitung hari.,5
Sangat membantu aplikasinya bagus,5
Sangat bagus buat para pecinta!!!!!!!!!!!!!!,5
sangat mudah dan keren,5
Tidak perlu di update,1
Mantap jadi bisa mengingat sesuatu yang penting,5
Jangan sering update!,1
Sangat Membantu dan Berguna.,5
Sangat tepat dalam mengelola waktu,5
Berguna si tp gk gw liat kan ada kalender d rmh jga😀😂🤣,5
"Fungsinya blm tahu, maklum anak jadul😉",4
Aplikasinya bagus dan kami senang sekali...,5
"Mantap ni apk,sangat berguna",5
bagus dan tepat,5
lag terus njr,1
Jadi gk bisa dibuka aplikasinya,3
Baik dan kami bisa disiplin waktu,5
Terimakasih banyak sudah membantu dengan yang akurat,5
Aplikasi yang sangat membantu very good,5
Untk sementara 3 bintang dulu kalau uda bagus nanti saya kasi lagi,3
Terimakasih. Sangat berguna sekali ini aplikasi.,5
Memudah kan untuk mengetahui jadwal yang telah di program untuk setiap kegiatan,5
Setuju mengenal tgl dan bulan,5
sangat berguna dan bermanfaat,5
Tidak bisa singkron dengan GMAIL.,1
Mantep bisa nentuin tanggal dengan baik,5
Ok. Sangat membantu saya menjadwalkan segala sesuatu kegiatan saya.,5
Sangat membantu mengingat hal-hal penting yang dilalui,5
hasan saya suka kalender ini semoga bermanfaat bagi orang lain.,5
Aplikasi kalender bermanfaat,5
Sangat mudah untuk digunakan,5
Sangat membantu aktifitas saya Mantap,5
Aplikasi yang sangat berfungsi,5
Suka Sekali dan bagus aplikasinya,5
Good kalender nya bagus,5
Aplikasi ini sangat penting untuk mengingat acara,5
Kalender tidak bisa dilihat,5
Sangat membantu untuk bikin jadwal kegiatan,5
"Mohon bantuannya untuk saya, khususnya di dalam pekerjaan saya, terima kasih.",5
"Gk ush ingetin hari ultah saya karna saya membenci ultah saya jd percuma,saya ingat tp g ush di ingetin sengaja lupain malah di ingetin g asik🗿",3
Sangat membantu dalam penanggalan,5
sângt mantap tingkatkan trú aplikasi ini ya,5
Aplikasi yang bagus dan bermanfaat..,5
suka gk kompak kalendernya,4
sangat membantuku yg sering lupa tanggal dan waktu,5
"aplikasi bagus, sangat membantu",5
Bagus bgt app kalendernya siiiip,5
Sunguh membantu dan menarik,5
"Buka aplikasi ini, klo anda lupa hari &tanggal serta tahun yg saat ini berjalan...",5
"mohon kasih warna warni, tangal merah nya, seperti kalender biasa",5
Ni kalender udah bawaan dari hp Realme ko ga ada tgl merah di bulan ini,1
"Sudah bagus, tingkatkan terus",5
Kalender saya terkena virus bagaimana cara saya memperbaiki nya?,1
Tolong perbaiki kadang ga boleh buka,5
Saya suka banget apl google kalender ini,5
Aplikasi yang sangat bagus dan sangat membantu,5
Sangat Baik n membantu aplikasi nya,4
Apl kalnder kuran memadai gk pedeh cba versi yg lbih bru bong,4
perlu banyak peningkatan mutu,1
Aplikasi ini sngt membantu para pengguna phone cell....👍🏻👍🏻👍🏻,5
Cukup membantu memberikan informasi,5
Kenapa tidak ada hari libur?? Tolong di perbaiki lagi,3
Kurang lengkap karena tidak ada tgl bulan/selain islam,4
Tangggal nya salah ❎ dan gak bisa fi perbatui ( di tanggal hari Kamis padahl in hati sabtu) gak bisa di ganti,1
Bagus sangat membantu,5
Kalender bisa lihat sekarang bulan tanggal hari,5
Untukmengetahui kapan mulai suatuhal yg imgin di kerjakan,5
Sangat membantu mengingatkan kredit,5
"very good, aplikasi yg sangt membantu saya👍👍👍",5
Kita harus bisa melihat info lengkap mengenai hal tersebut dapat mengajukan surat pengunduran,5
bagus sekali untuk melihat tanggal,4
Sangat membantu sekali dalam memanage jadwal-jadwal pertemuan 🥰,5
Saya terlahir sederhana hidup susah itu sudah biyasa,5
terlalu sering update,3
sangat membantu dan memuaskan,5
Kepada golgel kalender mari kita belajar untuk bersahabat panggil nama akun kami untuk bisa saling mengenal,2
"Allaahu Akbar, Amantu Billaah, ""Wa lam yakul lahuu kufuwan Akhad. Shodaqollaahul 'Azhiim."", Allaahu Akbar, ""Allaahu Akbar"" Semua All (Each) Juga Aku Wim Sudah ""Makruf, Khasanah, Jihad, Dst, ..."", Allaahu Akbar, Alkhamdulillaah, Subkhaanallaah, LAA ILAAHA ILLALLAAH, Amantu Billaah, Allaahu Akbar.",5
"terimakasih atas kerja samanya,semog sukses terus kedepannya.",5
Masih ada yang kurang.. Tolong tambah kan alternatif KALENDER JAWA,4
Bagus dan sangat membantu sekali,5
"Kalender kena virus , acaranya isi download apk Malware",1
Thanks google.. Aplikasi yang sangat bermanfaat,5
Aplikasi mudah di gunakan..,5
Agar penggunaan kertas berkurang,5
Tampilannya jelek banget si 👎,1
Bagus apk ya membantu sekali,5
Aplikasi yang bagus dan sangat membantu,4
Tampilannya tidak bagus di hp saya,4
Benci benci tapi rindu jua..Memandang wajah dan senyummu sayang..,5
ok gaaaaa mantap,5
Bagus apa tidak ini aplikasi baru saja saya upload,1
sangat membantu dalam membuat jadwal kerja bulanan,4
Full bintang ni buat app store nya....,5
Kok enggak bisa di update,1
Sangat bagus sekali untuk saya yang pelupa:v,5
Kenapa masih di tulis wafat Isa almasih? Itu hari raya e Kristen jadi tulis Jesus Kristus,1
Sayang membantu untuk hari hari aktifitas dan jadwal kerja,5
"Cukup Bagus, 1hal yang kurang Metode Opasitas",4
Sangat buruk akun local tidak bisa dihapus,1
sangat membantu berita kelistrikan lebih akurat,5
Tidak dapat membuka aplikasi,1
Data bisa membuat lengkap alurat jk ada idewal di lngkapi tngl,3
Sangat membantu dan bermanfaat 😊,5
Kalender online memang mantap buat jaman now.,5
Sangat baik dan membantu aktifitas saya,5
Bagus banget dan membantu mengingatkan 👍,5
Sangat menarik dan bermanfaat,5
Bagus jadi tau tanggal dan waktu,5
Dibutuhkan selalu tiap waktu,5
Sangat unyuk agenda kerja,5
Sangat membatu,5
saya kasi bintang 9 kalo ada tapi tambah kan hijriah dan jawa nya biar komplit,3
lebih mudah dan reliven,4
Sangat bagus bis mengingatkan waktu,5
Kalender tidak bisa aktif,2
Sangat membantu dan mempermudah,5
Aplikasi kalender top,5
Ini malah butuh setiap hari atau setiap saat,5
sangat membantu sekali,5
Pengingat yang buruk to acara yg sudah saya simpan🤒,1
Sangat sangat bermanfaat dan membantu,5
Aplikasi ini bagus! Saya kasih bintang 5,5
punya agenda atau jadwal lainnya langsung ke google kalender biar pas hari H diingetin,5
Cocok banyak fitur nya,5
Kelenderr ini tidak bisa dii hapus segera di perbaiki,1
tolong tambah opsi malam utk tujuan & tugas,5
Sangat baik tampilannya,5
bagus yg model dulu pada sekarang,1
Sangat membantu dlm menyusun skedul,5
Vyun ijuk ini 6 antara kita dibohongin atau nggak jadi karyawan tetap jadi karyawan bagus,3
Mempermudah melihat jadwal aktivitas.,5
Tampilan buruk kurang rapi,1
Aku suka tidak ribet,5
jadi banyak notif dan mengganggu bgt,1
ko di hp aq g ada ya pdhl udh instal hrus blik play store ja,1
Buat kalian yang mau download google kalender download aja sekarang nunggu apa lagi yok buruan download,5
Kalendernya ada even sehari hari ga,5
Cukup membantu dan bermanfaat..,5
tampilannya koq bulan tanggal yg sekarang ya?? tanggal 31 Mulu...,5
Tiba tiba ada Nobody@localhost banyak virusnya dong,4
sangat cocok bagi semuanya,5
Membantu kami utk melihat hari tanggal bulan dan tahun,5
Google kalendermantap baik akurat,5
Apk yg sangat bagus untuk melihat tanggal,5
aplikasinya sangat bagus 😊 terima kasih kk 😊 saya suka 😊,5
Google calenderr benar membantu saya mengerjakan sesuatu di masah depan,5
Sangat berguna bagi orang orang yg pakay henpon,5
Membantu memori kita dalam banyak kegiatan.,4
Trima kasih kalendernya kumplit sangat membantu bagi saya aku kasih binyang,5
Bukannya membantu malah bikin pusing,1
Mempermudah memngingat taglnggal,5
ngga ada hari jawanya. kasih dong pon kliwonnya,3
Gak perlu lagi liat liat kalender di dinding karena ada peringatan hari libur nasional,5
"tambah fitur untuk kalender jawa ( Legi, pahing, pon, Wage, Kliwon )",3
sangat mudah untuk digunakan,5
"saya kasih 4 dulu ya ,kalo bagus,saya tambahin lg nanti",4
Aplikasi Mantap Untuk Membuat jatwal,5
Sebagai pengingat waktu kita hrs terintal di hp kita,5
dengan adanya aplikasi ini sangat membantu,5
Gak simpel sama sekali,1
Tolong beri tanggal jawa juga pada kalender Indonesia,3
Bagus untuk penyimpanan,5
Ok banget catatan bisa tersimpan 👍,5
Pemasangan yang indah,1
Google kalender membantu saya untuk membuat rencana acara,5
Tampilan agak ribet. Mau lihat tanggal tahun di masa lampau gak nemu,1
Selalu di gunakan,5
Aplikasi bagus dan berguna mantap😍,5
Aplikasinya mantaaappp. Sangat membantu,5
"banyak bug, tolong saya ingin versi beta",5
Terimakasih Tapi maaf saya tidak memerlukan apk ini,3
Tidak dapat meluncurkan acara melulu heran,3
Bisa kasih jadwal waktu belajar lho seru banget,5
Tambahin fitur kalender puasa,4
Sangat bagus dan ini saya pakai sudah diatas 5 tahun,5
Bagus dan tepat waktu,5
Aplijasi yng sangat berguna buat sayahh,5
"Bagus banget,ada tanggal merah nya.Lengkap...saya pakai hp Oppo Realme 3 Pro",5
berguna untuk membantu memudahkan aku seperti hari ini tanggal berapa dan dll,5
mohon diberikan dukungan kemudahan dan ditingkatkan pelayanan nya. tks,4
update dan tidak mengecewakan..,5
Sangat penting kalenderx pas,5
Saya kasih bintang 5 untuk aplikasi ini sangat bagus,5
Bagus dapat membantu mengingatkan jadwal harian,5
Google telah membatu saya memberikan berbagai ilmu pengetahuan dsb. Terimakasih,5
sangat membantu untuk membuat jadwal jadwal semakin terinci,5
Kok gak bisa di hapus.gak mau pake aplikasi ini,1
Ada kah perubahan hari libur Nasional??,1
Kok gak bisa tampil di layar.... Payah tenan,3
Masukin kalender hijriah dong biar tambah lengkap,5
Kok kalender haid istri ku hilang kemana ? Biasanya muncul dibawah kalender balikin woi kalender haid istri ku supaya GK harus download apk kalender haid,5
"Bikin Aplikasi ini, Gampang Di Pergunakan.",3
Sangat membatu sebagai pengingat waktu tanggal yang di tentukan.,5
Suka bgt jadi kerennnn deh pokonya,5
Kenapa aplikasi tidak bisa ke buka,3
aplikasi ini sangat membantu thanks,5
lengkapi seperti kalender jawa kuno lengkap,5
Sangat membantu,5
Terlalu sederhana,5
Tes kesehatan di Indonesia sudah aduh rumah gue aja deh biar adil iya sih ahli juga bisa ikutan juga mau di kasih atas panggung sandiwara ada aja deh,5
Sangat bermanfaat dan memuaskan,5
aplikasinya keren dan sangat berguna,5
klo kalender umum jdi kasih 3 bintang aj,3
Sangat membantu saya ketika membuat rencana kegiatan,5
Semen tara bintang 2 dulu krna tidak ada info tanggal merah hanya ada sabtu minggu yg sya temukan,2
Sangat membantu penjualan on line saya,5
Akhirnya aku bisa tau kapan hari raya idul Fitri karna ini terimakasih banyak Google 😭😭👍,5
Setiap mau download selalu lambatnya,5
Sangat bermanfaat untuk keseharian,5
Aplikasinya bagus tapi tolonglah,2
Habis nama dan alamat dan dari sini semua nya sugiarto yang punya hak atas semua nya ini jangan bilang lagi,5
mudah menemukan tgl atau hari yg kita butuhkan,4
Kalender portabel bisa dilihat sewaktu2,5
Google lebih cepat apa yg kita mau trimakasih,4
Aplikasinya bagus dan menarik ya 👌,4
Dapat menyimpan bila ada kegiatan peting dg kaleder,5
Ok yes bagus aplikasi ini terima kasih!!!!!!,5
Tingkatkan keakuratan tanggalnya,3
Kalau bisa di kasih tanggal merah dong biar gak tambah enak kalau ada tanggal merah nya jadi gak bingung 😕,5
Bagus sekali cukup menarik,5
"Tambahin hari"" besar nasional seperti hari ibu, hari ayah dan hari"" lainnya min",4
Tambahin latar pake foto kita sendiri pasti kren,4
TAMPILAN KURANG INTUITIF DAN MINIM FITUR !,1
Saya bersumpah tiada Allah SWT berfirman kepada Allah SWT berfirman kepada seluruh masyarakat umum yang memiliki nama lengkap Putri di dunia ini adalah hasil pencarian produk dan jasa serta dalam kegiatan tersebut dilaksanakan oleh Allah SWT berfirman kepada Allah SWT berfirman kepada seluruh anggota keluarga yang memiliki nama latin nabi Muhammad Saw bersabda bahwa ia adalah seorang gadis cantik ini bersabda terpopuler hanya di sini adalah seorang lebih baik sempurna baik hti suci ini,5
Semua yang ada di Google Kalender,5
"Terimakasih google calendar, goog app",5
Solusinya bagaimana hapus local account yg terdata spam virus di kalender.?,4
sangat bagus tp belum memberi bukti,5
top juga kalender nya sgt mmbantu,5
Sangat membantu dalam setiap aktifitas saya,4
Mengingat hari hari yg lewat dan yg sebelumnya untuk tidak lupa,5
"Membuat jelas kalender dunia , masehi dan hijriyah",5
hidup jadi lebih baik.hidup jadi tidak baik,1
"Kalender yang lengkap,,,",5
Harus ada kata kata kliwon legi lengkapi dong,5
Sangat membantu dan bermanfaat 😊,5
Memudahkan saya untuk menentukan/menerima info setiap harinya,5
"saya kasih 3 bintang ya, karena tanggalnya masih 1 warna... coba kalau hari libur dikasih warna lain, biar bisa dibedakan hari libur dan hari kerja...",3
membantu dan tepat sasaran,5
Coba aja keren,4
"Lumayan dan canggih,aku beri bintang 4",4
lumayan bagus lah aplikasi nya,4
Oke..kalau bisa sama dengan kalender yang dari kertas hari libur angkanya warna merah.. Terima kasih.,5
Menghilang tiba tiba aplikasinya,4
Kalender tidak bisa dibuka sudh diupdet,1
Apk sangat bagus . Memudahkan meliat tanggal,5
Mulai hari ini sampai 5 tahun ke depan harus diupdate ya kawan makasih.,5
Dengan google kalendar gak perlu beli kalendar lagi sob🤭,5
Kenapa yang muncul di layar hanya tgl 31,2
Anjing lu goblog gua udah punya kalender ngapain ngedownload otomatis,1
kasih bintang 5,5
Bagus sekali aplikasi ini sangat membantu,5
Sangat bermanfaat utk skeduling jadwal saya,5
"Bagus ,lebih bagus lagi pakai kalender hijriah",5
"setelan tanggal bulan dan tahun, hari..",5
simpel di lihat,5
Sangat bagus dan sangat Membantu,5
Apk bawaan ini sangat bagus deh ah,4
Bagusnya gamenya sampai-sampai aku aku tak bisa tidur,4
Sangat membantu pengingat tugas,5
Berguna✓ Bagus✓ Menarik✓ Must have✓ Mengingat kan kita✓ Mencatat hari² penting✓ 👌🏻😊pokoknya bagus dh,5
mantap n selalu mengingatkan,5
agar dapat mengenal hari dan waktu,5
Sangat berguna dan bermanfaat,5
"Aplikasi yang sangat bagus ""Very Good""",5
Tingkatkan lagi kualitas terbaik,5
kalo bisa kasih jg kalender hijry,5
Terimah kasih aplikasinya bagus,5
Sangat mudah lihat hari2 x,5
lumayan bagus aplikasinya,3
Bagus ada kalender Islami nya.,5
Sangat membantu dan mantap,4
bagus sangat membantu untuk zaman sekarang,5
Aplikasi nya sangat bagus sungguh berguna 👍,5
Membantu sekali agar kita tau tgl&hari apa,3
Mohon untuk memperbaiki kembali aplikasi ini,1
Maaf memori nya besar amat g.kalender,1
"Google kalender, Makin bagus aja google...",3
Bang ini aku kasih nilai 7 ya bang soalnya bagus banget,5
"Trimkasih sangat membantu buat saya jika lupa hari lupa tanggal, trmksh",3
sangatlah berguna 😍😍,5
Aplikasi ini sangat membantu mengingat kenangan,5
Pastinya bnr2 bermnfaattt Google kalender ini,5
Kalau boleh saran di tambahkan tanggl jawanya Trimakasih,5
Saya suka sekali dengan google kalender yang menjadi ikon kota saya,5
Jelas bagus... orang gue kadang kagak nginget2 tanggal...,5
Gak bisa melihat tahun tahun terdahulu,3
Uwu aplikasi nya sangat bagus ya mbak,5
Sangat membantu agenda aktifitas,5
Terimakasih mudah untuk mengingatkan jika saya lupa hari dan tanggal,5
Sangat bermanfaat dan membantu.,5
bgs bgt. sarannya ditambah warna / tema tampilannya biar aestetik xixi tq,4
sangat bagus sekali,5
Sangat suka & membantu sekali,5
Sgt penting bagi sy untuk hari n waktu aqar tepat n ingat akan tanggung jawab,5
Sangat aku butuhkan dan berguna bagiku,5
Aplikasi yang sangat bagus dan membatu 👍,5
Sangat membantu di hp android saya..,5
Sangat cocok dan penting,5
perlu ada tambahan penanggalan hijriyah,4
Tolong utk ultah sudah bisa hitung umurnya,5
Sekarang kenapa tidak ada lagi tanggal libur atau hari besar keagamaan dicantumkan.,2
Kalender nya ngikutin negara bukan ruqyat khususnya yg penanggalan hijriah,1
Tidak keluar kalendernya,4
Aplikasi yang bagus dan sangat berguna,5
Tepat untuk melakukan sesuatu yang indah pada waktunya,5
"baik tuk semua,untuk kalender nasional",4
Bikin simpel ngg ush repot repot ngliat kalender dinding,5
Kurang bagus.sebab gak ada kyakk kelender jawanya,1
Di kalendernya janga tulisan 31 doang tpi tulisin tanggal hari itunya,5
Sangat membantu dalam proses apa ajah,5
Mantap pokok nya aplikasi nya 👍👍👍👍👍👍,5
Tolong buat versi go nya dong,5
kurang jelas tentang liburan nosional,5
Tampilannya gak bagus sangat jelek,1
Snack video kita kok pindah ke Facebook bagi mana cara buka,5
Aplikasi bagus dan menarik,5
kurang baik signalnya,4
Sangat membantu buat keseharian,5
Lancar tampa hambatan,1
bagus sekali,5
"aplikasi yg keren, very good",5
Yes aplikasinya sangat bagus,5
Mantap dan bagus banget,5
Mencoba pakai aplikasi Google Kalender,4
lebih banyak tanggal merahnya,5
"Sangat membantu ,maju terus google",5
Kalender arab klo bisa di sisipkan,5
"Sangat bagus penampilannya, aq suka.",5
Aplikasi ini sangat membantu dan bagus,5
Tidak bisa diuninstall,1
Bagus banget untuk menganal publik,5
Sangat bermanfaat dan memberi info,5
Ini Sangat Bagus Sekali Aplikasinya,5
sangat membantu untuk tanggal tanggal penting,5
Terima kasih jadi mudah segalanya,5
sangat membantu dalam hal apapun,5
Pelajari lebih lanjut Dan ulasan bersifat publik serta menyertaakan info akun dan perangkat,2
Masih banyak bug,3
"Sewaktu""bisa liat tgl di mn pun posisi aku berada",2
Mantap lengkap acaranya,5
lebih mudah menggunakan aplikasinya,5
mks atas ada ya kalender sangat membatu aku jdi ga hawatir 😘😘,5
Membantu untuk menulis tanggal penting dan untuk melihat tanggal di hp,5
sangat bagus Pokonya mah,5
sangat membantu dan berguna,5
"Tingkatkan performa,,",4
Sangat membantu saya dalam mengingat-ingat momen penting,5
Bagus sekarang tampilan nya udah ada tgl2.. merah dan hari2 libur...,5
Kalender bagus cuk!!!!!,4
Sangat bagus untuk mahasiswa,5
Bagus sekali dengan aplikasi nya,5
"Belajar rutin, disiplin",1
Terima kasih terbaru Google Kalender,5
Smua produk google susah di update!!!! Nice,5
Aplikasi yang sangat membantu mantap,5
mantap pisan ouy luar biasa,5
Semoga tidak ada kendala dalam penggunaanya,5
Mantap dan nyaman,5
Google kalender.di perbaru.,5
selalu tepat waktu,5
Jangan update terus,5
𝑺𝒖𝒉𝒖 𝒅 𝒑𝒂𝒍𝒖 𝒑𝒂𝒏𝒂𝒔 𝒔𝒆𝒌𝒂𝒍𝒊,5
Kalender tahunan yang lengkap,5
Cukup baik dalam hal2 informasi,4
Jangan sering Error,5
Alhamdulillah agak lebih cepat tamplannya,5
"Tepat,kalau bisa ada tanggal merahnya,tambah sip",5
"Aku suka,semoga kedepanya bisa lebih berinovasi lagi",4
Bagus oke banget buat mengingat waktu sholat,5
Aku suka banget cepat dan akurat,5
Sangat cepat prosesnya,5
Aplikasi ini dapat membantu melihat hari,5
Tingkatkan kualitas terbaik,5
Asyik untuk versi lawas Terima kasih....,5
Mudah dan cepat,4
Kenapa tidak ada aplikasi dilayar hp,1
Diperbaharui sistem operasi,5
Kalender nya bagus,5
"Apk ini sangat membantu,mantap",5
sangat membantu sekali aplikasi ini,5
Sangat bermanfaat......sukses selalu,5
Sangat Berguna dan Mudah Dalam Penggunaan,5
Mantap dan luar biasa,5
tertulis dihari libur seperti sekarang ini cuti bersama,5
sangat mudah digunakan,5
Google kalender itu lagi ini lah lagi sih,5
Aplikasi yang sangat menarik☺ I like it😊,5
Sangat baik untuk mengingatkan waktu,5
Bagus . Aplikasi ini sangat cocok buat saya,5
Tidak bisa login,1
Google Kalender sangat membantu,5
Keren banget nih memudahkan,5
"Kalender Hijriyah nya tolong di adakan,thx",5
sangat membantu untuk mengingat waktu..,5
"lumayan buat lihat jadwal sholat,jadwal imsak.goegle memang top",5
Adanya kalender disini membantu sekali untuk mengingat tanggal,5
Terima kasih aplikasi ini sangat Membantu,5
"Bagus,, bisa mengingatkan waktu penting.",5
cukup lawas dan mantap .,5
Tetap sukses dan maju terus walau banyak saingan,5
Bagus dan sangat baik aplikasi ini,5
Trus dan terus menjadi alarm,5
Sangat baguss dan membantu,5
Sangat membantu dalam menyusun jadwal kegiatan,5
Sangat cocok untuk digunakan,5
Bagus dan luar biasa,5
Sangat bagus dan menarik,5
Tampilan perbulan sebagai default,3
bagus untuk melihat tanggal,5
Apk yang sangat bagus dan detiel,5
Akutar dan sangat bermanfaat,5
Mkin mantap dan sukses terus ya,5
aplikasinya bagus untuk mengingatkan hari hari saya,5
"Sangat membantu, di acara hari hari besar ..",5
Saya tidak terlalu butuh karna sudah ada kalender di rumah,1
Membantu banget buat mengingat suatu Acara. Trims.,5
Lengkapi semua kekurangan nya,5
Selalu jaga akun saya ini jgn putar otomatis tanpa izin saya,5
Sangat membantu ketika saya membutuhkan tgl,5
Bagus dan sangat membantu,5
"Aplikasi nyah sangat bagus,,",5
Aplikasi yang sangat membantu tks...,5
Semoga kedepannya lebih bagus dan bermanfaat,5
Tuhan Yesus selalu menyertai dan memberkati kita hari lepas hari... amen,4
aplikasi ini sangat bagus,5
Lumayan bagus aplikasinya........,5
Bermanfaat sekali untuk mengatur jadwal,5
Aplikasi yang bagus. Nice.,5
Aplikasi yang sangat bermanfaat.,5
Aplikasi nya bagus dan keren,5
"Bagus, bisa lihat tanggal tahun yg telah lewat",5
aplikasi terbaik dan membantu,5
aplikasinya sangat membantu aku suka,5
Sangat bagus dan menarik,5
Sangat melengkapi saya sangat suka,5
Tgl nya gak bisa liat semua,5
YouTube tidak bisa di buka,5
bgm cara tampilkan kalendar yg per bulannya yak?,3
Cukup membantu bikin schedule,5
Bagus dan sangat berguna,5
sangat senang dan membantu,5
google kalender ini sangat membantu,5
buat yg lebih sederhana lagi...,4
Baguss untuk melihat waktu,5
terupdate membantu sangat,5
Mempermudah utk melihat tanggal,5
Sangat membantu bagi saya yg sudah lansi,5
kalender nya yang berwarna dong....tanggal merah nya yang warna...jangan hari Minggu doang yang tanggal nya merah,2
Mudah dibuka untuk melihat hari Nasional dan lainnya.,4
sangat penting buat saya yg nama nya kalender,5
Tertib dan teratur,5
"TAMPILANNYA JELEK BANGET, NORAK. GAK BISA MUNCUL PERBULAN, MESTI TANGGAL AWAL BULAN SELANJUTNYA IKUT MUNCUL. BEGITU PULA TANGGAL AKHIR DI BULAN SEBELUMNYA",1
Bagus dan bermanfaat sekali,5
"Mantap, sangat membantu",5
sangat membantu dlm segala hal.,5
pembaruan tapi gini2 aja maksud lu,4
kebanyakan iklan,1
sangat bagus dan berguna.mantap 😇😇,5
Aplikasi google calender itu sngat menguntungkan bagi saya,5
Sangat cocok dan bagus,5
sangat bermanfaat dan keren,5
Bagus saya suka' sayang nya gak ada tanggal Hijriyah nya.,4
ingin tambah. aplikasi kalender,5
Melihat jadwal dan hari lebih mudah,5
Rekomen deh oke aplikasi nih...top markotop,5
Sangat membantu kegiatan yg positip,5
Tingkatkan layanan,4
Aplikasi ini sangat cocok buat sayaaa,5
Bagus banget suka aku app nya menolong banget,5
Agar dilengkapi tanda pengingat.,4
km ingin mencoba dulu .dari hasil google kalender,5
Semakin mudah mengingat waktu,5
Saya harap in juga harus bisa bagus,5
Bagus dan sangat bermanfaat,5
Tolong hentikan iklan di kelender saya,4
Kenapa tidak bisa di sinkron/segarkan,1
Cukup bagus dan bermanfaat,5
Aplikasi ini sangat bagus dan memuaskan,5
Tanggal di layar utama g cocok,1
Tidak ada keterangan libur seperti halx tanggalan biasa,1
Terimakasih atas sumbangsihnya bagi negeri.....very good,5
Sangat membantu dalam membuat plan dan agenda,5
Bener bener bikin susah aja di update,1
luar biasa sangat membantu dan sangat lengkap,4
Mantap sangat bermanfaat,5
Aku tidak suka karena ada Imel terus semuanya aku tidak suka 🙂,1
Semakin mantap dan asyik,5
Icon aplikasi terlalu besar,1
Aplikasih bagus dan membantu,5
Lebih detail tanggal liburnya,5
Ternyata samsung S9 tiada terkira.,1
saya sangat menikmati waktunya terrrr pasti,5
Kasih 3 dulu dah nanti bisa tambahin lagi,3
Sangat memuaskan aplikasinya,4
Sangat bagus dan terpercaya 👍,5
Cantik sih tapi alay,5
bagus bisa mengetahui hari besar nasional,5
Sangat baik .& Memuwaskan,5
sayangnya kalau tanggal merah ga ada tanda nya kurang efesien,3
Terimakasih untuk pelayanan nya,5
Aku sdh terlanjur cinta berat dn percaya dngn semua produk google? Google the best is the best! 👍👌,5
Terimakasiha sangat bagus dan bermanfaat,5
Trimakasih tlah membuat aplikasi ga guna,1
Bagus dan sangat membantu,5
Semoga nyaman dengan aplikasi ini,5
sebaiknya pembaruan berikutnya saat hari minggu warna merah dan juga hari libur lainnya,3
Sangat masuk di semua yg penting,5
Tampilannya jelek banget sumpah,1
"Satu saja, krn keseringan update",1
Sangat mudah untuk digunakan,5
tidak ada kalender indonesia. hari libur indonesia gak ada,1
Baik dan lancar,5
Tampilan view...tidak enak dilihat...😑😑😑😑,1
Sangat membantu untuk mengingat hari2 penting,4
Jarang digunakan tapi sangat perlu,4
Setelah update malah jelek,1
Google kalender terbaik 👍💯👍,5
Saya sendiri sudah tambah nama di Google email,5
"Berguna untuk mengingat hari, tanggal dan tahun...👉👍",5
Sangat menyebalkan apk nya,1
Sangat baik untuk implementasi Tgl,5
Aplikasi nya sangat berguna sekali,5
Tampilan nya jelek. Males deh. Gk bisa di uninstall sii,1
Sangat bagus dan menarik,5
Sangat membantu dlm mengatur jadwal,5
Google kalender memang bagus,4
Sayangnya tidak ada kalender agama islam dan kalender jawa,1
App ini lumayan ok dan mantap,5
di tingkatkan lg mutunya,5
min tolong sediakan kalender buat islam juga,2
Update Yang Sangat Baik!!,5
Bagus dan mantap,5
"Baik, terencana, membantu",4
Sangat membantu daya,5
Bagus sangat membantu kami sangat senan,5
Dengan aplikasi ini bermanfaat dalam mengingat hari/tanggal dan sbb 🙏,5
"tanggal merah untuk tahun 2019 belum ada, tolong d perbaiki!!!!!",1
Update gagal terus,1
Tingkatkan kualitas,5
Aplikasi ini membantu dan berguna sekali,5
Apk nya sangat membantu,5
Aplikasi yang Sudah Okee Sangatt 👌🏻,5
Lengkap tapi banyak nguras batre,4
Parah ni aplikasi dipaksa download tapi yaaa bgtulah,1
Tampilannya ribet banget,1
Jangan muncul lagi sya TDK perlu aplikasi ini,1
"Tanggalnya hitam semua, hari minggu/besar/libur harusnya merah,",2
Lebih bagus lagi kalau ada tanggal Jawanya 🙏🙏,5
Perlu peningkatan kualitas,4
Harus lebih lengkap untuk hari libur nasional,5
Sering diupdate semoga bagus kedepan.,3
Sangat membatu di saat saya lgi lupa,5
Penampilan menjadi lebih keren 👍,5
Sangat bagus menggunakan aplikasi ini,5
"Alhamdulillah aplikasi yg sangat membantu,",4
Waktu itu sangat penting semua orang butuh wsktu,5
"Sudah baik, kalau saya usul buat kalender menjadi 2 Hijriyah dan Masehi",4
"Berbagi Location,Lokasi",5
Tinggal mengganti tampilan pada ikon aplikasinya,5
Sangat membantu untuk mengatur jadwal.,5
wah mantap tu lengkap ada tahun agar bisa mengetahui tahun baru 😱🤩,4
Kalo bisa tambahin kalender islam nya,2
Biar lebih bagus lagi tampilanya,2
Sagat membantu dan lebih cepat,5
Mudah mudahan aplikasi ini bagus..?,3
Support buat lini masa ya mantap,5
Aplikasinya bagus. Terus kembangkan,5
Biar gk lupa ama waktu hari kiamat sudh makin dekat bertobat lh,5
tolong tampilin scara otomatis donk,5
Saya suka aplikasi yang memang bawaan dari google,4
Sangat baik dan sangat memuaskan,5
Tolong tambahkan kalender Hijriyah!,2
Lebih bagus daripada bawaannya,5
"Nyesel download,malah gak bisa di hapus",1
Lebih bagus lagi Udeh Ade tgl Islam nye Gak usah di setel lagi....👍👍👍👍👍,5
"Bagus dan di perbarui dengan penanggalan Jawa,dan yang lain",5
selalu update tlg tambahkan warna hari libur,1
Ini bagus banget aplikasinya 💯💯💯,5
Sangat membantu dalam menjadwalkan semua kegiatan saya,5
Google kalender memang ok banget,5
Mantap tower nya ada digunung,5
UTAMAKAN SOLAT DAN KESELAMATAN DALAM BEKERJA,4
cocok buat mengingat hari bln thn,5
Aplikasi ini sangat bagus. #Good😎,5
Sangat penting Google Kalender,5
Tampilannya bagus👍,5
"Bagus, sangat membantu",5
"Alhamdulillah saya Atik sekarang senang sekali dg hp saya android apalagi hp tablet lupa makan, tidur,makan anak keluarga dll happy end deh",5
Cukup bagus dan bermanfaat.,4
Baik dan sangat membantu,5
kenapa suruh di updet terus,3
Saya mrasa puas dngn ada nya apk ini sangat mmbantu saya,5
Sangat membantu aplikasih ini,5
bagus cuma suka hilang mau uodate,3
Bagus dan sangat membantu,5
Aplikasi nya baru saya pakai... Kalo bagus saya naikin lagi,1
Mariana Edektiana tambahkan penjelasan hari libur selengkapnya di tanggal merah,5
Cukup membantu dlm kehidupan sehari hari.,5
Paling Jelek kali tampilan kalender google ini,1
Bagus aplikasi nya lengkap,5
"Sangat membantu,bagus",5
Suka kalender ini,5
Sangat puas dan cukup bagus,4
Tepat dan akurat,5
Bagus terus kan lah bagus,5
tidak nampak angka nya,1
sangat berguna dan membantu saya,5
Sangat baik buat saya aplikasi internet ini,5
Mantap & tidak mengecewakan,5
Tambahkan mode Hitung Mundur,4
Semoga google kalender bagus ya,1
Kurang normal jaringannya,5
Kenapa di bulan agustus libur nasional nya ga muncul ya ?,2
good....semoga lebih baik...kalender nya ...,1
Tepat dan akurat,5
Goofle kalender sangat bermanfaat,5
Aplikasinya bagus dan keren 👍,5
Knapa isinya info virus di hp berulang2,1
Aplikasi yang sangat bermanfaat,5
Aplikasi nya sangat bagus.,5
ini memang untuk mengingat ultah kita,5
Tingkat kan lebih profesional lg,5
Membantu Aktivitas Dan Kegiatan,5
Semoga bermanfaat dan selalu sukses,5
Sangat membantu untuk mengetahui jadwal,5
"tlng jelaskan knp akun sy jd gagu,,,?? minta pwnjelasan barang kali ad solusi dr google trmaksh",5
Maaf yah aku kasih bintang tiga soal nya aku udah satu jam gak kelar kelar hape aku yang lemot apah iyah lama tolong kasih tau aku,3
Rekomendasi buat liat tanggal dan bulan .,5
Cocok buat google meet semua ke rekap,5
Kasih 3 dulu kalo bagus pull,3
Masih perlu ditingkatkan,3
pelayanan cepat,5
bagus tingkatkan lagi terima kasih,5
Salam bahagia untuk semua,5
Sangat membantu sekali ☺️,5
GK Mungkin kita bisa masuk kerja tanpa kalender,5
Aplikasi bagus sangat membantu 😇🙏🏻,5
Sangat bagus dan sangat membantu.,5
Tanggal 20 kakak ku ulang tahun dan kalo aku lupa tanggal 20 itu hari apa aku make aplikasi ini aja deh,4
Agar disesuaikan dgn kalender nasional,5
Mudah mengetahui hari2 penting sepanjang tahun,5
"Perbanyak tanggal merahnya, biar sering2 libur!",4
Aplikasi kalender google yang kami,5
Berkerja menjadi mekanik mobil,5
Banyak spam acara yang tidak jelas dari pihak yang tidak bertanggung jawab,1
Sangat membantu dalam sehari2,5
"Bagusss,diingatkan klo ada hari2 special",5
Tambahkan fitur kalender weton min,4
Sangat perlu buat aktivitas apabila kita lupa.,4
Tampilan sangat baik,5
Sangat bagus untuk mengingat hari 👍,5
Aplikasi yang sangat bermanfaat 💜,5
Aplikasi nya bagus banget............,5
Penting untuk melihat waktu lampau,5
Mempermudah pekerjaan,5
Sangat senang hatiku dapat rezeki,5
tampilanya membingungkan.,2
Bagus untuk mengetahui hari dan tanggal,5
Sangat baik dan membantu,5
"kenapa tidak ada pberitahuan hari libur,",1
Hancurrr sehari di update dah minta update lagi,1
Bagus dan mantap,5
Pengingat agenda untuk para pelupa,5
ini kok gak bisa dihapus sih jadwalnya,2
Sangat keren aplikasi ini 😍👍🇮🇩,5
Tolong tambahin pasaran jawa biar bagus,5
Terimakasih google kalender top habis,5
sangat membantu saya untuk mengingat acara2 buat saya,5
tolong tampilkan untuk tanggal merahnya yang menandakan hari libur,2
Tolong sempurnakan semua kegiatan,3
Sy beri 3 bintang klu bagus sy tambahkan 2 bintang,3
Kenapa tanggalnya penuh tulisan virus,1
"Terima kasih sudah mengingatkan kalau saya sedang berulang tahun, saya benar"" terimakasih kepada pihak google",5
"Membatu pengingat, agar tidak lupa",5
Aplikasi ini bagus & bermanfaat,5
Aplikasi sangat bermanfaat mantapp,5
Mantap... Selalu update,5
"Mantep ada kalender tahun ke satu,pasti yang bikin lahirnya tahun ke satu ya sampe tau",3
tiga dolo kalo bagus lanjut,3
Ko kalender saya ga bisa di buka kenapa iya.?,4
Sangat membantu mengingatkan jadwal kerja saya,5
Sangat membantu dgn pengingat dan hari libur nasional dan hai raya,5
Bagus dan komplit,5
"Kalender ny Keren, i like👍",5
"pemgalaman saya kalau melihat kalender, bisa mengetahuiv tangal tiap hari",3
Alat pengukur usia sebenarnya hari untuk pertahunya bergulir dan mensmbah terus usia makhluk hidup,5
Aplikasinya sangat membatu sekaliiiiii,5
Gak perlu nanya nanya hari dan tanggal apa,5
Sangat kerennn woow sekali,5
Sangat membantu trimakasi,5
Aplikasi ini 👎👎👎 3 4 hari minta update 👎👎👎👎👎,1
Lebih mudah melihat,4
Tampilan kurang baik,5
lebih suka versi yg lama,2
Tidak ada tampilan sekaligus 1 tahun,3
Maaaf saya mau tanya apa tujuan app ini minta di update?,1
"bagus, TAPI GIMANA CARA LIAT KALENDER PERTAHUNNYAAAA",3
Sangat bermanfaat aplikasi ini,5
berasa nyaman pakai grab,5
"ngga ada tanda hari libur nasionalnya, jadi ngga tau kalo ada tanggal merah",3
Belanja puas harga passs,5
Kalau ada tanggal hari apa karena saya suka agenda,5
Kelender ini tidak bagus,1
Sangat bagus dan bermanfaat. Good,5
Kurang bagus google kalender,1
"Kok bisa kalender ku kena virus,",2
Pokoknya memang harus punya? Begitu aza ! jelasnya.,5
lengkap Dan jelas informasi y,5
ini untuk apa saya tidak mengerti cara pakainya😅😅😕,1
Terimakasih atas adanya aplikasi ini,4
sangat membantu untuk kerjaku,5
mantap dah produk google memang terbaik .,5
Aplikasi sangat ingatkan waktu saya,5
"Bad apk, download tanpa konfirm",1
Bravo aplikasinya ya!,5
gak bisa lompat ke tahun sebelumnya atau yang akan datang,1
aplikasi ini sangat membantu1👌,5
sangat membantu aplikasinya,4
"Update mulu tolol, kek bagus aje, tiap hari apdet,.... Blok... BURUK BAD 🤬🤬🤬",1
Bagus sekali sangat membatu,5
Tidak dapat info hari raya apapun.... Kenapa......,1
Aplikasi error ga jelas,1
bagus dan sangat membantu,5
"persiapan pembelajaran program kesetaraan paket A, B dan C",5
Sangat membatu buat liat tgl merah 😁,5
Berfungsi dengan baik,5
Turut serta dan coba coba upaya krna dlm keadaan yg mndesak dari covid 19,5
Aplikasi ini sangat Bermafaat,5
gausah kasih 5. Kasih 1 aja cukup banget.,1
ok bs terbntu mngingat tgl dan bln.,4
Aplikasi nya bagus saya menyukainya.,5
Hp saya oppo f3 gk bs buka kalender malah k menu utama 😤😠😠😠😠😠😡😡😡😡😡😡😡😡😡,1
Sesuai fungsi lah ya👍,5
Dengan google saya bisa melakukan hal yang telah saya rencana tanpa terlewatkan dan dingatkan UU,5
aku Uda mau balik ke ambon syang lagi apa yang akan pernah bisa,3
Keren dan sangat bagus,5
Untuk pengingat semua peristiwa,5
WOYYY REMINDER DAN CATATAN PEKERJAAN SAYA KOK TIBA-TIBA HILANG SEMUA INIII GIMANA WOYY!!!! RUSAKK DATA SAYA HILANG SEMUA. INI GIMANA WOYYY DATA SAYA HILANG SEMUA!,1
"Sangat bermanfaat , keren",5
Bagus sekali harus dowload,5
Baik dan sangat berguna,5
memudahkan melihat tanggal jg jadwal2 yg dibuat,4
App ini sangat lumayanlah,2
Sangat bermanfaat utk pengingat,5
"Ehh kok 8,4 GB banyak sekali butuh kowta🤔🤔🤨",1
Untuk APK yang mantap,5
aplikasinya udah bagus,2
Sangat di butuhkan,5
sangat membantu sekali terimakasih,5
Wow aplikasi bagus banget 😃,5
"MASUKIN KALENDER JAWA, KLIWON, LEGI, PAHING, PON, WAGE, BESERTA WIDGET NYA BARU SAYA KASIH BINTANG 5",1
Aplikasi bagus sekali bos,5
"Untuk hari minggu dan hari libur lain nya tolong diberi warna merah, terima kasih",3
Terimakasih Google Kalender... ? 🇮🇩🙏🎖🌟🌟🌟🌟🌟🎖🙏🇮🇩,5
"Tidak bisa melihat tahun yg lalu, payah",1
Harus ad Verisi terbaru dan Indonesia,5
Jadi tahu tanggal dan tahu hari kalau liat kalender 😀,5
Sangat berguna melancarkan sesuatu,5
sangat bagus dan membantu,5
bagus dan sangat berguna,5
semoga app ini bisa.menbantu saay.,5
Sangat perlu dan penting,5
Sangat berguna sekali aplikasi nya,5
Mantap dan sangat membantu..👍,5
Aplikasi ugvsangat membantu dimana pun anda berada,5
Sering ga bisa sinkronasi,3
Tingkatkan terus Inovasinya...,5
Karena tisak lebar seperti kalender lainnya,1
Lebih Baik Seterusnya 👍,5
Cara supaya bisa ditambahin ke layar hp kita gimana?,4
Aku suka sama kalender ini aku kasi 3 bintang,3
sangat bagus membantu sekali,4
Lumayan bagus bos,5
keseringan minta update mulu dah,5
Apa disaat hari besar di tandai dengan tanggal yang berwarna merah ?,5
Tolong kalau bisa di kasih ada tgl jawa mind,5
Lebih maju lagi ...sukses,5
sering nyari masalah,1
Sangat bermanfaat sekali terima kasih,5
Tambahkan kalender Hijriyah,5
Bagus dan menarik,2
Bagus sangat membantu.!!!,5
Sangat bagus aplikasinya,5
Sangat bagus sekali untuk diketahui,5
Ha ini lebih keren daripada bawaan,5
Selalu saja minta update trus,3
Lumayan agak membingungkan,5
tampilan kalender jelek sekali,1
ini paling mantap kalenderku,5
Alangkah baiknya diberi pasaran jawa seperti : wage pon kliwon legi pahing dll,4
Sangat di butuhkan,5
"jadi gak kudet sama hari2 besar, tanks mbah 😁😁",5
Tiga bintang ini buat aplikasi ini sangat membantu ku,3
"Catatan ku kadang hilang, padahal itu penting",1
Sesuai negara dong masa Amerika lucu,3
"Dibawah angka tanggal beri tambahan pasaran jawa, (manis, pahing, pon, wage dan kliwon)",5
sejauh mana sih Ke unggulanya..,3
Sangat bagus dan kren,5
Aplikasinya Sangat membantu,5
Tambahin donk tanggal islam biar kaya kalender aslinya,1
Bagus untuk mengingatkan peristiwa2 yg penting,4
Aplikasi bersifat bagus aku suka,5
Sangat diperlukan/ dibutuhkan.,5
Sy bisa LBH mdh melihat tgl yg SDH ad di app ini,3
Aplikasi nya bagus sangat membantu,5
Google Kalender Top Dan Mantap,5
Pastix apliksi ini sgt berguna dan bermanfaat untk digukn,5
Sangat bagus lengkap aku suka banget 🥰,5
"Hanya saran, tolong hari minggu & hari libur di buat merah",5
Lebih ba yak warna dalam tema,4
Bagus buat melihat hari a,5
Membantu untuk gak usah nyetock kalender dinding,5
Mantapnya aplikasi ini tnkyou 👍,5
Good & super jempol.,5
Tambahkan tanggal merah untuk tanggal hari besar di indonesia,5
Berikan informasi hari hari bersejarah,5
Saya juga suka google kelender sangat membantu saya,5
Tampilan nya bikin bingung,1
"_lanhsung 5 karna membantu saya dan mepermudah,.",5
Bantuan mengakses aplikasi,2
"Ok trimakasih sangat baik semuanya.sekarang,",5
Tidak bisa hapus spam pengingat,3
Email sering telat masuk nya,4
Tepat tanggal otomatis ganti untuk hari besoknya👍👍,5
Lg ga bisa koneksi,5
Aplikasi ini kompatibel dengan aplikasi saya,5
Jadi gak lupa tanggal dan hari nih walau dah pensiun,5
wah jadi tau hari ap dan tgl berapa,5
Mantap banget gan,5
Sangat membantu sekali bagi saya,5
Mohon maaf lahir dan batin Saya sangat berayukur dan berterimah kasih ♥💙🙏,5
jadi cepat tau gajian nih😁,5
Keren bisa lihat jadwal event-event terbaru,5
"G bisa dikasih tema ini apk ah:,((",1
"Segala macam sajian , saya butuhkan dgn tgl sip deh",4
Semoga bermanfaat untuk kita semua yang memakai hp...,5
Bagus jg apk nya...,5
Gamenya sangat bagus......,5
Aplikasi ya sangat bagus,5
"Baik, keren dan terima kasih",5
tingkatkannkeamanan saya jika ad kesalahan saya mohon.maaf,5
Aplikasi ini sangat bermanfaat bagi kami,5
KompLit dan jadi tau hari-hari yang penting,5
"untuk libur nasional/tgl merah tdk ada perbedaannya dgn hari biasa ya min'...,tlong di perhatikan masukannya.trmks...",5
Coba dulu biar aktif dulu kalau bagus aku tambahin bintang,4
Ini apa sih guna nya. Apa ngaruh nya sama google,3
Aplikasi yang lumayan bagus,5
keren enjoy mudah lgi,4
Aplikasinya mantab sekali...,5
Semoga semakin menjadi yg terdepan dan semakin .Oke,5
sangat membantu warga indonesia,5
Sangat membantu aktifitas,5
aplikasi ini bagus sekali,5
Sangat membantu saya menginventarisir jadwal kerja,5
Sangat bagus dan membantu,5
Bagus cukup membantu,5
Sangat membantu utk mengingat jadualyg penting2,5
"Smua sangat membantu,,,",5
Ketrpatan tangat membantu dlm beraktifitas,4
Aplikasi bagus untk sya.,5
Sangat bagus dan membantu,5
Saya sangat menyukai sekali aplikasi ini,5
Masak kalender gak ada tahunya Sampek bingung gue sekarang tahun berapa 😳,1
Kalo bisa ada kalender jawa..terima kasih,5
"Min mau nnya,knp tdi apk ini tiba"" kedoblod sndiri pdhl saya g ad donlod?",5
Aplikasih pengingat Waktu terbaik 👍,5
Sangat bagus dan membantu,5
Google kalender bagus,4
Mudah dalam penggunaannya,5
"Sangat bermanfaat sekali , terima kasih",5
Tepat waktu untuk melihatnya,3
Lumayan membantu banget !!!,4
Dicoba dulu kl bagus tambah bintangnya,4
"Sangat terhibur,terimakasih",5
Di update malah ga jelas,1
Bagaimana cara untuk membuat sebuah karya yang bisa jalan,1
"Sangat tepat sekali,",5
Membantu tuk mengingatkan apa yang bakal kita kerjakan...,4
Baik terimakasih atas datanya,5
Saya sngat menyukai permainan ini,5
Gini gini doang kalender nya😒,3
Meheng kali Masi bagus lagi kalender di rumah,1
sangat saya butuhkan.,5
Sangat membsntu mengingatkan hari2 bersejarah,5
Aku ingin sukses jadi pekerja migran Indonesia,1
ngak berwarna di tanggal yg harusnya merah!!,1
"Saya download ini karena, bagus😇",5
"aflikasi tampa google kalender kurang sip, 🙏jangan loding trus ya google",5
Terimakasih yang sdh buat APK ini mantul,5
saya belum uji kemampuan...3 dulu dh,3
Bagus kalender nya,5
Kenapa notif saya tidak muncul ?,5
Bgs..n praktis..kl isa d beri pasaran..,5
Tolong tambahkan widget harian,3
Ada yang kurang aja gitu deh bro kurang tau jg sih ...,4
mudah mencarinya,5
Sangat membantu ok bget dech..👍,5
Aplikasi ini bagus banget,5
Bagus kalender nya,5
Akurasi tanggal yang mantap,5
Sangat membantu terimakasih,5
Bagus banget untuk pengingat,5
Wahhhh baguss bangaet buat aku karena aku yutubae,5
Terlalu sering update,2
Best terus berikan. Yang terbaik dan paling baik thanks,5
Trmksih banyak atas bantuannya.,5
Untuk melihat jadwal aktivitas sehari hari,5
Bagus banget aplikasi nya,5
Sangat memuaskan aplikasi ini,5
Mantap dan bagus min,4
ya buat mengingat jaja mantap,5
Wajib di update 5 tahun ya kawan makasih.,5
Terimakasih banyak sangat membantu,5
Bermanfaat sekali google kalender,5
Bagus menurut kaliat tentu teruskan ok,1
Update terus lu gimana ya,1
Sangat baik dan bagus.,5
Bagus dan sangat membantu,5
Sangat baik dan bagus.,5
Aplikasi ini bagus banget,5
tampilan kurang ok,2
Aplikasi bagus lengkap,5
Kok aku bingung dengan tampilannya??,3
Tolong jangan ganggu dan interfensi atas kinerja saya ini untuk kepentingan rakyat kesejahteraan rakyat dan kebutuhan dunia tolong mohon jangan menggang jika bukan membantu saya,5
Untuk kalender masehi mulai tahun 2021 hingga seterusnya,4
Aplikasi nya lumanyan bagus,3
Tambah fitur dark mode di android marsmellow,5
sangat membantu. trimakasih...google.,5
Berkat apk ini saya jadi tahu sekarang tanggal berapa ☺👍,5
"Terima kasih,,aplikasi hebatt",4
Okeh Rekomendasi Bermanfaat Bagus,5
Sangat berguna sebagai pengingat,5
Bagus sudah ada hari libur nasional,4
cepat & akutrat,5
Aplikasinya cukup bagus,5
Aplikasi banyak memakan penyimpanan,1
Bermanfaat tp seharusnya ada tgl merah,5
Aplikasi ini sangat bagus,5
Aplikasi ini membantu saya menyesuaikan jadwal,5
Aplikasinya bagus banget,5
Akun saya terblok ketika daftar cek vaksin,2
Tidak bisa di perbaharui,5
Banyak spam virus di kalender saya,1
Tambah kalender hijriyah dong,5
Aplikasi ini sangat bermanfaat,5
Bagus banget aplikasi nya,5
Aplikasinya sangat bermanfaat,5
Pengalaman menarik,4
"Buat apk kalender pelayananya mantap akan ttpi lbh dprbaiki ,,, hari tggl merah lbrnya makasih",4
Sy adanx app in sy mersa heran dan koh tgl ada acund dan seperti org yg melahirkan,1
Sesuai waktu tampilan,5
Lumayan dari pada manyun,5
Dangat membantu biar tidak lupa waktu,5
ya bagiku kalender ini udh mending,5
Sangat membantu terima kasih,3
Aplikasi yang sangat bagus,5
Bravo buat Google Kalender,5
Aplikasi ini sangat bagus,5
Tampilan kalandernya membingungkan,1
"Coba tambahkan untuk kalender Jawa nusantara ,",5
Mempermudah jadwal kerja,4
Selamat datang sahabat semua lurrr sinyal jelek,4
Sangat bagus dan membantu,5
2 aca tidak lengkap,2
Aplikasi ini bagus banget,5
"Sya manen dah lama kok ga prnh diksh JP,",1
waw hebat adaa google kalender ya,3
Sangat membantu masyarakat,5
Sangat mantap 😊😊&juga membantu,5
Sangat bermamfaat digunakan,5
Apk yang sangat membantu ✨,5
Tanpamoe Joe tak tau kapan dapat honor dan libur panjang😁❤️❤️❤️❤️😁😁👍👍👍🥳🎉🥳🎉🙏🙏🙏,5
"Tolonglah tambahan deui kalender Sunda, dari dulu kalender Jawa Mulu 😷",5
Sangat baik dan bagus,5
Pernah kerja di luar negeri,1
Ada pengingat hari hari besarny juga,5
Saya suka sekali dengan Aplikasi ini👍,5
Padahal tidak langsung terprovokasi ada t,4
Terima kasih sangat membantu sekali,5
Bagus tampilannya,5
Saya sudah download kok dari tadi menginstal,3
Kelender di hp bisa membuat ingat kondangan famili dan jadwalnya,5
Lebih ditingkatkan lgi,5
Aplikasi ini bagus sekali,5
Sangat membantu aplikasinya...,5
Bagus dan bermanfaat,5
Semoga lbh baik lg kedepannya spya sy kasi bintang 5,4
Aplikasi nya sangat bagus,5
jadi makin mudah saja.. good,4
Lanjut sampai ramadhan penuh pengampunan.,1
Bagus dan bermanfaat,4
sangat membantu dalam membuat agenda rencana kerja,5
Download cuma buat NCT doang hh,5
Cukup membantu untuk kegiatan saya,5
"Sekarang hanya bisa bekerja santai kena cacat seumur hidup bercocok tanam, berkebun.",4
Bagus untuk mengingat tugas,5
smg google kalender bs di andalkan?trimakasih,5
gak ada suara pengingatnya.,1
Tukang bangunan renofasi profesional,5
Kerennn bgt buat taruh tgl ultah,5
Sesuai dengan kalender nasional,5
"Maa syaa Allah pkoknyaaa ssmoga diberkahi Allah.. membantu sekali, tingkatkan terus niat baiknya",5
Coba untuk buat catatan pengingat sebagian kejadian yg unik.,5
sangat membantu saya untuk tahu ulang tahun mantan,3
Nggak tahu lah ini aku kasihin bikin aku pusing,2
Sangat berguna dan bagus,5
Karena kesibukan ..terbantu dng aplikasi ini,5
"Cuba ada petunjuk kalender Jawa,cina dan arab",5
Aplikasi yg sangat bagus sekali 🤩,5
Bagus buat update app,5
"Sangat membantu sekali,👍👍👍👍👍👍👍👍👍👍👍👍👍👍👍👍👍👍👍",5
Pengingat Hari tanggal bulan ceria tidak lupa,5
Kok sering update,3
Membantu kita untuk mengetahui jadwal kegiatan,5
Bagus sebagai peringatan waktu,5
Kalender Aku Google Kalender,5
Semoga Aplikasi Menjadi Lebih Baik....,5
Aplikasi kalender yg jelek,2
"Bagus, tingkatkan",4
"Setiap hari dibutuhkan oleh masyarakat,",5
Bintang 5 gratis :),5
"Alhamdulillah... . Sdh bisa bergabung di Keluarga Google Kalender . Semoga Sehat""&Berkah"" . Aamiin🤲...",5
Aplikasi pengingat yang bagusssss,5
"Mantap google kalendernya,",5
Tambah dengan kalender jawa ...please,5
Aplikasi nya bagus banget,5
Kalender hrs ada selamanya,5
Sangat bagus keren!,5
Sangat bagus dan berguna,5
Di updet aja susah tp aq suka,5
"Saya saling mencintai jgn di halangi Alhamdulillah semoga jadi keluarga bahagi,saya minta jaga dia baik baik yah jgn buat dia menangis lagi, apalagi sakit hati,saya tau kamu menginginkan nya sejak lama",5
kasih bintang 3 dlo klo bagus saya tambahin,3
Good apk. Saya suka.....,5
Mantap sangat membantu,5
Aktifitas terkontrol,5
Tidak jelas informasinya,1
Aplikasi sangat bagus..,5
Terima kasih Google Kalender 💌,5
bagus untuk mengingatkan,3
"Habis hari,updute jadi lebih bisa?",5
bagus banget untuk pengingat,5
bagus..u/ agenda kerja,5
Terima kasih Google Kalender 🙂🇮🇩,5
Sangat membantu dlm berklender,5
Paling penting nih aplikasinya,5
"sangat membantu,,",5
Baguss bangett bisa pengingat lagi muaa,5
"Sy ksih 4bntang dlu, masih mau caba Mudah2han gk sia sia sy dwuonlod",4
Recommended banget wajib download,5
Apk jelek gak ada bulan jawanya,1
tolong dong ditambah kalender Jawanya,5
Tanpa mu aku gak akan tau tanggal mantap,3
Bagus dan dikasih tanda klo ada tanggal merah serta tanggalan jawa,4
Sip mantap... Update terus,5
keren sangat berguna,5
Sangat bermanfaat sekali untuk saya,5
Aplikasi ini bagus sekali,5
mantap kami suka dng kalender ni,5
ga bisa dilihat dari tahun,1
Banyak link² masuk ga jelas,1
"Entahlah,aq gk punya komentar👌 Yg jelas aq baik😂",5
"Hari libur ko ga merah, kalendernya biasa aja",1
Dua aja ah lancar tambah lg,2
Aplikasinya sangat bagus,5
Mau ditambah dgn tgl kalender islam,5
Mantap cukup bagus,5
Sebagai tehnisi mesin pendingin perikanan,5
Sangat membantu sekali..,4
Memudahkan orang untuk mengingat hari dan tanggal serta tahun,5
Ya tlng di bantu saya ingin mengaktip kan wa,5
Aplikasi yang tepat di jaman now,5
jelekkkkkkkkk🖕🖕🖕🖕🖕🖕🖕👎👎👎👎👎👎👎👎 gak bisa bikin jangan sok bisa jelek jelek,1
Kalender tidak memiliki tema kah?,5
Selalu semangat sukses menuju masa depan,5
Baik sekali aplikasi nya,5
Terimakasih google sangat membantu,5
Kadang kalender hijriahnya ga keliatan,3
Kok banyak virusnya sihhh,1
Penyampaian Informasi dengan Sebenarnya. Akurat Tampa Hoax,5
Sangat membantu!,5
"Apk nya bagus,kata saya sih.",5
Terima kasih atas aplikasinya,5
Kalender nya ribet kontil,1
Di Oppo f3 gak bisa dibuka,1
Semoga bermanfaat dan tidak merugikan masyarakat banyak terimakasih 🙏,5
Dengan Google kalendar sangat membantu saya,5
Sangat bermanfaat tiap hari,5
Bagus tapi gak ada tanggal Jawanya,5
membantu saya untuk melihat lebih banyak dari pada yang lain,5
Aplikasi nya sangat berguna😇😇😇😄😄😊😊,5
Bermanfaat Dan Mudah Digunakan,5
Kurang suka aja liatnya,2
Aplikasinya bagus sekali,5
Mantap kayak gitu pun,5
tutup semua askes ID akun Email orang ketiga kedata perangkat Unrek logout bersihkan,3
Bagus sekali aplikasinya,4
makasi google udh temenin aku dari kelas 1 sampai 6 google tuh membantu bngt deh....Terima kasih google...,5
"Assalamualaikum,aplikasi yg bagus😊🙏",5
Dapat di rekomendasikan app ini,5
"sebelumnya eror, sy buka lagi, semoga sukses. Terimakasih",5
mantap... sangat membantu...,5
Liat kalender Hati jadi tenang,2
Kalender top bikin sy bisa atur jadwaal kerja sy drmh,5
Bagus gampang gak ribet,5
Oke buat tau hari dan bulan,5
Sangat menbantu mantab....,5
Aplikasi utk agenda saya itu yg saya tahu,3
Sangat membantu mengingatkan saya👍👍👍👍,5
lebih ditingkatkan lagi,3
aplikasi bagus bnget,5
Sangat baik penggunaanya.,5
semua ada di google kalender,5
Trima kasih sangat membantu kami,5
Saya suka sekali sama aplikasi ini,5
Sangat membantu salam sukses,5
Dvn adanya google kalender kita sewaktu2 bisa liat tgl,5
Semoga memberikan layanan hari yg terbaik,5
Tolong ditambah tanggal Hijriyah,5
Harap di integrasikan dengan kalender jawa dan hijriyah,3
Nggak begitu menarik,5
3 bintang dulu bagus tambah lagi.,3
Sangat membantu sekali,5
3 aja dulu kalau bener2 membantu nanti Saya tambahin lagi bintangnya,3
Si pencinta wanita melangkah pasti tetap oktimis ysss,3
Edit iya sama gue aja uyyuuy ada,3
Bagus bgt.... Aku ganti hp masuk lagi catetannya gk ilang,5
Aplikasi yang sangat bagus aku suka,5
makin lama makin lemod aja,3
Bisa lebih mudah terbaik,3
"lebih bagus sekarang, terimakasih",5
yang penting bisa di donload,5
Kalender serbaguna,5
Kalender bermasalah sy hari lain tgl lain,3
Sangat membantu sekali,5
Trmksh sudah sangat membantu,5
Aplikasi yang cukup baik,3
Aplikasi yg bagus fan bermanfaat,5
Suka banget dilengkapi,5
Mohon di perbaiki ya masa Ander terus gobookk kdkdkeee,1
Sangat cocok digunakan,5
sangat bagus saya kadih bintang empat,4
Sangat Membantu Sekali,5
Thanks you smoga membantu saya menambah wawasan,5
Saya suka banget sama aplikasi nya,5
Saya sangat suka menggunakan apk ini,5
Bagus bisa buat rencana ulang tahun,5
gak guna gak ada harinya,1
Mengatahui hari tanpa belajar dari pengalaman saya,4
Jaringan internet cepat buktikan,5
Bagus sesuai kebutuhan,5
Bintang 5 buat aplikasi ini,5
Tampilan bagus,5
wow ini sangat berguna sekali 🥰,5
Gamau gasuka gelaaayyyyy!!!!!!. Semua produk google gelayyyy,1
Kenapa sekarang selalu log out,2
Jadi gampang ada yg ngingetin .best,5
Memberi kemudahan dalam menghitung hari,5
bagus dan membantu,5
beri yg terbaik untuk warga indonesia,5
"Bagus, tingkatkan lagi",5
Sangat membantu sekali,5
Terima kasih.... Sangat membantu...🙏,5
Nggak pernah di download,5
Agar dapat mengetahui hari dan tanggal,5
alhamdulillah... cukup membantu,5
Sangat membantu sekali,4
Benar benar berguna jelas klo kita mau gajian tgl hari thn,5
Saya suka sekali dengan aplikasi ini,5
Kok kadabf tidak bisa dibuka,5
Sangat berguna mantap,5
Bagus dan menarik ...,5
Bagu sangat terbantu.,5
kalo bisa ada tema gelapnya,3
sangat membantu sekali,5
Bagus ssya kasih bintang 4 dulu mf🙏 karena jarang digunakan,4
Terimakasih atas aplikasinya,5
Sangat membantu sekali,5
Cukup lumayan bagu,4
sangat menarik,5
Sangat membantu sekali,5
Kalender inovatif & kreatif.,4
Aplikasi ini meresahkan saja 👿 👿,1
Cukup membantu bagus,5
Sangat bagus sekali banget.,5
Tidak membantu sama sekali,1
andai waktu bisa di putar kembali aku mau nya sendiri,5
Bisa lihat tanggal dan bulan berapa sekarang,5
Bagus tingkatkan lgi,4
Saya sangat menyukai aplikasi ini,5
Bagus rating bintang 5,5
bagus tingkatkan,2
Aplikasi yang sangat bagus...,5
Apk sangat mendukung,5
Sangat baik untuk kita semua,5
Sangat membantu sekali,5
Gak ada pemberitahuan hari libur,1
Aplikasinya sangat membantu,5
Bagus dan membantu,5
benar dan lengkap,5
Sangat mudah mnggunakanjya,5
Baik sekali aplikasinya,5
membantu memenuhi kebutuhan kami,4
Sukses ya pengajuan di kredit pintar,5
Sangat bagus utk mengrtahui tamggal,5
Aplikasi yang terbaik!,5
Sangat membantu sekali,5
Maaf ya kalo saya kasih 3 bintang karena lama amat,3
Aplnya sangatlah penting bagi semua orang,5
Segalanya lebih mudah,5
Lebih bisa cangih lagi,3
Sangat bagus dan membantu,5
Sangat membantu untuk saya,5
Bagus apl nya buat tandain hari ultah ku,5
Veryy good Sangat membantu saya,5
nanti update warna tglx donk tgl merah,5
𝐁𝐚𝐠𝐮𝐬 𝐝𝐚𝐧 𝐛𝐞𝐫𝐦𝐚𝐧𝐟𝐚𝐚𝐭,5
aplikasi sangat berguna,5
Saya perlukan untuk ambil bulanan.,4
"Percuma , tidak bermanfaat",1
Sangat membantu hari2 kami,5
Mantap sangat membantu broo,5
aq siap untk menggnkan kartu telkomsel ini,1
🙏🏻 maaf tapi benar benar g dibutuhkan 🙏🏻,3
sangat membantu sekali,5
Kalendar super2 hebat ada penanda harinya,5
Sangat membantu aktifitas,5
Bagus tpi udh punya apl ini,4
Good sangat bermanfaat,5
"alhamdulillah, cukup membantu",3
Sangat membantu sekali,5
Terimakasih selalu membantu ku 😍😍😍,5
Tolong mutu nya ditambah,5
Perlengkapan yg kita butuhkan,5
Cakeup dan sangat membantu,3
Tidak ada kalender jawanya,3
Lumayan buat pengingat hari,3
Mudah untuk melihat waktu,5
Sangat menarik,4
Menurut aku aplikasinya keren👍,5
Baik sekali untuk melakukan hal yang fositif,4
Kebanyakan meminta pembaruan ...malez klu gni teruz jajinya,1
"coba ,kalau bagus ,lanjut",5
bagus dan akurat,5
Sangat bermanfaat sekali,5
kurang enak aplikasinya,3
Sangat bermanfaat sekali👍👍,5
Masa tepat Waktu tepat sasaran,5
coba dulu klu suka kasih bintang ful,4
Gak ada warna lagi y,1
sangat membantu aktifitas saya,5
APLIKASI NYA BAGUS BANGET!!💗✨,5
gak enak pakek aplikas ini,2
Bagus buat orang yang lupa ingatan,4
Bagus sekali aplikasinya,5
kenapa lama terganti tanggal nya sama,5
ga ada tanda tanggal merahnya ya,4
Icon terlalu besar,5
Aplikasinya sangat bagus,5
Sangat membatu untuk saya makasih,5
Buat kal3nder hijriah biar makin ok,4
Sangat membantu bos,5
hati2 scammer rusia pakai aplikasi ini..,1
Sayangnya tidak ada kalender jawa,5
Bagus dan bermanfaat,5
Mantap dengan banyak opsi,5
Pakai udh lama semoga bisa membantu eke 😘,5
Bagus sekali kak membantu hari hari saya,5
Sangat membantu terimakasih,5
Mantap untung mengingat bln gajihan,5
setiap tgl 30 batas bayar MNC PLAY setiap bulan nya,5
"Terbaik, mantap👍",5
Aplikasi yang sangat bagus.,5
Apk ini bagus banget aku suka,5
Baik dan cepat,5
Membantu pekerjaan administratif & skretaris jd lbh mudah krn sinkron dg email,5
Apknya ok sangat membantu,5
"good, Sangat membantu",5
Sangat membantu mantapp,5
Terimakasih google kalender slalu mngingatkan saya🥰,5
membantu dalam segala hal,5
tolong bisa tambah penanggalan hijriyah?,5
Sangat membantu saya mengingat jadwal saya,5
Aplikasi yang sangat membantu,5
sangat membantu keseharian,5
Aplikasi yang sangat bagus,5
Admin buat dikalender tanggl merah dong biar tau klo misal tgl berpa aja tgl merah,5
Sangat membantu sekali..,5
Mohon ditingkatkan lagi.. Kok tanggal merah di kalender saya hari raya idul adha tanggal 9 Juli 2022 padahal kan idul adha nanti jatuh pada tanggal 10 Juli. Mohon di ubah ya🙏,3
Tanggal merah kenapa tidak ada sama sekali / hari perayaan,1
Bagus sekali aplikasi nya,5
Aplikasi nya bagus banget,5
Aplikasinya sangat bagus,5
Terima kasih. Ada tanggal merahnya juga. Hari libur nasional ada,5
Aplikasi yang sangat berguna,5
Aplikasi yang sangat membantu,5
"KLO Bisa untk tgl merah, di merahin tangganlnya dan untk hr minggunya",3
Aplikasi yang sanggat bagus,5
Untuk melihat tanggal kapan melamar mu,5
Bagus nich buat ngatur jadwall,5
Saya ingin sebuah trobosan baru mengenai bisnis online,5
"sangat membantu kami,,,,Mantap 👍👍",5
bagus aplikasi ini 👌,5
Agar lebih lengkap,5
Kelender berharga dalam hidupku Untuk mengok hari apa sekarang dan tanggal berapa sekarang,5
Gw ketipu krn awal d minta utk review. Ujungnya uang gw raib. Mengatas namakan google.,3
Sangat bagus dan sangat membantu,5
Aplikasi yang sangat berguna,5
Jaringan terlalu jelek,5
Aplikasi nya sangat berguna,5
sangat terbantu yg pasti,1
Alhamdulillah jd tau hari2 penting,5
baik sangat bagus lengkap,5
Aplikasi yang sangat membantu 👍👍,5
Sangat membantu sekali,5
tidak bs di upgrade,1
menyesuaikan kebutuhan,5
Aplikasi yang sangat membantu,5
Sangat membantu sekali,5
Aplikasi yang sangat bagus??,5
Lebih enak kalo cari hal apapun.,5
Sebaiknya ada hari besarnya...,2
Sangat penting dan bermanfaat,5
Ini sangat bermanfaat sekali Masya allah,5
Melihat tgl dengan mudah,5
Kalender terbaik,5
Masih Sangat Diperlukan....,5
Tingkatkan performnya Bosquh,5
Aplikasinya sangat membantu,5
"SANGAT BAGUS, dan RECOMMENDED",5
Saya beri lima bintang demi ingat aktipitas saya setiap hari tanpa batas,5
"baik, sangat membantu",4
Tolong tambahkan fitur kalender jawa.. Pon wage kliwon legi pahing,3
Bagus nih buat atur jadwal,5
Bagus sekali buat reminder,5
Baik dan memuaskan.terimakasih,5
Bagus dapat membantu jadwal kerja saya.,5
Aplikasi Gak Guna Anjeng Bangsat Tolol Lebih Berguna Free Fire,1
"Okelah bosku,kalau bisa tanda tgl merah ada tandah merah bosku",5
Saya Berikan Lima Bintang 🔯🌟 Karena Bagus Sangat,5
Terlengkap dan bagus,5
Kog di gwa instal² sendiri ya cok,1
Terimakasih sangat membantu sekali saya 🙏😎🇮🇩.,5
"inii yg aku butuh, buat aku yang sering lupa",5
Sangat sangat bermanfaat,5
Acc kan saya gak pernah gak bayar,5
Sangat membantu membuat jadwal👍👍👍,5
Sangat membantu mengatur jadwal aktivitas sehari hari.,5
Jadi mudah pake aplikasi ini,5
Fitur yg lengkap,5
kalender ga jelas ga? hapus lah,1
membantu untuk melihat tanggal 👍,5
Aplikasinya sangat membantu,5
Sangat bagus & membantu,5
Trima kasih sudah memberikan waktu hari yang tepat..,5
aplikasinya bagus,5
Semoga apk ini mengajak sy lebih,3
devoloper tambahin kalender Hijriyah please,5
bagus membantu banget,5
Bermanfaat banget makasih💜,5
Beri sumber jjaringan xl axiata nik sya Geraatis kouta an data maasukan,5
Aplikasi sangat bagus,5
Saya kasih bintang 4 dulu nanti kalau membantu saya tambahin,4
Bagus sekali aplikasinya,5
coba dulu bagus saya kasih penuh bintangnya,3
Hari tgl tidak ada. Apa ini kalender Ngacow,4
Bismillahirrahmanirrahim smoga lekas bisa tersinkronisasi aamiin,4
Trimakasih bisa melihat tgl,5
muharram knp berubah asal2 an tanpa dalil,1
"Hiliamaigila, Desa Sisarahili, Kec. PP. Batu, Kab. nias Selatan, Provinsi Sumatera Utara, Negara Indonesia, Kawasan Asia Tenggara, Benua Asia, Planet Bumi, Alam Semesta...#tempatpalingaman",5
Klik linknya dapatkan uangnya sekarang 👇👇👇,5
Aplikasi ini sangat membantu,5
Terlalu sering pembaruan,3
di update Mulu nih google kalender tolol,1
Sangat membantu pengguna,5
mantappp sangat membantu.sungguh bermanfaat sekali,5
"Tidak ada weton pasaran Jawa, contoh pon, Kliwon wage manis paing",1
Sinkronkan tgl dan hari,5
Bagus sekali n membantu,5
1muharam 1443 kok tgl 11agstus? Hrusnya tgl 10agsts. Tolong diperbaiki min,2
sangat membantu terimakasih,5
mantuy bgtz deh apps ini..,5
Sekarang harus nya tanggal 26 di kalénder 24,1
Saya kasih bintang 3dulu soal GK bisa d perbaharui,3
ini permpuamaan jika mengantar saya dengan lurus akan. Saya. Lurus kan juga bintang nya,5
Aplikasi yg sangat bagus,5
Aplikasi yg bagus digunakan,5
Keren aplikasi sgt membantu,5
Canggih dan luar biasa,5
"Mantap sy kase bintang 5,, sukses slalu",5
Bagus.memudahkan dlm agenda harian,4
App kalender yg cermat mntap,5
Kenapa tidak menampilkan hari libur keagamaan dan nasional? Masok angin kalendernya,3
Aplikasi ini sangat membantu,5
Aplikasi ini sangat membantu,5
Aplikasi yang sangat baik,5
Sedia tandai tanggal jangan sampai ditinggal.,5
Tiba2 isi kalendernya kosong,1
sangat membantu sekali,5
Ga bisa ke 36 tahun yang lalu,1
kalender Google sngt prkts bgs jga,5
Aplikasi yg baik berguna pula,5
Cukup membantu sekali,5
keseringan update,2
Saya Sangat puas degan layanan ini,5
"pake tanggalan nasional dongg.....!, bete ngeliatnye.",1
Sangat direkomendasikan,5
Biar bisa tengok tanggal atau bulan,5
Aplikasi bagus top 👍,5
Aplikasi ini sangat membantu,5
bagaimana cara mferifkasi akun Google baru yang lebih penting lagi ya.,4
Aplikasinya sangat baik 👍,5
Update terus saja,1
Ga bisa di buka kenapa ya,5
love love buat kalkulator hp,5
Bagus sangat membantu,5
Deskripsi tidak jelas,1
Buat warnain merah smua minggu ga ada,4
sudah banyak di gunakan sebagai masker wajah organik dan anorganik dan perbankan syariah dan bank mandiri syariah dan konvensional dengan baik dan benar sesuai kebutuhan Anda terbebas dari sistem informasi manajemen keuangan Agus Martowardojo mengatakan pihaknya akan segera hadir di dunia ini yang paling penting adalah bagaimana rasanya menjadi lebih besar dari mereka berkumpul bersama keluarga dan masyarakat umum mata secara alami dengan memanfaatkan herbal dari alam sampai menggunakan bahan ki,5
Saya sngat terbantu dngn bisa nx mnggunakn aplikasi ini,5
Egk ada iklan,5
lumayan dpt membantu,4
Berfaat dlm mendpt informasi dn bs megingat hal yg sdhblama kt lupa,5
Aplikasi yg sangat bagus,5
Tidak bisa menambahkan hari libur nasional pada redmi 4x,3
Baik di gunakan untuk semua orang,5
Bagus sangat membantu,4
sangat membantu sekali,5
SUKA BANGET ADA WAKTU PENGINGAT SOLAT JUGA .,5
aku cukup senang dengan ini..,4
Iya sangat bisa mengatur waktu..,5
Apanya yang di update..,5
Bisa membantu kegiatan harian,5
Hitung hari dengan google kalender,5
trus tingkatkan update trbaru,5
Aplikasi ini yang saya perlukan sekali,5
Sangat membantu sekali... Joss,5
Aplikasi ini sangat membantu,5
Bagus sangat membantu,5
Mantap berguna sekali,5
Sangat bermamfa'at sekali.,5
Aplikasi nya bagus.,5
Anak asu malah ngingetin ultah almarhum kakak gw,1
sangat membantu sekali,5
Semua prodak google mantap.,3
Tambah foto untuk pengingat acara,4
Egk ada iklan,5
tampilannya membingungkan,4
Alhamdulillah sangat membantu..,5
Berguna untuk setiap hari,5
Knp ini ngga bisa di Download,5
Hampir semua ya berguna Ok,5
Kalender terbaik 👍💯👍💯👍💯👍💯👍💯,5
Mantap. Jadi gk lupa sama jadwal,5
Bagus sangat membantu,5
sanggat menarik,3
Aplikasi ini sangat penting,5
Cukup membantu pemakaj,4
Sangat keren pisan,5
Kenapa ada pemberitahuan yang ga jelasss 😡😡😡,1
Bagus.... Bagus.... Bagus dan bagus,4
Bagus sangat membantu,5
Di indonesia hari libur berwarna merah bukan hijau,2
Egk ada iklan,5
Aplikasi sangat membantu,5
Aplikasi ini sangat membantu,4
Bagus sangat membantu,5
Aplikasi sangat membantu,5
Ya Allah makin abdet makin banyak bag,5
Baru install blom dicoba,4
Aplikasinya bagus 👍👍👍,5
Bagus memudahkan menengok tanggal,3
Splikasi nya sangan membatu buat sy,5
Baru di update lagi,5
Aku kasih bintang satu karna gabisa di hapus,1
Bangus banget aplikasi ini,5
Tepat kalender nya,4
Aplikasinya bagus 👍,5
sulit di pahami,5
Terimakasih bagus sangat,5
Cukup lengkap.. Tq,5
Tampilan menarik,5
Bagus sangat membantu,5
Buat pengingat jadwal & hari sngat bgs digunakan,5
Bagus sangat membantu,5
Sangat suka sekali,5
Sangat suka sekali,5
Pada klender mohon dilingkapi dg ket hari2 besar nasional dan hari besar agama,5
Kalender nya ngak jalan,2
App ini sangat membantu,5
dapat menulis jadwal kegiatan kedepan,5
Jangan mintak perbahaarui terus,1
Bgagus sangat membantu banget,5
Terimakasi google update teruusssss.....,4
Aplikasinya bagus 😍😍😍,5
Tek bisa di gunakan,5
per tahun gk ada payahh,2
Semua bintang 5 dah buat produk google,5
Tidak bisa buat hari libur,1
Nggak ada tanggal libur nasional nya,1
mudah mengatur jadwal,5
MASIH BELUM LENGKAP KALENDERNYA MASIH MINUS FITURNYA 🤬🤬,1
Menyukai aplikasi google kalender,5
Kalender ga jalan,1
Trim pelayanannya sukses,5
Aplikasinya bagus,5
Terima kasih 👍 sangat membantu,5
Apk sangat membantu 🤩,5
Sangat bagus.skli,5
Sangat membantu sya,5
Sangat berguna sekali,5
Sangat tidak jelas,1
Lebih cepat lg klu bs,5
Alhamdulillah sangat membantu,5
Selalu kembali setiap Aku buka,2
Kredivo sangat membantu sesama,5
Aku senang pakai Aplikasi ini.,5
Tidak bisa buka kalender,5
Terukur dan tepat,5
Tampilan nya ribet,1
Bintang lima dapat dipastikan baik,5
Keren bisa liat kalender,5
Aplikasinya bagus,5
Mantap sangat mbantu,5
Pintar tapi ga respect,1
Aplikasinya bagus,5
Aplikasi yang bagus,5
"mogok (penyimpan kalender), kenapaaaa",1
google kalender sangat membantu saya,5
Menunggu google kalender jadi 2GB,1
unrek semua askes catat logout tutup,3
Nice saya suka sekali,5
Lumayan membantu utk ingatin jadwal,5
Penting sekali selamanya,5
Saya seneng gunaka aplkasi yutube ini,5
Update ke versi terbaru,5
sangat membantu buat kami 🙏🙏🙏🙏,5
Dpt dgn mdh qt melihat waktu yg trlupa,4
Sangat berguna sekali,5
Saya suka denga apk ini,5
Aplikasi ini bener2 membantu,5
Cukup untuk mengingatkan,3
Semoga bisa berguna apk ini,5
Aplikasinya bagus,5
Bagus dan mantapp👍,5
Aplikasinya bagus 👍,5
Sangat akurat. Seperti levi nginjek pala,4
Bintang 5 khusus,5
"Maju teru ,pelayanan yg baik",5
Aku beri bitang lima karana alpikasi ini bangus banget !!!!!!!!!!!!!!!!!!,5
"Sangat membantu, terima kasih.",5
Bagus buat kita supaya tahu tanggal berapa,4
Good sangat membantu,4
mantap buanget dah pokonya,5
Bagus sekali aplikasi nya,5
Sangat baik Setiap hari,5
UPS bagus sebagai pengingat,5
"MANTAP SEKARANG ADA GOOGLE KALENDER JADI KALO LUPA TANGGAL BERAPA WAKTUNYA APA TINGGAL BUKA GOOGLE KALENDER AJA, MANTAP👍👍👍👍👍",5
Sangat bagus dan lengkap👌💯,5
semoga membantu selaluuuuuuu yaaaaaa......!!!,5
Gggof💪٩(๑˃́ꇴ˂̀๑)۶ᴳᴳ ga gitu terus terang tak t😢tt,5
Waktu menjadi mudah di ketahui,5
bagus sebagai pengingat hari,5
update bikin tanggalan membingungkan jelek,1
Tgl Hijriyah nya harus sesuai,5
Woy kenapa ada Gmail mobaile Legend anjirt,1
sangat bagus dan keren,5
Yg paling jauh kemarin yg paling dekat hari ini,5
Dapat melihat jadwal dng cepat dan rencana yg SDH dibuat,2
Sangat membantu sekali,5
"sangat membantu saya, terimakasih",5
Lihat tgl utk menghitung hari semangkin berkurang umur per hari makanya perlu calender jugu utk planing dan bikin janji,5
Saya suka sangat membantu sekali,5
Yang ke 7 adalah roh rahmani . Roh ini juga sebut roh pemurah. Karena diambil dari kata rahman tg artinya pemurah.roh ini membawa sifat sosial dan suka memberi,5
Terimakasih Google kalender,5
Kasih fitur duplikat min,5
Aplikasi Nya Cukup Bagus 👍,5
Belum ada tanggal Jawa sama pasarannya,4
dpt membantu kegiatan kantir,4
Kocak ga sinkron yang PC ama HP,1
Batalkan dulu ya tks,2
Cara mudah lihat tanggal,5
Apa kamu atu siapa aku ..... Coba cari aku klo bisa ... Bisa gak gak mungkin bisa,5
Sangat membantu sekali,5
Sangat membantu sekali,5
"Sangat membantu, bagus !!",5
Saya sangat membutuhkan aplikasi ini,5
sangat bermanfaat sekali,5
Jelek APLIKASI APAAN NIH JELEK BANGET,5
good... tanggal libur kasih warna merah dong,5
Tepat dan sinkron,5
Menjadi mengerti tentang agenda agenda yang akan datang,5
Mantap aplikasi nya,5
sangat bagus dan baik,4
Tanggal /bulan/tahun tepat,5
Update terus mulu,1
Enak pkek aplikasi kelender ini,5
udah gw kasih 5 bintang..kasih saya kepuasan,5
"Ok ,buat mengingatkan ok",5
Hentikan langganan ini karna sudah merugikan aku email saya,5
Sejak kategori tersebut ada yang mengingatkan akan waktu,5
"Bismillah Assalamualaikum ... Semangat pagi 😍 Senin penuh BERKAH ... Memulai senin pagi ini dengan ucapan DOA , BERSYUKUR DAN AFIRMASI POSITIF InsyaAllah apapun yang kita kerjakan hari ini berjalan dengan LANCAR , di beri KEMUDAHAN , di limpahkan BERKAH, KESEHATAN & REZEKI YANG HALAL.... Aamiin Aamiin Yaa Robbal Alaamiin ... #Mci💕 #SeninBarokah #seninsemangat",5
bagus...bisa atur jadwal.,5
Di tambah tanggal merah dan hari2 besar dong,1
Terimakasih sudah mengingatkan tanggal ke saya,5
Perkembangkan lagi apk.nya,5
Hari minggu dan hari libur tolong diberi warna merah dan deskripsikan keterangan liburnya,4
sangat membantu sekali,5
Xhudhdudhd ini tidaknya suatu rumah o tidak dapat di Indonesia tidak dapat chjfhfidhdifhi ini adalah beberapa RI yang Dghdhfufhfifhf Gdhddudhfufh ini juga z ini r Gdhddudhfufh ini adalah hasil untuk meningkatkan dan mempertahankan diri tidak i ini tidak ada komentar untuk artikel ini juga bisa wa Ode tidak i Rp tidak ada yang memiliki nilai jual yang lebih tinggi daripada di telfon agung dan pemuda dari kecil hingga remaja yang memiliki nama yang tidak i tidak dapat dimuat di majalah Jughhhfjfj,1
Tidak bisa goto date,1
KALENDER ADALAH PENGINGAT WAKTU MASA AKTIF ROLi DAN TELKOMSEL BAGIKU. MENJAJA TELKOMSEL DAN ROLi SAMA KALANYA SAYA MENJAGA SHOLAT DIPAGI SUBUH HARI MELALUI LONCENG JARINGAN TELKOMDEL BERSAMA ISLAM MEDIA.,5
sangat membantu sekali,5
Google klender ini maknanya.... Untuk menteri atau lembaga terkait untuk apa seperti dana kelurahan dana desa atau dana yang lain nya... Oke saudaraku...,5
Sukaaa memudahkan dlm melihat tanggalan,5
Bagus untuk dijadikan jadwal pengingat nih,5
referensi harianku buat aktivitas ditoko,5
gada tanda yg ngebedain 1 bulannya sampai tanggal berapa,1
Memudahkan kita untuk melihan kalender,5
Maaf sama aja GK ada perbedaan ny sama kyk yg dulu,3
Sedang mencoba kegunaan_nya..,3
ok mugo2 dapat koin yang menakjubkan,4
bagus sangat membantu,4
tolong di buka yg tla kami isded.,5
Google trimakasi oke banget,5
Oke bener saya langsung beri bintang 5 🥰,5
Sangat membantu sekali,2
Tolong ditambahkan Bulan Hijriah,4
Terimakasih Google Kalender... ? 🇮🇩🙏⭐⭐⭐⭐⭐🙏🇮🇩,5
"ok,puas dngn pelayanannya",5
Bagus bisa lihat tanggal hhi,5
sgat membantu sebagai pengingat&jadwal yg penting.tq,5
membantu menjadwal kegiatan,5
Klender apa pungsinya aflikasi sampah,5
Kalender biar gk bingung,5
Aplikasinya sangat bagus 😱,5
Tambahin tanggal hijriyah dong,4
Butuh buat Melia hari dan bulan,5
Mnta perbaharui trus habisin kuota aja,1
Tanggalnya ga mau ganti sendiri,3
Aplikasi ini sangat penting,5
Kok gak bisa lompat tahun😤,1
Terimakasih telah mengingatkan saya tanggal tanggal,5
Sangat bermanfaat bagi saya,3
Tolong di kasih tanggal bulan sama weton jawa iyaa🙏🙏🙏🙏,1
Google selalu menarik,5
tolong ditambahkan kalender tahun julian,4
Bagos bangat aplikasinya,5
Sangat mbatu sekali,5
saya suka dengan aplikasi ini,5
Aplikasi ini sangat membantu,5
Pokok e ojo diperbaruhi.. soyo koploo iklan e,4
Bagus supaya tidak lupa tanggal lahir aku,5
Sangan bagus dn membantu,5
Sangat baik aplikasiny,2
Munculkan aplikasi ini,3
Bintang yg bicara terimah kasih,5
Bagus dan terupdate,5
Sangat bagus saya ngak nyesal,5
Cuma menuh menuhin memory,1
Terlengkap ok banget...,5
Sangat membantu bagi sy,4
gak perlu buka kelender dirumah apalagi kalender caleg 😂😂😂😂😂,5
knp appnya gk nonggol tangalnya ?,3
Bagus sangat membantu,5
Terimakasih Sangat membantu,5
"Lti Itulah.sy.hrs.minta.maaf..krn spt suatu.paksan.utk.yg mempethatiksn.tul issan.sy ini.timbul benci.dan.maràh Mungkin krn.kebodohan.atau.egues.ñya sy.,,!",2
"535Q+C35 Sukawangi, Kabupaten Cianjur, Jawa Barat",4
Perangkat mapel fikih Mts kls 7 sampai 9,5
Mantap sangat baik,5
LOOOSZT Ayeee Jangan Lupa Bahagia Juga Selalu Cinta,5
Aplikasi yg sangat membantu,5
Angkanya jgn 31 terus bs nggk.perlihatkan angkanya sesuai hari H,3
Selalu ingat hari dan bulan2 penting,2
Sangat bagus..lengkap..,5
tak punya kalenderpun tak masalah aku bkn pgwai negri,1
Cocok buat penjadwalan harian,5
Mencatatkan semua rencana Dengan baik,5
Mantap lah aplikasinya,5
Bisa d pake gk in aplikas,1
Waktu sangat penting bagi saya,5
Mengetahui tanggal dan hari pada handphone saya,5
kalender ko bahasa china hadehh,1
"Ada kalendar hijriah nya juga, jadi kita tau tanggal hijriah dari sini",5
calendar masa depan 3000 Masehi,5
Apk ini sangat bagus,5
Dilengkapi donk warna merahnya waktu hari libur dan tgl jawa+islamnya,3
Haha.. susah bangtet sih.. pahamnya..😂🤣😂,5
Trimakasuh apa ug bisa kami bamtu,5
Semoga bagus n membantu,5
Membantu ingat hari dan tanggl,5
sip lh.tp d perbaikin lg biar lebih sip,5
Aplikasi yang bagus,5
Kalau ada tanggal merah lebih bagus,5
sangat baik membantu,5
Memudahkan melihat tgl any Iktifitas,5
pembaruannya lemot,5
Kalender yang tepat!,5
Tidak paham cara kerja,1
"Tolong tambahkan tanggal merah min , karna saya ga pernah lihat kalender di rumah",4
.deg kan reda ring be puji podium luar 😒,5
sangat menarik,5
baik dan pengingat rencana acara,4
masih nggk ada hari liburny,2
Aplikasinya bagus,5
Mantaf banget rugi kalau gak download,5
3 bntng aja klo good tmbh lg,3
Sangat membantu...,5
Aplikasi ini apk banget,5
Teramat sangat membantu,5
Akurat dalam pencarian akun,5
Sangat mengingat kan saya,5
lelet jaringannya,5
Pokonya top markotop,5
Bagus untuk agenda,5
Aplikasi yang bagus,5
Tampilanya jelek.,1
Bagus Buat pengingat acara,4
Sangat membantu sekali.,5
Aku mencoba jika bagus aku tambahin 1bintang lg,4
gak ada ikan bilisnye lah,1
Aplikasi yg sangat membantu,5
Oke sdh sangat update,5
Bagus bagus saja dah,3
Aplikasih nya keren,5
"2 bintang dulu deh,Smoga ja sngat membatu d hp aku,",2
hari ini puasa Ramadhan namun di kalender tertulis nisfi syaban?,2
Amat sangat membantu,5
ok beri alert ketika minggu depan libur,3
Sangat berguna bagi sya,5
Sangt mmbntu dlm mmbuat schedule rutinitas kita 👍,5
Saya suka banget sama aplikasi ini,5
Suka Tanggal Tahun Baru,5
Sangat sangat membantu,5
Saya beri bintang 3 buat Apk nya karena ada ke salahan,3
Sangat bermanfaat sekali...,5
Bagus yah apk nya,5
"Tolong Di Adain Pahing,Pon,Legi Wage,Kliwon, Saya Ucapin Banyak Trima Kasih",3
Kalo Persembahan dari google sih rekomen dasinyah seru asic,5
tolong ditambah bulan hijriah,3
kami puas d ngan layanan ini,5
sangat membantu bngeet,5
Sangat membatu,5
selamat tahun Baru 2025,5
ini sangat membantu bagi saya,5
update Snack Video caranya ?,5
Minta di update terus...,5
Sangat membantu sekali,5
Ini baru namanya aplikasi,5
Sangat bagus dan bermanfaat,5
Googe tolong di berikan kalender jawa dan kalender hijrah,5
Membantu yg lupa hari dan tgl,5
Aplikasi ini sangat memabntu saya,5
Apk sangat bagus,5
Keren dan mantap,5
Tampilan oke. Saya tambahi 1 bintang lagi.,4
Jawaban untuk yg bingung tentang hari dantanggal,5
Bagus sekALI ada pengingat peristiwa,5
Kalender sangat penting bagi orang,5
ok aku percayakam aplikasi ini,4
Sangat senang sekali,5
klo emang bagus sy kasih 5,3
Sangat membantu skali,5
Bs liat jadwal anak belajar online.😊😍🙏,5
Kenapa skarang tidak ada kalender jawa?,2
Aplikasi yang bagus,5
agar dpt mengeri waktu,5
Bagus dan bermanfaat,5
Oke sekali membantu dalam kehidupan sehari²,5
Ga usah beli kalender ini sudah sipppp,3
Amat sangat membantu,5
Tanggal Merahnya cuma sedikit,1
Baik dan aman,5
Ulasan besifat publik dan dapat diedit,4
Sangat membantu dalam planning,5
Terima kasih Google kalender,5
SUKA APLIKASI GOOGLE KALENDER 2024,5
"Bagus ,cuma sekarang lambat",4
aplikasi yg sangat baik,5
Sangat membantu sekali,5
"Nih k. @9 9- -., 9",4
Hari bagus luar biasa,5
Senang dan mudah,5
Alhamdulillâh. Semoga berkah. Terima kasih banyak.,5
Bisa membantu jadwal kerja,5
Bisa se wkt2 melihať kaĺlender,5
bagus bangetttttt.........,5
Knp sih hrus update trus,4
Mantap luar biasa,5
Aplikasi ini bagus,5
kok gak bisa dibuka,5
Totlong jgn smpai ada virus nya lagi Gogle,5
kurang berwarna.😊😊😊,5
Selalu di ingatkan. Bagus lah,5
Kenanyakan notif virus,1
Mantap aplikasi nya,5
Mantap Bosque Bagus ini,5
Saya baru coba moga moga bagus tidak,4
Jelas membantu banget.,5
Di perlengkap dgn arab,5
higgs domino sdh nga benar dan sdh berhasil mendoutring dunia,1
Burik ya hayyuk tapi tapi......... Boong,1
Sangat bagus pokoya,5
mantab lah..google gitu loh...,5
bagus untuk pengingat,4
Akurat dan tepat,5
Siip suka banget trmksh,5
Sangat membantu,3
"Good,sangat membantu 👍👍👍",5
"sangat membantu,tetimalasih",5
Sangat Membantu,5
bgus akurat kalender y,5
Google Kalender Beri rating aplikasi ini,5
Sangatlah membantu,5
Kita bisa melihat kalender,5
Selama ini cukup baik,5
Sip lah oke lah pokoknya top lah,5
Bagus bagus bagus,5
Sangat (0psional),5
Sangat membantu......,5
bagus sangt membntu..,3
Terimakasih google kalender,5
Google kalender mantap,5
SANGAT membantu saya untuk ingat hari,5
Bagus aplikasi ini makasih,5
APK yang mantap,5
bagus baik optimal,5
sangat membantu produktivitas saya,5
Bagus kok apk nya,4
sangat bagus di gunakan,5
Cepat tanpa masalah,5
adanx app ini sy lbh mdh mengerjakannx,1
Aplikasi ku kurang baik😓,2
"Mantap, memudahkan",5
Tdk ada pengingat tanggal nasionalnya,5
Good. Sangat membantu,5
ganti Isa Al masih dengan Yesus kristus.itu hari raya umat kristen...,1
Saya suka dan senang,5
Kenapa hidup ini susah dan kenapa sulit dapat untung.,5
hari hari yang menyenangkan,5
Aplikasi yg sangat membantu,5
Pengingat untuk kegiatan yang sudah kita rencanakan 😅,5
Sangat membantu sekali.,5
Aplikasi nya bagus,5
Tambahkan waktu sholat,5
Harus tau tanngal penting kegiatan sehari2,5
Aplikasi ini sangat membantu.,5
Bagus tapi tak berguna untuk saya,5
Bagus buat isi waktu,5
Buat tanggalan sebulan penuh ya..✔️,1
Bagus sangat membantu,5
Sangat memuaskan sekali,5
Semoga berjalan dengan baik,2
Dibikin asli enggak hidup asli pake ilmu asli.,5
Sangat menarik,5
Bagus dan jelas,4
Gugel sebenernya tanggal 1 muharram tgl 10 apa 11???lebih teliti lagi yaa,2
Saya sangat suka apk ini,5
Sangat bagus sekali,5
Ni aplikasi bagus,4
mudah di gunakan,5
Bagus untuk mengigatkan,5
Mantap. Bisa nyimpan data kerja,5
Luar biasa bagusnya,5
Biar seneng gw kasih star 5,5
sangat berguna,5
Kalau bisa tanggal merahnya kecirian juga,5
Update nya pas,5
Mantap aplikasi nya,4
Sangat diperlukan,3
sya ingin mnggunakan aplikasi ini,5
"*السلام عليكم ورحمة اللّه وبركاته* *Kami sekeluarga Mengucapkan Selamat Hari Raya Idul Fitri 1 Syawal 1441 Hijriah* *تَقَبَّلَ اللَّهُ مِنَّا وَمِنْكُمْ صِيَامَنَا وَصِيَامَكُمْ تَقَبَّلْ يَا كَرِيْمَ* *_Taqabbalallohu Minna wa Minkum shiyaamanaa washiyaamakum taqabbal yaa Kariim_* *_Mohon maaf lahir batin atas segala salah & khilaf, walaupun tanpa berjabat tangan semoga hati kita saling memaafkan. Semoga amal ibadah dan Puasa kita diterima Allah SWT... Aamiin YRA_* *وَالسَّلاَمُ عَلَيْكُمْ",5
Terima kasi aplikai nya,5
Mantap dan nice,5
Terus maju dan maju👍,5
Jawabnya lambat Ganti akun yg pesan anak,4
Kalendernya nga bisa kebuka,3
"Jadi inget ame hari sekarang, karna ade kalender modern",5
Berguna & mudah untuk digunakan 👍,5
Bagus buat ngingetin,5
Sangat membantu skali...,5
Sangat luar biasa,5
Penting sekali selalu...,5
Tidak bisa dibuka,2
Mudah lihat tanggal hari..,5
"Hari minggu dan lubur nasional,,tidak merah",1
Tampilan 3 dimensi perbarui nb trimks,5
Bagus sekali,5
Sangat mendukung,5
Luar biasa Google Kalender,1
Dgn ini aku jdi gk lupa tanggal lgi,5
Sangat membatu pengingatan kita,5
Ok mantaplah . bermanfaat sekalih,5
Bagus. Dan baik aplikasi nya,5
Saya belum Punya pengalaman di hp ini,4
Mantap & sangat membantu,5
Buat keperluan sehari-hari.,4
Sangattt memudahkan 👍👍,5
Sangat bermanfaat sekali,5
Semoga aplikasi ini bermamfaat,5
"Mantap, Jadi Bisa ngatur waktu deh",5
Bagus sangat membantu,5
membantu sekali,5
"Berguna sekali, thanks",5
hari libur/merah nya telat,1
Aktifkan Gmail dan Google ini,5
Bisa mengetahui hari libur cuti dsb,5
Apk sangat bagus,5
sy ksh 3 bntng dlu 😊,3
Aplikasinya bagus,5
luar biasa mantap,5
Aplikasinya keren banget.,5
Bagus sekali bermanfaat,1
Mantap bos ku ayo donlot,5
Minta update terus,1
Sangat mengingatkan,5
Kasih 5 bintang sangat Bantu liat tanggal,5
8l10 lumayan membantu,4
Semoga selalu update,5
Siap lihat tgl untuk kerja,5
Memakan banyak memori,1
sangat bermanfaat,4
semoga makin berkembang lagi,5
Sangat dibutuhkan,5
sgt membantu.. makasih,5
Sangat bagus sekali,5
"baik, lancar",5
sangat membantu.. trima kasih,5
Tepat waktu terpercaya,5
Tampilan saya jadi hilang,5
"Kenapa ini tida ada di beranda saya,padahal sudah di download",5
"""Sesungguhnya Tuhanmu itu Maha Hidup lagi Maha Mulia. Dia malu menolak do'a seseorang Hamba, apabila hamba itu berdo'a kepada--Nya"". ☆☆☆☆☆PEGANGAN MENUJU TENTERAM ☆☆☆☆☆HADITS BUDI LUHUR",5
Memudahkan untuk membuat jadwal kegiatan,5
Hari anku. Fenting amanah trimakasih 🤲🤲 Sehat sellu.biar ga bisa lufa 🌺💝💝👑👑🙏,5
Aplikasi yang sangat membantu,5
"Tgl waktu agak salah tertampak ,macem tipu""",5
Saya tidak suka saya ingin mencopot nya,1
Tidak bagus aplikasi nya,5
Bagus si buat tgl si,5
Bagus buat pengingat,5
Saya suka banget ini,5
Lumayan meningkat 👌,4
bagus banget good 😊👍👍,5
Apa settingan bulan hijriah ditiadakan sekarang?,5
TOP dan ringan 👍,5
Kerja tanpa upah pait,5
5 bintang buat google kalender ok.,5
Tingkatkan terus,5
Jadi tau waktunya bayar cicilan hutang,5
sip 80jt long time tulus melayani madura-jawa-bali,5
Layanan yang baik,5
kurang kalender hijriyah nya,3
Mantap...catatan tak hilang..,5
Mempermudah hari hari,5
Kalender Aku Google Kalender,5
upgrade yang bagus,5
Sangat bagus sekali,5
"membantu,informatif",5
Untuk aplikasi yang Mantappp,5
"mantap aplikasi ini, oke.",5
Tingkatkan terus,5
Kasi opsi kalender Islamnya dong,3
Tingkatkan terus,5
Tingkatkan terus,3
sangat baik buat kita,5
saya sarankan kasih kalender jawa..,5
4 bintang karena keren,4
Tingkatkan terus,5
Aplikasi ini sangat membantu,5
terimakasih atas bantuannya,5
Bagus tolong tambah tgl jawa,5
Sangat bermafaat untuk kami,5
Sangat cocok untuk saya,5
INI NIH YANG PALING GUE SEBEL ADA AJA PEMBERITAHUAN MMMMMMM GITU GIMANA CARA MENGATASINYA COBA,1
Sekalian dong kasih kalender Hijriyah.,3
Bagaimana cara mengaktifkan nya,3
Kurang lengkap di kalender jawa,1
Saya sangat suka dengan aplikasi ini,5
Google kalender akun ber tanggal,4
Saya di 2022 tidak bisa membuat pengingat di 2024,2
TOLONG KALO GA ADA JANJI JANGAN SPAM,1
Sanngat membantu mengingatkan,5
Kasih dong admin..... kalender jawa nya ....,5
Knpa punya saya kok gk bsa di buka,1
Sangat cocok buat saya,3
Mantap lah pokok e,4
Aplikasi ini sangat membantu,5
Hukum nya wajib hrs ada di hp,4
Sangat membantu,5
"menyebarkan virus, hati2",1
Saya sangat menyukai ini,5
Terimakasih google kalender,5
kenapa apdet terus,1
"mantabb,, sangat membantu",5
Ya ada manfaatnya apl ini,4
Bagaimanapun hidup ini indah,5
2 bintang dulu,2
sy ksi btg 5,5
Semoga bermanfaat,5
Bismillah tanggal sangat bermanfaat sekali,4
trimakasih sudah membantu,5
Bagus buat kerja,5
memusingkan,1
Sangat membantu banget,5
Selalu tepat waktu,5
Bagus sangat membantu👍,5
Sangat terang bagus,5
sangat membatu,5
kalendernya akurat,4
Saya rasa bintang nya kurang banyak,5
Sangat membantu kami 👍👍👍👍👍,5
Aplikasi nya bagus,5
Sangat bagus sekali,5
WOW ada pohon angpao di kantor dan manis 💯😻,5
Aplikasi yang sangat membntu,5
Bagus cocok sekali,5
sungguh baik untuk keperluan,5
Aplikasi nya bagus,5
cara mencari tahun gimana ya.,3
Bagus utk hp ini,5
sangat membantu,5
Jelek bnyak virusnya 😡😤😡🤬🤬,1
Semua nya dalam keada*Baik kanji ti Cty,5
Semakin tidak lupa hari lahir 😍😘💝,4
Sangat suka sekali,5
Kusuka sangat membantu,5
Sangat mendukung,5
Ini juga sangat membantu,3
Aku suka google kalender.,5
sangat membantu jadwal arisan,5
APLIKASI INI SANGAT BAGUS,5
Bagus..Banyak Membantu,5
"sangat berguna...,👍👍",5
Sangat berguna untuk ku,5
bagus saat bermanfaat,5
Pengingat sering hilang,2
Sangat membantu...,5
Sangat bagus sekali,5
Menurut logika ini sangat penting,4
Sangat membantu kita,5
sangat membantu sekali,5
Suka pemberi tahuan Google Kalender,5
Coba dulu. Klu bagus br kasih 5 bintang,4
Jadi tahu jadwal jadwal penting,5
Berguna untuk melihat aku belum selesai,5
Lagi merasa bahagia,5
"Hdyryr﴿بِأَنَّ رَبَّكَ أَوۡحَىٰ لَهَا﴾ (٥) 5. karena sesungguhnya Tuhanmu telah memerintahkan (yang sedemikian itu) kepadanya.﴿لَمۡ يَكُنِ ٱلَّذِينَ كَفَرُوا۟ مِنۡ أَهۡلِ ٱلۡكِتَٰبِ وَٱلۡمُشۡرِكِينَ مُنفَكِّينَ حَتَّىٰ تَأۡتِيَهُمُ ٱلۡبَيِّنَةُ﴾ (١) 1. Orang-orang kafir yakni ahli Kitab dan orang-orang musyrik (mengatakan bahwa mereka) tidak akan meninggalkan (agamanya) sebelum datang kepada mereka bukti yang nyata,",5
Cukup baik trimakasih google,4
kalender apakah bis di rubah menjadi nasional,3
Sangat mendukung,5
baik bagus sekali,5
Sangat memuaskan,5
Jadwal kegiatan jadi mudahhh .. .,5
Kebersamaan dan Kesepahaman menjadi Acuan.tks,5
Mohon bantuan judul,5
Bagus sebagai pengingat,5
Jelek gak bisa di buka,1
Bagus aplikasih ini makasih,5
suka dengan aplikasi ini,5
Bagus untuk pengingat,5
Sangat membantu saya,5
Enak untuk mengingat tanggal,4
Bagus untuk mengingatkan janji,3
Aplikasi.sangat membantu banget,5
Hp jdi lemot,1
Susah bgt updatenya,5
Tambah widgetnya,4
Bagus n bermanfaat.,5
lumayan apik loh,5
Sangat memuaskan.,5
Kasih kalender jawa dong bos terimakasih i love you full,5
bagus membantu,5
Tanpamu aku tak tau kapan gajian,5
Hay Google makin mantap aja ni,5
Sangat bermanfaat,5
sangat membantu,5
Sangat mendukung,5
Dapat meliat tgl hari bulan tahun,1
Aplikasinya canggih .,5
Sangat mendukung,5
"Baik,aku suka .",5
Bermanfaat pastinya,5
Bisa lihat kalender,5
Tambah peningkatan lg,5
mantap kalendernya,5
sangat membantu,5
Gak sinkron ke agenda bulannan,1
Sangat bagus sekali,5
App.ini bagus.,4
Sangt sneng dengan aplikasi ini,5
Sangat berguna sekali,5
Sangat bermanfaat,5
Aplikasi yg sangat membantu,5
Sangat membantu sekali,5
uptudate optimalkan,5
Sudah cukup bagus,3
membantu meningkatkan,5
top bagus banget,5
Bagus bagus pokoknya,5
penting ada kalender,5
Yg penting tdk merugikan knp tdk diterima,2
bisa melihat tangan,5
infonya akurat,5
Belom ada pengalaman baru nyoba,5
Sangat akurat good,5
Terimah kasih buat google kalender,5
Jadual Live simulasi 35 Coba Pelajari Ruangan Story GetApp Otu Bisa Jadi Pengusaha Sukses ! Tapi Sumber dari Googel Play,5
Aplikasinya Mantap,5
Kenapa wassa app saya tidak mau,5
Bagus kalendernya,1
ini sangat berguna,5
Google Kalender memang ok,5
bagus dan jelas,5
semoga makin baik kedepanya,5
Bulan hijriahnya harus ada juga,1
Sangat membantu...,5
Sangat banyak membantu,4
Sangat membantu saya🎉,5
Aplikasi tanggal cantik,5
diperlukan bila perlu 😭,1
iya saya mengerti semua mantap,5
"Masih belajar, hp baru",5
Bagus saya suka aplikasinya,5
Mksh sudah menemani dalam suka dan duka🥰🙏,5
Memudahkan untuk liat waktu,5
Aplikasinya bagus,4
saya kasi 3 karna saya Senang aplikasix,3
Saya suka aplikasinya,5
Gampang informasi waktu,1
ngebanyakin memori,5
Biasa tapi makan data,4
APLIKASI INI BAGUS BANGET!!!!!!!!!!!!!!!!!!!!!!!!!!!!!!!!!!!!!!!!!!!!!!!!!!!!!!!!!!!!!!!!!!!!!!!!!!!!!!!!!!!!!!!!!!!!!!!!!!!!!!!!!!!!!!!!!!!!!!!!!!!!!!!!!!!!!!!!!!!!!!!!!!!!!!!!!!!!!!!!!!!!!!!!!!!!!!!!!!!!!!!!!!!!!!!!!!!!!!!!!!!!!!!!!!!!!!!!!!!!!!!!!!!!!!!!!!!!TAPI BOONG APLIKASI INI JELEK BGT😏😏😏😏😏,1
Lebih ditingkat,4
min di mulai dari Minggu/Ahad /one/satu,5
Bagus tuk waktu,5
Sangat bermanfaat,5
Bermain yg bijak dan adil dalam bermainn,5
Harus nya ada jga tgl mrahx klau pas lgi mrah tgl,3
Google selalu ok,5
Gak bisa ke buka,1
Cukup Membantu,5
Biar ngga lupa klo ada acara.,2
Sangat membantu saya,5
Mohon ditingkatkan terus.,5
Reng tidak ada komentar link ke partai-partai,5
terlalu ribet,1
Sangat membantu,5
Sangat bermanfaat,5
"Aplikasi yg bagus,saya suka",5
Sangat penting sekali,5
😀jadi tau hari dan waktunya,5
Sangat bermanfaat,5
Memudahkan untuk kebutuhan,5
"Membantu sekali,,",5
Membantu saya dalam mengingat jadwal kerja,5
Makasih sangat membantu saya,5
Kasih 3 bintang dulu yah soalnya baru .encoba,3
Sangat bermanfaay,5
Sangat membantu,5
Tidak ada masalah selama ini,4
Almanak nya bagus,5
knpa kalender saya yg bs di lihat,5
Aplikasi ini yang terbaik,5
Cukup membantu rencana kegiatan,3
Bagus sangat membantu,5
Pemilihan dkm periode 19-22,4
Mantap lh kalender ini,5
Merasa terhibur adanya youtube...,5
Mantap... mantap... mantap.,5
kita dapat melihat kalender,5
Kalender nya TOP,5
Sangat bermanfaat,5
Bagus aplikasi nya,5
Sangat membantu,5
Dua dulu kalau bagus kutambah,2
Sangat bermanfaat,5
Sangat membantu,4
Bagus dan mantap 👋🖐️🖐️🖐️😁😁😁😁👍👍👍🙏🙏🙏,5
Terimakasih sangat puas,5
Sangat bermanfaat,5
Tingkatkan terus,4
"Sudah bisa, terimakasih",5
Baik sekaligus menjadi seorang ibu rumah tangga yang harmonis,5
Sangat membantu,5
selalu mengingatkan,5
suka aplikasinya,5
cukup membantu,4
Tidak bisa di pakai,1
Karena ga ada keterangan tgl merahnya,1
Ngebug di hp Nokia 2.2,1
kenapa tidak adanya tgl 10,5
Bagus membantu banget,5
Saya kasih 5 bintang daripada bintang 7 pusing kepala 😁,5
"Baik, menyenangkan",4
Lumayan membantu...,4
"4 bintang dulu ya,semoga bermanfaat kedepan",4
Sangat membamtu sekali,5
Baik sesuai keperluan.,5
Bagus semoga makin mantap aja,5
Sangat memuaskan,5
Gogle kalender makasih buat infonya,5
sangat akurat . . . semoga bermanfaat amiin,5
Sangat bermanfaat 👏👏,5
Semoga aplikasi ini bermanfaat,5
Lumayan bagus juga,5
Kslender pengingat dgn penu halaman yg akurat,5
bisa update tanggal merah✌,5
Jadi pegangan dalam setiap acara,5
Bagus pokoknya,5
Bulan puasa Ramadhan kok gk ada,1
Oke bagusss saya suka...,5
Sangat membantu,5
Sangat memuaskan 💪💪,5
sangan bagus,5
Sangat memuaskan,5
Saya kok merasa susah makainya,1
sangat memuaskan,5
REMINDERNYA PD KEMANA KOK PNY SY ILANG SEMUA??????,3
Tingkat kan lagi,5
Sangat bermanfaat,5
Sangat membantu 😍🙏,5
Kalender setiap hari,2
Sangat memuaskan,5
Sangat bermanfaat,5
Terimakasih geogle kalender...hebat,5
Bisa bekerja dengan baik,5
Bagaimana cara untuk memverifikasi nomor telepon saya,5
lebih ceppat lebih bgos bgiku,5
susah di update,1
Sangat membantu,5
cukup membantu,4
Pokoke teko google pasti bermanfaat!!!!!!!!!!!!!!!!!!!!!!!!!!!!!!!!!!!!!!,5
Apk nya bagus,5
Sangat bermamfaat,5
Kalendernya canggih,5
Lebih di bagusin lagi,5
cukup membantu,4
Apk berguna sekali:),5
Mainan bagus kalender,5
Ribet % .pembajakan identitas pribadi & pemborisan kuota,1
Bukan tanggal merah tapi malah tanggal merah🗿,2
Sangat berguna sekali,5
Aplikasi ini sangat berguna,5
Sangat bermanfaat,5
Sangat memuaskan,4
Sangat bermanfaat,5
Mantap aplikasi nya,5
Sangat membantu,5
Asuu celeng update trossssssssss,1
sangat membantu,5
Goblok kmu. Itu masak dikit2 Instal Mulu sih.. janjok kmu. Itu... Asuw...,2
Sejauh ini tanggalnya cocok,4
Saya suka aplikasi ini.,5
Usahakan di tambahkan dengan hari hari nasional. Seperti hari santri. Hari sumpah pemuda dll,2
Tahun nya gak muncul,1
Aplokasi ini bagus,5
Sangat membantu,5
Sangat bermanfaat,5
Sanga membantu,5
kalender Jawa tidak ada,1
Google kalender download,4
Google kalender download,3
Tambah bagus lagi,4
Terima kasih google kalender 🙏,5
sanagt membantu,5
Aneh aplikasih nya,1
Sangat membantu,4
Iya.mohon maap atas salah hp ku .gunakan,5
Sangat bermanfaat,4
Sangat bermanfaat,5
sangat membantu,5
Bagus aplikasi nya,5
Sangat membantu..,5
Membantu jadwal kerja,5
gk bisa diperbarui tolong...,1
Kamu tau saya tau pastinya hari itu berganti,5
kalender lebaran selisih 1 hari dari kalender pemerintah. ini kalender orang kafir,1
"gblkk kok kau tukarrr, gajadii aku dapat sepatu jadi nya bgstt",1
sangat membantu,5
"Disaat orang lain lupa Ama ultah ku.. eh dia Dateng"" bilang 'Selamat merayakan Ulang Tahun anda' hiks😭👍",5
Tepat dan baik,5
Sangat membantu 🙏 👍,5
GK jelas dan membingungkan,1
Saya suka aplikasi nya,5
Biar bintang yg menilai,5
Saya suka google kalender ini,5
Oke bagus pool,5
Bagus dan berguna,5
Sangat membantu,5
Sangat membantu,5
Apk nya bagus,5
"bagus,berguna.",5
Semogga lebih baik dan sesuai haraan,5
Sangat membantu,5
"Luar biasa, bagus",5
Kena phk dan blm dapet pesangon Dan sekarang buka warung klontong,1
Sangat membantu,5
"Bro, kasih fitur tanggal merah dong",3
Tak perna berhenti slelalu mengingatkan,5
Mengingatkan jadwal aktifitas,4
Aplikasi ini sangat mmbantu,5
Terupdate terus,5
Kasih di mana tanggal merah nya donk om,4
Mohon maaf ko kalender NDA muncul,4
Bagus banget apk.a,5
sangat membantu,4
Sangat membantu,5
Rekomendet dah pokok nya👍,5
Membantu penjadwalan kuliah saya,4
Ini sangat baguss,5
Ribet gak sesuai keinginan,1
sangat membantu,5
Sedikit membingungkan karena libur nasional tidak ditandai warna merah,3
gak bisa pergi ke tahun,1
Aku suka dengan aplikasi ini,5
Ini sangat berguna,5
da tahambur itu acara yang sa sudah atur pah,1
Bagus aplikasih ini makasih,5
Sangat bermanfaat,4
Sangat Membantu,5
Membantu jadwal agenda acara meeting,5
Sangat membantu,5
saya butuh tanggal dan waktu,5
Bagus tak tambahin 5,5
Game yang seru,5
Tolong ditambah kalender Jawa bos,1
Sangat membantu,5
Sangat membantu,5
Ada kamu KLO aqu lupa,5
Aplikasi ini juga membantu saya,5
Sangat bermanfaat,5
Nice aplikasi uhuu,5
mantap sukses selalu,5
Sangat membantu,5
Bagus 4 bintang,4
Sangat membantu,5
Gak Bisa di Update,2
Semoga aplikasi ini bermanfaat,5
Sangat membantu👍🏻,5
Sangat membantu,5
Sangat bermanfaat,5
"Kalender dan rencana,oke",5
Lumayan membantu,4
Sangat bagus sekali,5
Butuh tanggalan tak repot,5
Sangat Membantu,5
sangat membatu.,5
Tambahkan jadwal sholat,5
Sangat bermanfaat,5
Tampilan yg membingungkan,1
Bagus. Mudah diingat,5
Baguss banget cokkk🤗🥰,5
Sangat membantu,4
Sangat membantu,5
Sangat membantu,5
Aplikasinya jelek sekali,3
Membantu saya mengingatkan hari,5
Aplikasinya bagus,5
tambah kalender islam,1
sangat membantu,5
Mantap dan lanjutkan,5
Sangat membantu,5
Sangat bermanfaat,5
Sangat membantu,5
Semoga aplikasi ini bermanfaat,5
Meet jaringan nya jelek,5
Saya suka sekali mantap,5
"MOHON DILENGKAPI HARI PASARAN JAWA, TERIMA KASIH.",1
Sangat bagus sekali,5
Bagus dan jelas saya suka,4
Bagus aplikasinya,5
Cukup bermanfaat,5
Sangat membantu 👍👍,5
sangat membantu,5
Sangat saya butuhkan,5
untuk tanggal merahnya tolong dunk,2
Sangat membantu,5
Kalender kok ngak ada tgl merah nya,1
Bagus aplikasinya,5
Akurat dan lengkap,5
sangat berguna sekali,5
Sangat berguna sekali,5
banyak abgretnya drpd yg lain nya.,5
Sangat Membantu,5
Sangat membantu,5
Atur jadwal kegiatan tambah oke,5
sangat membantu,5
Bagus. Dan. Jelek,5
mantap jiwaaaa,5
Ok bisa dipahat,4
Baik sekali,5
Kami kerja sama,5
bgus sekali,5
SELAMAÑYA JAYA DAÑ SUKSES,5
Semoga lebih baik,4
Baik sekali,5
Bagus sekali,5
Bagus sekali,5
Bagus sekali,5
Saya sangamgat puas,5
Buka google playstor,1
baik sekali,5
mkshh dah bantu🤗,5
ya udah udah,3
Bagus aplikasinya,5
sangat membantu,5
Sangat membantu,5
Bekerja setiap hari,1
Egk ada iklan,5
Sy akan menggunakan aplikasi ini juga,5
Keren bgt deck!!!!!!!!!!!!!!!!!!!!!!!!!!!!!!!!!!!!!!!!!!!!!!!!!!!!!!!!!!!!!!!!!!!!!!!!!!!!!!!!!!!!!!!!!!!!!!!!!!1!!!!!!!!!!!!!!!!!!!!!!!!!!!!!!!!!!!!!!!!!!!!!!!!!!!!!!!1!!!!!!!!!!!!!!!!!!!!!!!!!!!!!!!!!!!!!!!!!!!!!!!!!!!!!!!!!!!!!!!!!!!!!!!!!!!!!!!!!!!!!!!!!!!!!!!!!!!!!!!1!!!!!!!!!!!!!!!!!!!!!!!!!!!!!!!!!!!!!!!!!!!!!!!!!!!!!!!!!!!!!!!!!!!!!!!!!!!!!!!!!!!!!!!!!!!!!!!!!!!!!!!!!!!!!!!!!!!!!!!!!!!!!!!!!!!!!!!!!!🛐🥴,5
Sangat membantu,5
terlalu rumit,1
Sangat membantu,5
oke bangets lah............,5
Sangat membantu,5
bagus tapi nora,5
sangat membantu,5
Bagus dan berma.faat,5
sangat membantu,4
Sangat membantu😀,5
Sangat membantu,5
Sangat membantu,5
Semoga aplikasi ini bermanfaat,5
Sangat membantu,5
kalender ku saya menyukai kalenderku 👍👍👍🇲🇨🇲🇨🇲🇨💌,5
Siip bikin q gk lupa ama tggal ulta q hhh,5
sangat membantu,5
Sangatlah bagus,5
Tolong dilengkapi dengan KALENDER JAWA,2
Terimakasih sangat bermanfaat,4
Sangat membantu,5
iya ini sangat bagus,5
Melihat jadwal aku serahkan kepada Google Kalender ❤️❤️❤️❤️,5
Negara kesatuan republik indonesia,5
Sangat membantu,5
Sangat berarti,3
Sangat membantu,5
Bermanfaat sekali...,5
"Pengingat gw ilang semua, suuue",1
Pengingat yang bagus,5
sangat membantu,5
Sangat membantu,5
Sangat membantu,5
keren aj sih,5
tolong tambahkan kalender hijriah,1
Semoga aplikasi ini bermanfaat,5
Ini aplikasi yang ku cari,5
Sangat membantu,5
Bagus sangatembantu,5
Sangat membantu,5
sangat membantu,5
Sangat membantu,5
Aplikasi yang bagus,5
Sangat membantu.,5
Sangat membantu,5
Enggak bisa download,5
Aplikasi nya bagus,5
Mohon pelayanan terbaik,5
Sangat membantu saya,5
Sangat membantu,5
sangat membantu,5
Sangat membantu,4
Bagus buat ada acara,4
Semoga terus meningkat,5
Sangat membantu..,5
Sangat membantu!!!!!!!!!!!!!!!!!!!!!!!!!!!!!!!!!!!!!!!!!!!!!!,5
Aku suka dengan aplikasi ini,5
Aman selalu okay,5
Aplikasi yg bagus,5
Sangat bermanfaat,5
Sangat membutuhkan,5
Aplikasi bgus suka,4
Sangatlah berguna sekali,5
bagussss laa lumayan😃👍🏻,4
Cukup memuaskan,5
Gimana cara memperbaiki,5
Jangan lupa waktu beribadah,5
Cukup baik sekal,5
Sangat membantu,5
bagus aplikasinya,4
Apk nya bagus,5
sangat memuaskan,5
Sangat membantu,5
Sangat membantu.,4
Gak bs perbarui aplikasi,5
sangat membantu,5
sangat membantu,5
"Standar ganda, memihak",1
Bagus dan bagus,3
sangat membantu,5
sangat membantu,5
Sangat membantu,5
Sangat membantu,5
Sangat membantu,5
sangat membantu,5
Keren sukses terus,5
n e r r di Dzeko cara cr d dan kalsium yang baik untuk yg di pabrik r di Indonesia dan kerjo imc. rrr bn,1
Setiap hari diperlukan,5
bagus aplikasi y,5
Luar biasa bermanfaat,5
Sangat bermanfaat,5
Game ini bagus,1
Buat mengingat waktu oke,5
Sangat membantu,5
Sangat membantu,5
Sangat membantu,5
Sangat bagus sekali,5
Semoga aplikasi ini bermanfaat,5
Sangat membantu,5
Sangat membantu,5
sangat membantu,5
Sangat membantu,4
Sangat membantu👍👍,5
Google Kalender mAnTaP tEpAt tAnGgAlNyA,5
Yo j PP to GoogGiggs gpgypkoo ku tak yang ut TT ttttt ttg apa ty di dunia roggg ia tt,5
Sangat membantu,5
Sangat membantu,5
Ampas Orang mau nelusuri tanggal malah di tampilin jadwal,1
Sangat membantu,5
Sangat membantu,5
Sangat membantu,5
Selama satu bulan sekali atau saya,5
Bagus aplikasinya,4
Apk agak agak guna,2
Sangat membantu,5
Sangat membantu,5
Untuk versi yang lawas,5
Sangat membantu 🙏👍,5
Sangat membantu,3
Terima kasih bisa membantu kami,4
Sangat membantu,5
Saya kasih 5bintang langsung,5
sangat membantu 👍,5
Tidak bisa dibuka,1
Oke sangat membantu,5
Sangat membantu,5
Senang membantu semua.,5
Aku beri nilai3 dullu kalau bgs aku kasih nilai5,3
"Bagus,,,bermanfaat",5
Aplikasi dangat membantu,5
Sangat membantu,4
sangat membantu,5
Sangat membantu,4
Sangat membantu,4
Sangat bermanfaat,5
Sangat membantu,5
Sangat membantu,5
sangat membantu sekali,5
Sangat membantu,5
sangat membantu,5
sangat membantu,5
membantu inpo infio,5
Aplikasi sangat baik,1
Sangat bermanfaat,5
Sangat membantu,5
Sangat membantu,5
tolong untuk tanggal liburnya di beri lingkar merah,4
Sangat membantu,5
Sangat membantu,5
Yg penting mudah dipelajari,5
Sangat membantu,5
Sangat membantu,5
Sangat membantu,5
Sangat membantu,5
Semoga kedepannya ada kalender hijriah 😊,4
Selamat datang kembali CINTA & KASIH SAYANGKU NEGARA ATHEENNA TERCINTA.,5
Mantep hari besar komplit,5
memgatur jadwal secara digital,5
Bagus tp saya gak bisa masuk,5
Sangat bagus saya suka,5
sangat membantu,5
Sangat memuaskan,5
Sangat bagus Sekali,4
Sangat membantu,5
Sangat membantu,5
diberi tanggal merah jangan hitam semua,4
sangat membantu,5
Sangat membantu,5
Aplikasi yg sangat membantu,5
Sangat membantu,5
sangat membantu,4
Ui ux nya kurang enak,1
Memudahkan dalam mengatur agenda,5
Kenapa nggk bs di buka ya,5
Instalnya lama banget,2
Sangat membantu,5
Sangat membantu,5
Sangat bermanfaat,5
Mantap untuk mengingatka tiap har ia,5
Sangat membantu,4
Sangat membantu....,5
sangat membantu..,5
Baik dan bagus,5
sangat membantu,5
sangat membantu,5
Sangat membantu,5
IYA ADA BAIK ADA JUJUR ADA JELAS ADA TERBUKA ERBA SAPUTRA (MT),5
Aku jarang ngelihat kalender di hp 😍😊👍,5
sangat membantu,5
Sangat membantu,5
Pengingat setiap aktivitas saya 👍,5
Good sangat membantu,5
Sepertinya bagus,5
Semoga aplikasi ini bermanfaat,5
Buat tangal untuk sekolah,4
Sangat membantu,5
Sangat membantu,4
aplikasi terbaik,5
sangat membantu,5
Sangat bermanfaat,5
sangat membantu,5
Sangat membantu,5
sangat membantu...,5
Setiap hari saya pakai bos...,5
Sangat membantu 😁,5
Sangat membutuhkan,4
Sangat sangat membantu saya,4
Alhamdulillah barokalloh melimpah aamiin,5
Sangat membantu,5
Bagus ada agenda,5
sangat membantu,5
Smoga bisa pakai di Hp.,5
Sangat bermanfaat banget,5
Sangat membantu,5
Sangat membantu,4
jika cocok baru tambah lagi,3
Cukup bermanfaat,5
sangat bermanfaat,5
Ayo....perbarui kalendernya.....teman2,5
Sangat membantu,5
Sangat membantu,4
sangat membantu,5
Bagus sesuai tanggal,5
sangat bermanfaat,5
Tabloid di idm Mhz kan kita hendak kau jauh kau jangan tak tak ke SMU jadi kamu have him Jl sxlia jl,5
Anjing jangan update terus anjing gua rugi goblok,1
Sangat bermanfaat,5
Sangat bermanfaat,5
dengan baik sekali,5
"sangat berguna..,.......",4
sangat membantu,5
Sangat memuaskan,5
Sangat membantu,5
Aplikasi yg bagus,5
Sangat membantu,5
Bahagia dengan pilihanMu skrang,5
Ya harus lebih baik lagi apa,5
SAYA SELALU NONTON SETIAP DI BUKA ACARA NYA BANK BAIM - PAGI JAM 9 DAN MALAM JAM 9 JG TRIM'S,5
"mantab, bermanfaat",5
Ini Untuk Tanggal Atau 1 Atau 2 Harus Tidur Dari Jadi Rabu tanggal 3 Hari Ini,5
Sangat Membantu,5
Kalender TDK keluar🙏,1
Google kalender mantap,5
Lumayan berguna,4
Sangat membantu,1
Sangat membantu,5
Sangat membantu👍👍,5
Kehapus aplikasi,5
gk bisa dibuka,5
Aku suka perogeram ini,5
sangat membantu,5
Saya ingin sekali menjadi lebih baik,5
sangat Membantu,5
Sangat membantu,5
Coba di tambahin kalender jawa sama hijriah 👍,4
Saya sudah memiliki aplikasi ini,5
Sangat membantu,3
Sangat berguna sekali,5
Baik sangat memuaskan 🙏,5
sangat bermanfaat,5
Membuat saya lebih mudah,1
Sangat membantu,5
Sangat membantu,4
Sangat membantu,5
Selalu mengingat kembali❤️💘❤️,5
Ganggu sistem hp aja. Hapus aja.,1
Boleh lahh bagus juga,3
Kok susah d buka ya apl nya,4
sangat membantu,4
Sangat membantu,5
sangat berguna,5
sangat berguna,5
sangat baik sekali,5
"kok idul adha hari senin tgl 12,,, bukannya tgl 11?",3
Sangat membantu,5
lumayan berguna,3
Cukup membantu,5
Sangat membantu,5
Cukup baik bagus,5
Membantu membuat jadwal,5
Belanja di salamar komplit,5
Semoga semua nya lancar Amiin 🤲🙏,5
Sangat membantu,5
sangat membantu,4
Sangat membantu,4
Banyak spam jadwal,1
Cukup membantu,5
Tanggal 36 Saya bakal buktiin di langit 150 Saya ga akan kalah sama nabi nabi di surga ya tuhan,5
Pengingat waktu yg baik,5
Baik sangat membantu,5
Cukup membantu,4
AQ suka banget aplks ini,5
Google Kalender Baru Apa Pengingat,5
Sy akan mencoba aplikasi ini juga,5
Jangan lewat apikasih ini,3
sanggat baik akurat,5
apa lah lo ayooooooo gunakan akal sehat mu,5
saya suka Google kalender,5
Trimksh sangat membantu kami,1
Sangat membantu...,4
membantu aku yg sering lupa,5
Yg penting jauh lebih baik.,5
Sangat membantu,5
Zaen yang tidak bisa di ajak ke,5
Sangat membantu,5
Cukup membantu,4
Sangat bermanfaat,5
Cukup membantu,4
Sangat membantu,5
Sangat membantu,5
Sangat membantu. Tks,5
Sangat membantu,5
Bagus aplikasi nya,5
Selalu memakainya selama hayat,5
Udah pernah guwe kasi bintang lima apa kasiatnya bodo,1
Trima kasih google kalender,5
Mantap calendernya bos ku,5
Selama hidup selalu kt pakai.,5
Bagus kalendernya,5
Cukup bermanfaat,5
Klo ada tanggal mrah tdk ktahuan,3
Sangat membantu,5
Sangat membantu,4
Sangat membantu,5
Tingkatkan terus,4
Sangat membantu.,5
"Semoga bermanfaat, Terima kasih",2
Membanu mengetahui kalender,4
Sangat Membantu,5
Bantu saya menggunakan aplikasi ini,5
Cukup membantu,5
Sangat sdnabg sekali,5
Ga bermutu... Update mulu NYET,1
Sangat membantu,5
Google Calender mantap dehh...,5
Bisa gituk yak....wkwkwk Google 💯💯💯💯🥰🥰🥰🥰🤩🤩🤩🤩😍😍😍😍💯💯💯💯💯💯,5
Belum ada pengalaman yg didapat,3
Baguss aplikasinya,5
Aplikasi ini mavelous,5
Hebat dan bermanfaat,5
Terimakasih informasinya,5
Saya suka ini bagus ..,5
Bagus aplikasi ini,4
sangat membantu,5
Sangat membantu,4
Sangat membantu,5
sangat membantu,5
Sangat membantu 👍💞,5
Bagus bagus bagus,5
Sangat membantu,5
Aplikasih sangat bagus,5
Sambungkan akun gmail. Ke Google kelender,4
Bulan juli 2022 tanggal 9 hari sabtu di hapus aja merahnya,3
Sangat bagus sekali,5
Sangat bagus sekali....👍,5
Koleksi kami sangat puas google,5
kalendernya susah dibuka,4
Bagus mengingatkan waktu.,4
sangat memuaskan,2
Sangat bermanfaat,5
sangat membantu,5
Lumayan membantu,3
Perlu kalender tahun 0000,5
Sangat membantu,5
Tambahkan tanggal & pasaran jawa dong min,5
Sangat membantu,5
tombol uninstall mana?,1
Anda tidak menetapkan hari Kartini sebagai hari libur anda PHP,1
Cukup membantu,5
Sangat membantu,5
Terima kasih Abang google,5
"Keren, saya suka",5
PALING BISA MENGATUR WAKTU,5
Sangat membantu,5
"Terima kasih GK, dari sekian banyak orang, cuma kamu yang mau ngucapin aku selamat ulang tahun 😢😊",5
Sangat membantu,5
Lihat tanggal jadi mudah,5
Bagus apknya,5
bermanfaat banget,5
Manfaatnya banyak,5
Sangat membantu,5
memudahkan dalam melaksanakan rencana kerja,2
Aplikasi sangst Bagus,5
100% mantap,5
Sangat membantu,5
Istimewa jd bisa buat jadwal,5
Sangat membantu,5
apl ini sngt brguna bngt,5
Harusnya ada kalender hijriahnya.,1
Kalender yg punya hari... Oke,5
Trimakasih kak aplikasinya,5
Saya ingi nanti belajar lagi,5
Sinyalnya kurang baik dsini,4
Bagus utk pengingat,5
Sangat membantu,5
Kurang kalender liturgi,4
Biar gak lupa ma hari,5
Sangat penting untuk wkt,4
POKOK.E APEK KABEH WESSS,5
bintang 3 aja dulu coba² bosku,3
Makasih sangat membantu,5
pokoknya mah bintang 5 ajja,5
bermaaf untuk melihat tggl,5
Sangat membantu,5
Semoga setiap waktu kita selalu bersyukur kpdNya insya Allah Aamiin Allaahumma Aamiin 🤲😇,5
sangat membanitu9,5
Aplikasi top sedunia,5
Kiranya gampang di gunakan,5
sangat membantu,5
mau. Buka aplikasi rita .,5
Akurat tepat bermanfaat,5
cukup bagus.,3
oke lah dan mantap,5
Banyakin libur nya bro.....,3
Sangat bermanfaat,5
Sangat membantu 👍,5
Tidak bisa di buka,2
Tanggal merah nya tidak sesuai!! Ketipu saya.,1
Saya suka main bola,5
Selayaknya google menjadi andalan. Sip,5
Sangat membantu,5
Saya sngat senang dgn apkl ini,5
biar lebih bagus lagi,4
Apk bagus banget,5
Sangat bermanfaat 😇,5
cukup membantu,3
Jangan ada diperbaruin hbs pketnya,1
sangat membantu,5
sangat membantu,5
Terimakasih sangat membantu.,5
Baik untuk jadwal anak2 kita,5
®MANTAP&SUKSES* #FOKERNYA* @UNTUKMENUJUYANGTERBAIK* ©SEMANGATJIWA* 💪💪💖💚💙💛💜🔐,5
Sangat bermanfaat🙏,5
Kalender gak jelas,1
sangat membantu,5
Di dalam tubuh manusia yang tidak,4
Untuk versi yang lebih,5
Aplk ny lumayan u/ liat tgl'an,5
sellu ingat.ini sangat mmbantu jugak,4
Dia juga ter baik,5
Alhamdulillah semuanya pas,5
Mudah n tdk ribet,5
Aku kasi 3bntang untuk percobaan,3
Sangat memuaskan,5
Bermanfaat. Terima kasih.,5
Membantu pengingat tugas aq,4
tanggal merah atau hari libur nasional tdk jelas,4
Good. Moga mmbantu aktifitas harian saya.,5
Semoge bermempaat bagi seluruh pengguna ny,4
Buat sesimpel mungkin,3
Salam untuk versi lawas,4
Sangat bagus sekali,5
"Jarang pake, tapi berguna",5
Berdagang dan beternak,3
Tidak bisa di ungkapkan,5
Bagus sangat membantu,5
Penasaran ikut dan lanjuut,4
Langsung aja kasih bintang 5,5
Top sangat membantu,5
sangat bagus untuk saya,5
jadi lebih bagus,5
Pengen kalender yang ada tgl merahnya,3
Ini baru bagus aflikasi,4
bagus bgt dech,5
Terpercaya dan bermanfaat,5
Sama seperti lainnya permudahkan,3
tiga dulu sementara,3
sangat membantu,5
Mksih sangat mmbantu,5
Kalender ini ga jls ..,1
ini membuatku bisa melihat tanggal yang benar🙏😊,1
saya suka aplikasi ini,5
Mudah pakainya,4
"Terima kasih buka lapak, ,",5
Terimakasih yg terbaik diberikan,5
Suka sangat berguna,4
bagus sekali,5
gk failed masak sekarang hari Sabtu 23 maret,1
"l piso i of e atau su di di di barsih tu ha in obat kayak pp usa a es tu g voor su f tv kan ka k kalo h la isi di it sz su ha di gunung ni cara banya ni ni ni pon o kapal opu es atas Wars tu tu g ha HP ha ka ka kariting la k proyek o pi ka aer es, gf su ya di gaya tu HP ka ni John pi lai di di saat tu cv mahal jadi ka kariting ipo tu a era di gunung ucap in ka pon PBB oto p ya di TV di ni ni ka kereta jua ka Mpu pi oo grup to o isi ya di hal gratis ha ka kayak goa di di kolam pon kapal i pi r un",5
sangat membantu,5
Sangat membantu,5
cukup membantu,4
sangat membantu,5
Sangat bermanfaat,5
saya beri satu bintang uji kejujuran kepercayaan anda terima kasih,1
Lancarkan jngan lelet,1
Jrit pembaharuan Mulu lol ngk guna juga,1
Bagaimana cara menghapus nya ?,1
Sangat baik untuk perencaan,5
Sangat bermanfaat,5
Jangan lemot,5
Bagus bagus ok ok,5
APLIKASI INI SANGAT BAGUS💯💯💯,5
Sangat membantu,5
Bagus Tapi Bikin Bingung:v,3
Knp muter2 terus,2
Memudahkan kita untuk melihat tanggal,5
sangat membantu,5
Ok...bos sangat membantu,5
Cukup membantu,4
Sangat membantu,5
Sangat membantu,5
Semuanya bagus tuh,5
Bagus untuk membantu saya,5
"Hari minggu & hari libur nasional mbok di warna merah!, kalender kq hitam semua..?!",3
Sangat bermanfaat,5
Tingkat kan trus,4
Oke sangat bermanfaat,5
sangat membantu,5
Sangat membantu,5
Menuhin penyimpanan BGST 😡,1
Nafsu mu....mengalahkan iman & akal sehat mu 😅,3
sangat membantu sekali,5
Baik sekali buat note,5
Sangat memuaskan....,5
Mengingat kan jadwal kegiatan,1
Sangat membantu 👍👍,5
"Pon,wage, kliwon nya gak ada",3
Sangat membantu,4
Gak butuh gak guna,1
Sangat membsntu,5
Sangat membantu,5
"Gimana ya aku TDK tau caranya ,",2
sangat membantu saya,5
Terima kasih sangat membantu saya kasih 2 aja 😇,2
Sangat memuaskan,5
Sangat memuaskan,5
"bagus sekali,,,",5
Aplikasi terbaik,5
sangat membantu,5
bagus.. sangat membantu,5
sangat bermanfaat,5
bagus sekali,5
Menghitung bulan,5
Terima kasih aplikasi,5
Sangat membantu,4
Mantab google. Makasih ya,5
Mantul utk memajukan hidup,5
Menambah disiplin,3
ada kalender hijriah nya,5
Iklas dan tulus menerima apapun itu...,5
sangat membantu,5
Sangat membantu,5
Tambahkan seperti pon Wage legi pahing dan Kliwon.,5
Mantap untuk mengingatkan,5
Sangat membantu,5
Sangat membantu,5
Jadi ngak bingun deh bagus,5
Sangat membantu,5
Terimakasih kepada google,5
tengah.soematran.selamat.puasa/mohon ma'af.lahir & bathin.card.lebar.warna-ni.1444/ h,2
Sangat membantu,5
Oke mksh sangat membantu.....👍👍👍👍👍,5
Sangat mengingatkan,5
ok mantap juga,4
Sekarang tanggal berapa ya? Ada yang tau?,5
Kalender mengingat,5
sangat bermanfaat,5
Bagus saya juga suka,5
Bermanfaat sbg pengingat,5
Google kalender baru,5
Good......Tingkatkan..........!!,5
Terbantu melihat tgl,5
Biar ga lupa hari apa,5
Apa yang diperbaiki si?,1
Sangat berguna,5
Sangat diperlukan,5
Membantu membuat janji atau rencana kedepan,4
Sangat membantu,5
Gua dah punya kalender.!!!😒,3
Yang paling terindah,5
Kecewa aja Ama pengingat nya,1
Sangat memuaskan,5
pengen yg pakek hitungan jaw,4
Sangat bagus sekali,5
sangat baik sekalih,5
Sangat membantu,5
gimna yah Cara muka kalendr,3
Sangat berguna 👍👍👍,5
bacot be kalender nya anjig,1
Sangat bermanfaat,5
APK ini aku tidak mengarti,1
Goods manpaat mengetahui tanggal,5
Sangat bermanfaat,5
Sangat bermanfaat,5
Sangat bermanfaat,5
Sangat bermanfaat,5
Sangat bermanfaat,5
Sangat membantu,5
Perlu agar tak lupa tanggal,5
Sangat bermanfaat,5
bagi saya Sanga memudahkan,3
tak kasih 3 bintang dlu bos q,3
Bagus aplikasi ya,5
Jos aplikasinya sy suka,3
Luar biasa pertahankan,4
Sangat memuaskan,4
Apk nya bagus,5
Menjadi ingat waktu SD,5
Saya belum pernah mencoba,5
Aplikasinya bermamfaat,5
#@ mikin bisa lebih detael,5
Sangat membantuku,3
Semakin keren,5
Aplikasi nya bagus,5
Tanggal perlu tahu.....utk hari2 yg akan datang.,5
Berikan kemenangan yang terbaik untuk saya,5
Bagus banget gan,5
Sangat bermanfaat,5
Sangat membantu,5
Sangat berguna,5
aku Sangat suka,5
Sangat membantu,5
Tolong tambahkan kalender jawa,4
Pokoknya kerenn,5
sulit di pahami,2
saya sngat memrlukan aplikasi ini,5
Sangat berguna,5
"Google Kalender, Oke !!!!",4
Biar tambah lagi best,3
Ya maaf tidak aku udah tuo gak bisa tolong,5
Sangat membantu,5
Sangat berguna,5
g ad pembaruan nyh,3
"Untuk jadwal yg kita rencanakan .,Bagus ini",5
pertahankan yang terbaik,5
Sangat disarankan,4
Bs melihat keterangan hr libur Trmksh,5
bagus sekali,5
Sangat .....membantu,5
saya tdk trlambat kerja lagi.,1
Bagus utuk menatur jadwal,5
Sangat puas dn menyenangkan dn sngt mmbantu aktifitas sluru Duni🥰,5
Sangat membantu,5
Sangat membantu👍🏻👍🏻👍🏻,5
Gak bisa kebuka,1
Karena tidak menarik🖕🏻🖕🏻🖕🏻🖕🏻🖕🏻🖕🏻🖕🏻🖕🏻,1
Sangat membantu,5
Sangat membantu,5
Sangat berguna,5
Apknya bagus,5
Emang Oky dn memuaskan,4
Sangat berguna,4
Sangat membantu,5
Sangat membantu,5
Sangat membantu,5
Google selalu siap membatu ku,5
Nggak ada kalendee jawa nya,1
Sangat berguna,5
Aktifin biar update,5
sangat bermanfaat,5
Terima kasih atas kemudahan,5
Mantap dan sgat menghibur,5
Cakep membantu banget,5
Memudahkan untuk template janji,5
Sangat berguna,5
Sangat bermanfaat,5
SAYA berharap kita bisa kerjasama dengan dek,5
sangat bagus sekali,5
Sangat membantu,5
Sangat membantu,5
Sangat berguna,5
Sangat berguna,5
Sangat membantu .,5
Sangat berguna,5
Oke bagus pas sekali,5
Sangat berguna 👍👍👍,5
Sangat bermanfaat,5
Suka aplikasi ini,5
Hari libur nasional jd g ada,2
Pokok nya berguna banget,5
Minta tolong di kasih weton biar orang jawa tau,5
ok samgat bermanfaat apkx,5
Suka bermain sama teman2 sklh di SD 01 negri br kls 1,4
Aplikasinya Bagus,5
Untuk hari libut di kadih warna merah biar kita tau,5
Bagus sngt membantu,5
Bagus Aplikasi nya,5
Simpel sangat bagus,5
Sangat bermanfaat,5
Sangat membantu,4
Ok bagus aplikasi imi,4
Memudahkan untuk pengingat jadwal,5
Tolong tambah kalender Islam,4
"TDK ada yg istimewah,sama sja jelek",1
Membantu ku jugak lumayan,4
Sangat membantu kami,5
Membantu buat megingat,4
Sy tidak tahu memakai nya🤭,2
Sayah senang dengan aplikasi ini,5
Min. Tambahin kalender Jawa dong,5
Kalo nangis jgn bilang orang tua ya,5
Kurang kalender alternatif jawa,4
Sangat membantu,5
Sangat membantu,5
Sangat membantu,5
Semoga dapat yang terbaik,5
lebih tingkatkan lg,3
Bulan puasa penuh berkah,5
Aplikasi terbaik,5
sangat membantu aku,5
Sangat bermanfaat,5
Ngak bisa di buka,2
Alhamdulillah bermanfaat,5
Sangat membantu,5
𝐁𝐠𝐮𝐬 𝐛𝐧𝐠𝐭𝐭 𝐬𝐚𝐲𝐚 𝐬𝐮𝐤𝐚,3
sangat bagus!.....,5
sangat membantu,5
Nga tau mau comen apa yg sangat membatu aflikasi ini,5
Sy kasih bintang 4 klu tanggal merahnya di warna sy tambah 1 bintang lgi,4
Baik dan sprot kan lgi,3
Tanggal libur nasional engga kecamtumkan,2
Lumayan membantu,5
Sangat membantu,5
Sangat membantu,5
Sangat membantu,5
Sangat membantu,5
Sangat membantu,5
Sangat membantu,5
Sangat membantu,5
Sangat membantu👍👍👍,5
Sangat membantu,5
Sangat membantu,5
Sangat membantu,5
Sangat membantu,5
Sangat membantu,5
Sangat membantu,5
Sangat membantu,1
Sangat membantu,5
Sangat membantu🙏,5
Sangat membantu,3
Bagus buat mengingat hr,5
ini siaga bagus,4
Ganti kartu SIM data,5
Sangat membantu,5
Sangat membantu,5
Sangat membantu.,5
Sangat membantu,5
Sangat membantu,5
Sangat membantu,4
Sangat bermanfaat,3
Tanggal masehi nya salah gmna bnrerin nya,2
Baik sangat setujub,5
Ini sangat bagus,5
Sangat bermanfaat,5
Sangat membantu,5
sangat membantu..👃,3
"21 April Hari Kartini, ga ada peringatan??",1
sangat memuaskan,5
Hubungan kontak,1
Sangat membantu,5
Pusing geleti motor,1
Mudah muncari tanggal yg penting,5
Sangat membantu,5
Makin ditingkatkan,5
mudahkan kegiatan!,5
Sangat membantu,5
Smoga apl ini dpt membntu lbh baik lgi,5
Saya rasa ini sangat bagus.,5
Kalender terupdate emangggg,5
Kurang akurat canto sekarang tanggal3 ko yang tampil tanggal2,1
sangat membantu,5
@ksy_bi:putus karena keadaan sangat menyakitkan💔,1
Apk yg bagus,1
Sangat bagus sekali,5
baik dan bagus,5
Apl sangat bagus,5
sangat membantu,5
Sangat baik sekali,5
Najis ngapain juga gw kasih bintang lima,1
Sangat membantu,5
Membatu setiap hari,5
Mantaap Membantu Sekali,5
Sangat membantu,5
Sangat membantu saya,5
Sangat membantu,5
Sangat membantu,5
tdk tau gunanya gimana,1
"Bagus,aku kasih bintang 5",5
Sangat bermanfaat,5
Sangat membantu,4
Memudahkan mengetahui hari tanggal,5
Ini dia aplikasi yg saya inginkan,5
Tambahkan kalender Jawa,3
"saya sangat senang terima kasih,",5
Aplikasi nya bagus,5
Amat sangat mnantu,5
g ada kalender jawa nya,3
bisa bikin jadwal acra di sinii,5
Semua membantu,5
Cukup membantu,3
Bagus aplikasi ini,5
Sangat membantu,5
sangat membantu,5
bingung makainya,3
Ga ada tagl Merah nya🤨,1
sangat membantu,5
Sangat berarti,5
Saya sangat terbantu degan google,5
Apknya keren,4
Perenah belajar d stie serang dan lain lain perenaj belajar d smu rks bitung perrnah belajar d smp rks bitung prenah beljar pesantren jaws tengah,2
Sangat buruk TDK jelas,1
App yg sangat berguna,5
Mengingat hari bulan tahun,5
Baik sekali.pengingat hari,5
sangat berguna,5
Chat yang diarsipkan,4
Sering cras atau ngelag!!!,3
cukup bermanfaat.,5
Selamanya perlu,5
Sangat memuaskan,5
sangat membantu,5
Tidak ketinggalan moment,5
"Gk suka ribet,,",1
Bermanfaat sekali,5
Sangat membantu,5
Sangat membantu,5
Sangat bermanfaat,5
Kaledernya kalau diklik hilang,5
Sangat membantu.,4
Baru menggunakan saya kasih 3 bintang.,3
Sangat membantu,5
Beritahu kami Yang disembunyikan oleh Okta malahera Hari ini,5
Belum tahu masih tempe,4
Apaka ini jelek banget,1
Baik dan bagus,5
U IBM 7 ini r56e teras 5zyc vcr udddy deh ttttyt tgl ttg,2
Ini bisa menjadi tahu tanggal lahir kalian,5
Sangat berharga,5
Sangat berguna,5
butuh perbaikan,5
Luar biasa bermanfaat,5
Sangat membantu,5
kurang lengkap aja,4
Sangat membantu saya,5
Sangat membantu,5
Sangat membantu,5
Makin ditingkatkan,4
aku jijik banget aplikasi ini😠,1
Sangat memuas Kan,5
"Mantap,,, sinkron",5
Oke Sangat penting,5
Pengingat yang istimewa...,5
Sangat membantu,5
Sangat membantu,5
tingkatkan lagi,5
"Bagus, terima kasih",5
cari jodoh buat hari minggu wage 30 mei 1982,5
tampilan kurang,3
Kasi warna merah dung tgal merahnya,5
Sangat membantu,5
Tolong update tgl jawa,5
Jujur dan luar biasa,4
Sangat membantu,1
Sangat membantu,5
Mengingatkan waktu beribadah,5
Tampilkan kalender,5
Berguna semoga bermanfaat,4
Hari libur kok belum direvisi,3
Sangat membatu,5
Nb hariku selalu bergantiqwerty,5
Swiiiip terima kasih,5
Google kepercayaan semua orang,5
Cepat sampai tujuan,5
mantap berguna baget,5
Sangat membantu,5
Oke sip.. sangat berguna,5
sangat membantu,5
Sangat membantu,5
sangat membantu,5
Google jam keren,5
Sangat membantu,5
Sama hilang tiba-tiba,5
Sudah bagus sekali,5
Cukup membantu,5
Mantul aplikasinya👍👍🙏,5
Bermanfaat sekali,5
lebih baik lebih bgus,3
Saya butuh aplikasi ini,5
"Luar biasa .. , terimakasih 🙏",5
Terima kasih telah berbagi,5
Info yg slalu di hari2.good,5
Sangat membantu,4
Apk ini bagus,5
FITURNYA DIPERBANYAK YA GOOGLE BEGO! PAYAH WKWK,1
Bentar bentar update.,1
sangat membantu,5
Sangatt membantuh,5
Agar ada kenaikan lakunya,5
Sangat membantu,5
Sangat membantu,5
sangat bermanfaat,5
Sangat membantu saya,5
sangat membantu,5
tingkatkan lagi,5
👍👍👍👍👍mantul (mantap betul),5
Apl Tdk bisa dibuka,1
"Sip, membantu sekali",5
Kerja di bengkel cinta,5
"Msih baru douwload ,,",3
Sangat membantu,5
Saya suka aplikasi ini,5
Sangat membantu,3
Idul fitri kok gak ada wahhh ORANG MUSRIK!!! AJG,1
Google Kalender ok mantab,5
Sangat membantu,5
Sangat membantu,5
berjalan sesuai makna,3
Sangat membantu,5
Sangat membantu,4
Sangat memuaskan,5
Ukuran besar,1
Sejauh ini not bad lah,3
Realme dengan Oppo bisa.,4
sangat membantu,5
Sangat membantu,5
Terima kasih saya jadi mengerti,1
Sangst membantu...,5
Sangat membantu,5
sangat membantu,5
Mantap dan terima kasih,5
Sangat membantu,5
Semoga oke aja apk ini,5
Kami sangat puas ats layanannya. Amien n GBU.,5
Ya buat kalender,5
Sangat berguna,5
Perbaiki...yg hari2 penting di kasih wrna merah.....,3
MEMBANTU MERAPIKAN JADWAL AKU NIH...,5
Sangat membantu,5
Yuk makanya kerja,5
Sangat berguna,5
Semoga tidak ada tanggal 32 🤲🏻,5
kesel upgred lagi lagi,1
Ok sangat bermanfaat,5
Oke buat melihat tanggal 👍,5
Sangat membantu,4
Banyak membantu...,4
Aplikasinya ok.,5
ke seringan updet,3
Sangat bermanfaat,5
Au mohon jgn sulit ya untuk oprrasionsl soalnya aq sdh 60th,5
"Apa kata mereka saja lah,!",4
Tambahkan warna merah pada hari Minggu,4
tidak sesuai harapan,1
Nama lengkap alamat lengkap 🌴🐫🎑🌟 laode Harianto se ✨ Paelangkuta ✨ Raha ✨ muna ✨ Sulawesi ✨ tenggara,5
Ini game apa sih,5
Ssya suka aplikasi ini,5
baru pakai...tapi okk,5
Memudahkan kita untuk mengetahui tanggal,5
Kenapa susah dibuka,5
Sangat membantu,5
Sangat membantu,5
Saya Suka Sama aplikasi ini,5
"Jangan ikut2 edan, nDer..kalender",1
sangat membantu,5
Sangat Membantu.,5
Sangat membantu,5
Sangat membantu,4
Sangat Membantu,5
Min minta dimasukan kalender jawa dong,5
tambahkan untuk tanggal merah,1
sangat baik Zma,5
sangat membantu,5
Ok juga buat pengingat,4
Sangat membantu,5
Sangat membantu,5
Sangat bermanfaat,5
sangat berguna,5
Selalu tepat .makasih,5
sangat membantu,5
Sangat bermanfaat .,5
Sangat bermanfaat,5
beritahu hari ulang tahun,1
Sangat membantu,3
Sangat membantu,5
Ko ngga ada tgl merah nya sih,2
Sangat membatu,5
Sangat membantu,5
Bagus buat pengingat. Joos,5
empat saja juga,4
sangat membantu,5
sangat membantu,5
bagus sekali,5
Sangat bermanfaat,4
sangat berguna 🥰🥰,5
Cukup membantu,5
tahun baru semakin baik,4
Tetap ada dari zaman,4
Untuk versi lawas 🤩.💯%.🤩,5
Sangat penting bagi saya,5
Libur nasional tgl nya .. Harus merah👍,5
Sangat Membantu,5
Mau saldo senila 50000,5
Palong jarang digunakan,3
Memudahkan melihat tanggalan,5
Sangat membantu,5
Ku beri 2bintang dulu ya,2
Aplikasi terbaik,5
Kalou bagus 5bintang,4
Sangat berguna,5
Sangat membantu,5
tanggal merah lebih lambat 1 hari,3
Sya mau coba dulu bagaimana cara nya,5
Min mohon dikasih buat kalender jawa atau Hijriyah,3
"Semoga bermanfaat, terima kasih",5
sglnya mnjd mudah,5
Kurang bermanfaat.,1
Sangat membantu 🤗,5
"3bintang dulu, Tes",3
Apl nya bagus,5
Xn ke Chinan baru w saja kalau ada gunanya ke China saya la c cara dx,2
Ini salah satu Akses sadap,1
Membantu banget 👍,5
bermanfaat sekali,5
Sangat membatu,5
Lumayan gk jelas,3
Saya pernah Ikut kegiatan Pramuka,5
Cari tangal gampang,5
sangata membantu,5
Google kalender bgus,4
Aplikasi wajib nihh,5
Untuk menjadwal acara,5
Apliaksi uang bagua,5
sangat berguna,5
Jelek kalendernya,1
selalu terjaga,5
Akurat dan terpercaya,5
Cukup membantu,5
Aplikasi terbaik,5
Sanga berguna,1
Sangat memuaskan,5
Sangat berguna,5
Sangat berguna,5
Baik dan Bagus,5
Saya suka aplikasi ini,5
Google Kalender baru,4
Fitur y gantii,3
Terima kasih telah berbagi,1
Saya suka ya mnjadi artis,5
Saya sangat membutuhkan nya,5
Tolong bantuan ya,4
Untuk versi yg lawass,4
Sangat membantu.,3
Sangat berguna,5
Kok ada peringatan virus ??????,3
Pas buat sehari hari,5
Berguna untuk email,5
Kok gak bisa,1
Tingkatkan lagi Google,5
Tiado yang abadi (sempurna) hijau🌳 daun,5
diperlukan,5
Sanagt membantu sekali,5
Downloadnya lama kontol,1
tak ksih dua dulu ya...,2
Bergna bnget aplikasi ini,5
Terimakasih...sangat membantu saya..😊👍,5
tidak mengerti,3
sangat membatu,4
Sukses dan bermanfaat dunia akhirat Aaaaaamiiiin Ya Allah 🤲🏻,5
Oke sangat membantu jadwal,5
Pokonya mah ok,5
Bismillah semoga bermanfaat dan Berkah... Aamiin yra,5
Masak seminggu 3 kali update,1
Wesss mantap nih aplikasi :v,5
bagus sekali,5
jelekk tampilannya,2
sangat membantu,5
Pernah belajar di smp ngr 1 sibolga,1
sangat terbaik,5
Sangat membantu,5
Sangat membantu,4
Bisa mengingat janji2 ke kerabat,4
Sangat bermanfaat,5
ok banget pokonya,5
Cewek lupa jadwal tanggal Google,5
Sangat bermanfaat,5
Sangat bermanfaat,5
Tambahkan kalender hijriah,3
coba 2 bintang dlu dech,2
Sangat membantu,5
cinta sekali,5
ok banget tanggalannya,5
sangat membantu,5
sangat membantu,5
Cukup membantu.,4
Kaya nya bagus,4
Sangat bermanfaat,5
Aplikasi Ujaran kebencian,1
Sangat bermanfaat,5
Sangat membantu..,5
Tidak sesuai tanggal merah,1
Sangat membantu,5
sangat membantu,4
Woy google mana scroll tahun nya gj,1
Sangat membantu,4
Tolong dibntu dmi nma baik.,5
"Bagus, mantab, sip 👍👍👍👍👍",5
Sangat membantu,5
Sangat membantu,5
SEMOGA BERMANFAAT SERTA SELALU MENDAPATKAN PERLINDUNGAN BIMBINGAN KEMUDAHAN RAHMAT HIDAYAT KEBERKAHAN ALLOH SWT ALLOHUMMA AAMIIN,5
Sangat membantu,1
Sangat membantu,4
tanggal merahnya di lingkari dong..,3
Baguss tapi bohong😌,5
Cocok dalam srharinya..,5
Sangat membantu,5
Sangat membantu,5
Kasih bintang 2 dulu y,3
penting sekali.,5
Sangat membantu,5
sangat membantu,5
Gk bisa di buka kalender,5
Siiip .... . Pokoknya ok.,5
Luar biasa senang,5
Cukup membantu,5
Cukup membantu,5
Saya tidak kenal siapa itu Isa Almasih,1
Sangat membantu,5
Bantu sya kembalikan hari jadian sama pacar saya,5
Diperlukan selamanya.,5
Aplikasi yg bagus,5
Terbaik banget,5
Okey bagus banget,5
Klu bagus saya ksh bintang 5,1
Saya suka aplikasi ini,5
Selalu dipakai,4
Terimakasih kerjasamanya,3
cara menampilkan tanggal merah gimana,4
Belajar ditengah jalan,5
26 sampai 31,5
Sangat membantu,5
Tidak bisa buka,2
Bagus banget saya suka,1
Sangat membantu,5
lumayan bagus..,4
Setiap bln 5,5
Sangat bermanfaat,5
Saya ak coba kash bintang 3 dlu,3
gak usah diupdad lgi,5
Mantap ....dan baik,5
Bagus bisavmelihat tgl,5
Sangat membantu saya,5
bagus.....banget,3
Aplikasi yang aman,2
cara sama seperyi menuntun orsng buta,1
Sangat membantu,5
Oke bagus banget,2
LUAR BIASA CANGGIH,5
Aplikasi yg bagus,4
Aplikasi terbaik,5
membantu sekali,5
Biarkanlah bintang yang bicara,5
ini luar biasa,3
"Asu, ga ada tanggal merahnya:v",1
gampang liat tanggal,5
tambahkan kalender jawa,4
Sangat membantu,5
Sangat membantu,5
Sangat membantu,5
Sangat membantu,5
Sangat membantu,5
Sangat membantu,5
Sangat membantu,4
Sangat membantu,5
Sangat membantu,5
Sangat membantu,5
Sangat membantu,5
Sangat membantu,5
Sangat membantu,5
Sangat membantu,5
Sangat membantu,5
Sangat membantu,5
Sangat membantu,5
Sangat membantu,5
Sangat membantu,5
Bagus membantu,5
Sangat membantu,5
Sangat membantu,4
Klw bs yg ada bs yg ada tgl lan jawa & weton nya...,5
sangat penting bagi saya,5
Hari berjalan melalui KALENDER,4
Mudah mengaplikasikanya,5
Pulang kerja nonton Lev,5
Bagus Saya suka,5
membantu sekali,5
sangat membantu,5
sangat membantu,5
sangat membantu,5
sangat membantu,5
sangat membantu,5
sangat bermanfaat,5
sangat bermanfaat,4
sebentar lagi gajian nih!,3
Semoga lebih bagus lagi,5
"Mengingatkanku pada sesuatu, hehehe",5
sangat membantu,3
Pokoknya jempol deh,5
Sangat berguna,5
Yo bagus oke banget,5
Yo i Mantap...!,5
Sangat membantu,5
Waktu yg di tampilkan,5
Lebih bagus lagi,5
Cukup membantu saya,5
Mantab & Oke banget,5
Pak tulung tambahi Pon Wage Kliwon Legi Pahing biar makin keren wkakakak,5
sayah di wilayah klender buaran,5
Bisa buat jadwal kerja,5
Cukup4 bintang,4
Sangat bermanfaat,5
Sungguh luar biasa,5
Mudahaan bagus,5
sangat membatu,5
Biar bintang yang berbicara,4
Mengingatkan momen tertentu,5
Kuatin signalnya,5
Sangat membantu,4
Tunjukkan tgl dan hari,5
Hari minggu warnanya tetap hitam,3
Saya suka aplikasi ini,5
Jenis.laporan.laporan.dipakai.pengguna,5
Kasih 3 bintang dulu,3
Tingkatkan Lagi,5
Aplikasi yg bagus,4
Kalo yg ini baru aku tidak paham,2
Lambat melihat kebelakng,2
Kalender Mantul Bosque,4
pokoknya yg terbaik,5
Kalo bisa hari libur nasionalnya warna merah..,5
Baik . Dan bagus,5
Saya kasih 2 bintang ajh dulu,2
Buat pengingat kerja nasional,5
Keren. Ayo donwload skrng,5
Membantu sekali,5
Pengingat harian,5
Hari libur nasional kasih warna merah ya,4
Tingkat kan lago,5
Cukup membantu,3
Membantu sekali,5
Saya langsung dapat informasi jadwal psim jogja Matursuwun @nagajawacom matursuwun @googlekalender,5
"bagus sekali, 👍👍",5
Sangat membantu 👍,1
Sangat membantu,5
Sangat membantu,5
Sangat membantu,5
Sangat membantu,5
Sangattt membantuuu 👍🏻👍🏻👍🏻,5
Mempermudah liat tanggal,5
Google kurang bagus,1
Di dalam tubuh dan ku,5
Membantu sekali,4
Semoga lebih bagus lagi,5
Bagus membantu,4
sebentar lagi Ramadan (・∀・),5
Tolong di bantu bosku gacor maxwin,5
Kasih bintang empat dulu,4
Sip Kren nih aplikasinya,4
Njir Napa udah ada tahun 2100,2
Membuat laporan dari tiga bersaudara,5
Sangat membantu,4
Jawaban Google ya saya mau aja,5
Ini sangat berguna,5
"Bagus ,keren bro",5
Sangat berguna,5
Tak cocok har dan tanggalnya,2
"Ok, tapi tgl merah ga ada",5
Tau hari berapa kita hdup,4
Membantu sekali,4
sangat berguna,5
sangat berguna,5
Saya Blum punya pengalaman,1
Bagus d perlukan,5
Angka itu penting,5
Membantu sekali,5
Krennn sangat tepet,5
Sangat membantuku,5
Ok banget terimakasih,5
𝐒𝐚𝐲𝐚 𝐤𝐚𝐬𝐢𝐡 𝟓 𝐛𝐢𝐧𝐭𝐚𝐧𝐠,5
Aplikasi terbaik No 1 ❗❗❗,5
Gunanya untuk apa sih?,1
Bagus bermanfaat,5
Bgs bgs ayo download skrg,5
membantu sekali,5
Bagus pokonya,5
bagus sekali,5
Sangat membantu,5
bagus sekali,5
Pengingat aktivitas,3
Aku kasi 2 bintang dulu yaaa,2
Sangat membantu,5
Sangat membantu,5
Jam 04wib waktu kt makan sahur,5
Cukup membantu,5
Cukup membantu,3
Cukup membantu,5
bagus sekali,5
Bisa mengingat waktu,5
Keren saya suka,5
Inilah saya Dimas prasetya,5
Saya aangat puas dengan akun ini,5
sangat membantu,4
Bagus se kali,5
Ngga bisa di hapus,1
Luar biasa...sangat seru,5
Assalamualaikum warahmatullahi wabarakatuh,1
Hilang libur nasional Nya,5
Aplikasi sanfat memnantu,5
Belajar dagang onlen,5
Sama bagusnya😁😁😀😘,5
"Jadi tau hari apa skr ,.. heheheheh bgs lah",5
Selalu bersyukur kepada alloh swt.,5
Ganti ke versi terbaru,5
Berikan yang terbaik,5
Terima kasih sudah membatu kami,5
Kurang memuaskan,1
Maaf wesnuk ko bisa hilang,4
nii yg dibutuhkan,3
Semoga lebih bagus,5
Super sekali 👍,5
Kalau bisa tanggaL hitam tu di kasi tanggal merah ..,3
Jadi tau tanggal istimewa,4
Kembalikan ke semula,1
Relevan kan kalender saya,5
Dapet feelnya...,5
Saya kasih 3bintang dulu,3
Ahirnya punya kaleder lagi 🤭,5
Keren aplikasi na,5
Terpaca berkualitas,5
Sangat berguna,5
Sering digunakan,5
Akurat dan Terpercaya,5
Bagus di gunakan,5
Liat hari cerah,3
Aplikasi yg berguna,5
Tanggal muda tgl tua sama aj 0,5
Pengingat jadwal keseharianku,5
kasi bintang 3 dulu,3
Gems nya mantap,5
Sangat berguna,5
Sy sangat suka,5
Bagus..Pertahankan,4
Belajar sampai selesai,5
Aku selalu semangat,5
Tidak Terbaca Prangkat Saya,5
jl raya manuka Krajan blok 31 j no 5 Tandes sumber rejeki Surabaya,5
Keren ada pemberitahuan Tegal merah nya,5
Bintang yang Bagus.,5
Desember kan cuti yank?,5
Ok bagus sekali,5
Sangat bantu saya,5
Bagus aplikasi ini,5
Mudah digunakan,5
Mau coba dulu ya Oke,4
Saya suka saya suka,5
Baru pakai aplikasi,3
se cuci set u ibu seret ci bu seru ehe ra dukung seru duit digeser se,4
Akurat bisa dipercaya,5
Membantu jadwal pribadi saya,5
Tingkatkan lagi,4
Google paling enak,5
"Siip,sangat bermanfaat",5
Hp gw lag cok,1
Dipertahankan,5
Pusat pengobatan tradisional hj Mak Erot hub sugilar sulaeman,5
Aplikasi mesti pakek buka,2
Saya menikmati,5
bagus sekali,5
bagus sekali,5
bagus sekali,5
Saya suka sekali,4
Ini sangat penting,5
Tidak bisa di buka,1
Semoga di beri lancar,5
Bagus bermanfaat,5
Aku sangat suka,5
Tanggal good Friday Sabtu bisa,5
jangan lupa 2 bintang aja ya...,2
Aplikasi yang hebat,5
Sangat berguna,5
Mudah digunakan,5
Susah memperbarui,1
sangat membntu,5
Oke aja bagus,5
bagus sekali,5
Kirim id nya ad bonus boss q,5
Pengalaman pinter bener,5
Mankjubkan.Tapi Tetap Kurng Bagus,5
sanggat berguna,3
Semoga semua lancar Amiin 🙏,5
Terbaik emang,5
Kita bisa tau tanggal berapa,5
Bagus membantu,5
Silakan di download.mantap,5
Mantap men selabew,5
Saya sangat senang,5
sagat bermanfaat,5
Sangat membatu,5
"Cere 2cAcer ujizdurz wus keras dezacuhb,tazwada cerewet bet z atur e, acre 4 nur g sate h surut air",1
Berikan tanggal rezeki,4
Sulit di mengerti,1
Tingkatkan lagi,5
Bagus mksih ya😊,5
Masih bias aja,3
Langsung 5 bintang...,5
Sangat berguna,5
Semoga lebih baik lagi,5
Tingkatkan lagi,3
Lakukan yang terbaik untuk kita,4
imaile saya di bajak,5
Tampilan rumit,1
Dua ajalah GK sah banyak banyak,3
Aplikasi naskeleng,3
Kelender nya tepat,5
Oke bagus lah,5
saya tidak suka,1
paling top lah,5
Atur jadwal tepat waktu,1
bagus sekali..👍👍👍,5
aku suka yg kyk gini🥰🥰🥰,4
Perlu buat pengingat,5
Bisa di atur,5
Banyak membantu,5
Bisa tahu waktu,5
Baru menggunakan blm ada,4
BARU MENG INSTALL.,4
Bagus google kalender,5
Saya suka sekali,5
Bagus sekali boss,5
Menu Other Klender dmna ya,3
Sulit di editimidasi,5
Waktu itu penting,5
Sangat membatu,5
sgt membantu,5
Lumayan berguna,2
Membantu sekali,5
Aplikasi bawaannya 💯,5
Buat kalender alternatif jawa,4
Baik baik saja,5
Mantap dah top,5
bintang yg berbicara,5
Jarang sekali dipakai,2
Singkronisasi ngga bisa,5
Oke saya sangat terbantu,5
Mengingatkan waktu,5
Tidak bisa d buka,1
Kasih bintang lima aja,5
Saya inginkan aplikasi ini,5
Lebih baik lagi,5
Kurang memahmi,5
Bagus sekali,5
pokoknya oke,4
Semangat no fap 👍,5
Jelasss berguna sekali,5
suka sekali,5
Sesuai kebutuhan,5
Sangat berguna,3
Biar tau hari ini hari apa,5
Ma cari di.voto Dari.cilacap,5
"Bisa lihat tgl,hari",5
Tampilan jelek,3
Tanggal hari ini kok terbalik ke besok,5
Sangat berguna,5
Sangat berguna,5
Sangat berguna,5
Saya suka aplikasinya,5
Sangat berguna,4
Tanggal yang sesuai,5
Mengetahui penanggalan,5
Sangat bermanfaat?,5
Membuka acara geam Jumpi Jumpi,4
Sangat berguna,4
Kasih 5 bintang,5
Update trus bosss,5
Amankan dan pulih kan akun saya,4
Cepat & Aman,5
Sehat sehat amiiin,5
Saya sangat suka,5
Bagus skali,5
Semoga sy tdk lupa hari/bulan/tahun.,5
Sangat membatu 👍👍,5
Ok bisa membantu,5
AKU SUKA APLIKASI INI,5
TanggL merahnya gk ada,4
Sangat berguna,5
Ga pake kalender rumah,5
suka sekali,5
membantudan penting,5
TIDAK BERMANFAAT TIDAK BERMANFAAT TIDAK BERMANFAAT TIDAK BERMANFAAT,1
mantabb lanjutkan karyamu,5
"Semoga lebih baik lagi,",3
yg lebih komplek,3
"moga bermanfa,at",5
Versi baru coba dulu,4
Sip mantap sekali,5
Terimakasih semoga membantu,5
Jadi kita tahu tanggal berapa,5
nggak bisa pakei akun punten,5
Kalender jaman now,5
Aplikasi nya enak,5
Tentu bergaya,5
mendukung banget,5
Lengkap dengan tgl merah,5
Alhamdulillah bermanfaat,5
"Oke, Terima kasih.",5
Gk begitu berguna sihh,1
Tambahin tanggal hijriah,3
11 September 2021 Pernikahsn Aria di Gedung Pendopo Soetta,1
Tambahkan kalender Jawa,3
Jelek ini bodoh,1
BAGUS SANGAT MEMBANTU.,5
Polos aja kalender nya beteinn,1
Tampilan jelek,1
Terbantu sekali,5
Makasih Kalender:v,5
SAPTA POLI.SI.31 SAMSUL APRIADI PUTRA.KONRA.POLSEM.,3
Saya kasih 5,5
Ngingetin aja tapi penting 🥲🤭,5
suka pisan,5
semoga makin wow,5
ribet makenya,1
Giga kurang besar,1
Ini sangat cocok,5
Dikasih tanggal merah dong,1
iya tanggal dan mau kn,2
5 bintang langsung,5
Ga ada apaa apa ☺️,1
Gak begitu asik,2
Bintang 3 aja dulu nyoba,3
mohon jgn di persulit,5
membantu bnget,5
Sangaat berguna,5
Sanjay berguna sekali?,5
Menjawab semua pertanyaan,5
Top tur dek 100%bgus,5
Bagus tingkaatin lgi yA?,5
kamu taong liappk,5
TERBARU 2025,5
G bisa d buka,1
Bukan jam karet,5
Harga Rp 60 60,5
akar huruf awal partisipasi,5
Hari-2x yg indah,5
Sangat terbaik,5
Maaf saya jarang bermain,4
Saya kepinggin foto yg bersih,5
Saya kasih nilai 4 penyemangat hidul,4
Belajar menhHargai Hasil Karya Orang Lain,5
Bisa bantu kerja,5
Lebih mengetahui hari,5
Bagus buat nokia,5
Lama updetnya,1
Ak dak galak nak updett,1
Jadilah yang ternaik,1
Jangan tanya lagi...siiippp,5
Untuk segala pengingat,5
Kok gk sinkron sih,2
Lumayan membatu,5
Oke lah mantap,5
Masih ntar hamuromsaq ada m,4
Selalu dipakai,5
Pokokx mantaplah...???,5
Terima kasih :),5
Semoga berhasil tampil,5
Mmbantu bnget buat sya,5
Tiada Kata Jera Dalam Perjuangan,5
Sangat berguna,5
Tgl tahunnya asik 👍,5
empat dulu yahh,4
Bisa tahu tanggal berapa,5
Hapus ulasan dari aplikasi saya,3
Semoga sllu membantu,5
Sebagai pengingat waktu,4
Yaaw baguss sekaliii,5
Permainan hings domino island itu penipu,1
Memberikan kemudahan membuka,5
Berguna banget bagi saya cobalah😀😃😀😀😀😀😀,4
Lima bintang kuberikan,5
Mantab aplikasinya,5
Saya suka sekali,5
bagus sekali,5
Sesuaikan saja,5
Mantap sekali,4
Pasti yg belum tau....baguss,3
Aktifkan Suaraku Maskun Family MMN,5
KASI KASI LEBIH KEREN LAGI BRO KU SLM BAIK😇💞😎😜🥳🤗🥰😘😚,5
5 buru mandi pagi juga koki,4
kok gak konek ya,5
kLw. gk. bis. gk. usah. nyambung deh,5
Bagus menurut aku,5
lama banget ini,5
Waktu dan hari,5
Jgn pake tanggal merahhhh,5
dua dlu klo bgus sy ksh lima,2
Bermanfaat sekali,5
Pengingat waktu,5
BIODATA PRIBADI NAMA : PROFESORT Drs PoI WAWAN UMAR DUKALANG BIN DUKALANG,5
Oke bangat ini mah,5
Mengganggu dinotifikasi,3
supaya kita tahu,1
anda suanda iya saya suka,5
Meeting jadi terjadwal,5
Saya coba aplikasi nya,5
Ini yang di cari,4
Ga tau kegunaannya,5
Benaran nih??? Coba dulu ah!!!.,5
GK tau ngomong apa,4
Untuk mengingat hari,5
25 Febuari 2022 -1 Maret 2022,1
gajelas app nya anj,1
wah mantap sekali,5
Aku tidak butuh perbarui bodoh,1
Kalender Masa Kini,5
Lengkap kap kap,5
Saya kasih star max.......,5
Membantu banget,5
Memang membatu yang hebat .,5
Tak kasih 4 bintang dlu bos q,4
sangat membatu saya,5
Memuaskan dan Memudahkan,5
Nggak terlalu penting,1
Sy akan mencoba Pakai ini,5
Ya bagus lah,5
Aplikasi nya ok,5
"Manteplah cuy.., 👍👍👍👍",5
Lebih fleksibel aja,3
Bersifat publik,1
"Ok, Alhamdulillah...",5
Hari tasu'a ngga ada,1
Lama memperbaruhi,1
Lanjutan tiap bulnn,5
Untuk peringatan,5
Terlalu keren,5
Aplikasi asemmm ahahahaaa,1
Apk ini sngt bgs,5
AQ kasih 🌟 full,5
Bintang tiga ajah,3
Bintang tiga ajah,3
Bintang tiga ajah,3
Bintang tiga ajah,3
Bintang tiga ajah,3
Manfaat sekali,5
Selalu mengat 👍,5
Coba ikut Google kalender,4
Semoga selalu baik...,3
Suka sekali,5
sngt membantu wakakak,5
Terima kasi uda bersi,5
Saya suka banget,5
Bisa liat kalender,5
Harap diupdate,5
Liat kiri ohm j oli l IBM ini km,5
tak ada hari tanpa muh,5
Bagus sekali,5
Mengingat peristiwa penting,5
Jarang menggunakan,3
memang sangat baik,5
Herlinawatiysilseh sukses kontak medan,5
Bagus bermanfaat,5
"Ada. Pernah bi irz jip y,, es l""",3
Bisa melihat tanggal dan tanggal merah,3
Kasih 5 bintang,5
Bagus sekali,5
Pengingat waktu,5
Bagus sekali,5
Ok untuk google,5
Bagus bgt aku sukak,5
😈 lu gw gk download ajing sialan,1
ok pnya pokoke,5
Pokoknya dan v RSS feed,3
untuk persi yang lawas,5
Bagus sekali,5
Baguss fan bermanfaat,5
®Mantap&Sukses #Tetap_Semangat @UntukMenujuYangTerbaik 💪💪❤💚💙👌💛💜👍,5
Cocok dan teoat,5
Pertambangan emas hitam,1
Suka sekali,4
Liburnya di banyakin,5
Bisa lihat tangal 😊😊😊,5
Ok respon aja..,5
Bgs Dah gitu doang,5
semoga bermanfaat,3
Semoga semakin optimal,5
terima kasih asisten ku,5
Baru nyoba rapat besuk siang,5
Aku kasih 5 bintang,5
Bagus sekali,5
Aflikasi yg bagus !,5
Sangat membatu,5
Kerennn sekaliiiii,5
Semoga berkah dan manfaat,4
Bagus sekali,5
Yang di perbarui yg mana sihh,1
Gadak tanggal merahnya 😠,2
bgus sekali,5
Bengkel Mobil jkt,5
Bagus sekali,5
Aplikasi yang Bagus,5
Bisa liat tanggal 👍👍👍,5
kembangkan lagi,3
Bagus sekali 😊😇,5
Kasih 4 dulu,4
Susah di upddet,3
Belum memahami,1
Mw Gv saya gs2 bu hstja jg gjgyk0. oooooooo,5
NAPA DIGANTI WOY BAGUSAN YANG DULU🙂🔪,2
Sip dan lanjutkan,5
Bagus sekali,5
"Bagus,sekali,?🙏",5
Bagus sekali,5
Bagus sekali,4
Yah mayan lah,5
Sangat membatu,5
Sangat membatu,5
Sangat membatu,5
Seperlunya,5
Sangat Berguna,5
Sangat membatu,5
Sangat membatu,5
Bagus sekali,5
Hampir ga terpai,1
Bagus sekali,5
ini mengingatkan hr dn tggal,3
Jarang di gunakan,1
Bagus sekali,5
Aplikasinya b aj,5
ok sangan guna,5
Semoga sesuai harapan...!!!,5
Bagus sekali 👍,5
Tulisan terakhir yang,5
Bagus sekali,5
Bagus sekali,4
Bagus sekali,5
Ini bermanfaat,5
Membantu sekali,5
Bagus membantu,5
Ini asep.party dari mna lgi pergi,5
Bahagia bersama putri tercinta ku Agnes,5
mantab pokok nya,5
Pengalaman baik,5
Harapan saya semoga membantu ya,5
Bagus sekali,5
Ngebantu urus jadwal bgt,5
Aku belum paham,1
Setulus hati...,5
Blom tau bosku,5
Mantap Caur :),5
Ikut campur urusan,5
Jp slot manapun,5
Apakah oo sinal,5
Biar tau hari,5
solikin☁️ اَللّٰهُ ☁️,5
Baik sekali,5
mengkhawatirkan,1
q bintang 3 dulu y,3
Belum di coba,5
Ada virus nya,1
Bagus sekali,5
Bisa buat jadwal,5
Kurang angkanya,1
Semua orang membutuhkannya,5
Mengingatkan waktu,5
Susah kali donlod,1
Cerita putri mustika mantap,5
Jadi tau tanggal merah,5
Aku kasih bintang 3 dulu,3
Bagus sekali,5
semoga membantu ojol,5
Lengkap informasinya,5
Ssmgat memuaskan,5
saya suka ini,5
Membantu banget,5
Membantu banget,5
Membantu banget,5
Kurangi eror,3
Pastinya oke,5
membantu sekali,5
Harus ada calender,5
Dr di FB df CV lengkap klik tby f ungu Thu dj t NYU,3
cukup satu aja,1
SANGAT AMAT MEMBANTU,5
Bintang lima aja,5
Bagus ada tanggal merah,5
Bagus sekali,5
n jujur u butut kumuh umu bit kkb m gue,4
Saya coba dulu ya gas,3
Buat tanggal biar tahu,5
Makasih google kalender,5
Bagus sekali,5
Bagus bermanfaat,4
Sangat membatu,5
Bagus memuaskan,5
Bagus membantu,5
Bagus sekali,5
Singkronnya lama,1
Harus lebih mantabbb,4
Gak enak banget,5
Mantul 👍{mantap betul}👍,5
Memang berguna,5
Pasti hebat sih🙏,5
Bagus sekali,4
Dua aja cukup,2
Bagus... Bagus.. Bagus. Bagus,5
Cukup menghibur,5
Bagus membantu,5
Sy beri satu dulu,1
Mantap Saya Suka,5
Bagus sekali,5
Bagus membantu,5
Terus tingkatkan,4
Bagus sesuai,5
membantu sekali,4
Tidak ada perbedaan yg signifikan.,4
Jasa panggilan cuci kasur sofa dll,5
Banyak manfa'atnya brut,5
masyaa Allah bngt nih kalender😍🥺🤩,5
Okelah mantap...,5
Bagus sekali,5
Bagus sekali,5
Ssngat membantu,4
Menakjubkan....👍👍👍,5
Mantap kelandernya,4
Terbaru dari kalender,3
Biasa aja bagi saya,5
Sungguh berguna,5
oke akurat sekali,5
Baik sekali,5
Pas Dan benar,5
Aku sangat membutuhkan,5
Terlalu bagus,5
Kasih bintang 5,5
Bagus sekali,5
Ga ada tgl 16 Dan hari,1
kebutuhan kita sip,5
Bgus aplikasinya,5
Bagus Sekali,5
Gak ada gunanya,1
Bagus sekali,5
bermanfaat sekali,5
Hallo teman apa kabar,5
Lama apdate nya,1
Tiga dulu nt baru 5,3
O ini fjgvvvv,2
Sgt membantu,5
Kasih 3 bintang dulu boss,3
Jadilah pendapat yang pinter bener,5
Mantul dah pokokkx,5
Bintang satu dulu ya,1
Jai & Desih Sayang Cinta,5
oke saya suka,5
Cuma kasih 4 bintang ajha.,4
sbb. xcmv wxv. j kuyup et. bu. tadi n. m .,3
Bikin Jadwal Radio,5
Bagus sekali.,5
Semoga bermanfaat,5
Bagus bermanfaat,5
Klo bs pnanggalan jawa dBuat :),4
Maap .Ndak tau perbuatan siapa ini,5
Semoga bermanfaat,5
Mai lope.lope kalendar,3
Google.mantap bene4,2
Sempurnakan app saya,5
👍👍👍👍..sangat membantu,5
Sipp deh buat pelanggan,4
Bagus sekali geme ya Kaka,5
Sunguh membantu,5
Sip banget sama yang ini,2
Biar senang aja atinya,5
Saya sangat terbantu,5
Sy beri bintang 1dl,1
Setia menemani ku sepanjang masa,5
Bagus sekali,5
Lossss gak rewel.,5
Lumayan membantu saya,3
Ya saya kerja dari rumah google,5
Bagus sekali,5
kalendernya jelek,3
sangt membntu,5
Kasih 1 duluu,1
Kasih 4 ⭐ dlu,4
Membantu sekali,5
Membantu sekali,5
Membantu sekali,5
Membantu sekali,5
top udah..,5
Mantuuulllll terima kasih,4
Bagus sekali,5
Bisa liat besok ada apa,5
Pertahankan,5
Bagus sekali,5
Bisa hitung hari,5
Membantu banget,5
Semoga lebih baik,4
Bagus Sekali,5
Buat masuk tgl lahir,3
Paten kali ah,5
Tidak ada rusngan,3
Yg bagus ya,5
Membantu sekali,5
Tanggal brp skarang cuk?,5
semoga manfaat,5
Ya lanjutkan,4
Kasih bintang 4 dulu,4
Ok banget buat ojol,5
Baik sekali,5
Bagus sekali,5
Kasih bintang 4 dlu.,1
Baik n Bagus,5
Bagus sekali,5
Belajar dari kesalahan,4
Oke terima kasih,5
Iklanya mengganggu,5
Rumah g jd ada kalender,1
Saya sangat senang,5
Hidup untuk bebas,5
"mantaaaap kali,kali mantaaaap",5
Saya sih mending tidur,5
Ok bagus rffffffff,5
Apalikasi terbaik,5
G bisa d buka,1
Membantu sekali,5
Smoga lebih baik lg,5
Ini aplkasi dak jal,1
Berimbang Dan Seimbang,2
Menyenangkan,5
Baik buat saya,5
Selalu berguna,4
Ksh dlu satu klu b,1
Update terbaru,5
Saya sangat membutuhkan,5
Bisa Bisa Bisa I I,4
Tampilanny kurg enak,1
Bagus Memuaskan,4
Oke bangat. Bagus,5
Buat lihat tgl,5
Oke mantaps..,5
Ya oke terimakasih,5
Tingkatkan lagi,5
Berguna sekali,5
Ga bs dibuka,1
Ga berguna,1
sabgat2 membantu,5
Jarang dipakai,1
Bagus Sekali,5
uuu bersinar,5
Bagus li untuk banggun ku,5
Membantu ku,5
Kasih sayang dan damai,5
Bogor cigudeg ke dalam hati saya,5
Belum ada pengalaman,5
Bagus sekali...,4
Lumayan drpd lumanyun😁😁😁😁,3
Bisa tahu hari,4
Bagus sekali,5
Di permudah,5
TINGKATKAN LEBIH BAIK LAGI,5
Suka sekali,5
Bisa lbh semangat,5
Memudahkan kita,5
Bagus sekali,5
Gak pernah pakai,1
Mantap Pokoknya sip,5
KNP SAYA TERKENA VIRUS,5
Semogga lebih baik,5
Semoga bermanfaat,5
berguna sekali,5
saya suka ini,4
Ok saya sangad suka,5
Sanggat membantu👍🤟,5
GA BISA DIBUKA,1
Saya butuh tanggalan jawa,4
Melihat tanggal,5
baik sekali,5
Jelas dan pasti,3
Memudahkan,5
Bagus aku suka,5
Aman kan akun Google saya,5
Jualan ikan giling seluang,5
kalau oke nnti aku tambah,1
gk ada tanggal merah nya,1
Membantu sekali,4
aku suka banget,5
Mengerti kalender,4
Saya sangat suka,4
Saya sangat suka,5
Selamat bergabung,5
Membantu sekali,5
Aku kasih bintang 3dulu,3
Untuk mengetahui hari,2
Selamat dan sukses,5
Tak bagus bodoh,1
Belajar dari kesalah,4
Han pernah gebbuka,1
Pas sesuai rencana,3
Bagus sekali,5
Oke suhu anda,5
Aplikasi oppo xxx,5
Belajar dr pengalaman,5
SEMANGAT DAN SENYUM,5
Memudahkan mengingat jadwal,4
Ayo buruan keburu hilang,5
Mudah digunakan,5
Bagus sekali 🤪,5
Simpan diasalsemula,3
Tegaskan lagi,5
penentu langkahku,5
mohon d perjelas tanggal merah ny,5
saya senang banget,4
saya suka sekali,5
tambahin tanggal jawa dong,4
Sip pokok nya,4
Iy masih belajar,1
sgt menjamin n membatu,5
Waw INI SANGAT BAGUS,5
Hubungkan ke aplikasi saya,5
Bagus saya beri Bintan 100000000000000000000,1
Kalender Islam lawan kristen Weda aksara,5
sangat membatu saya ❤️🙏,5
Mochammad Ali Hamzah,4
Sabgat membantu,5
Kereen abis pisan,5
Oke kak trimakasi,5
Jadi cepat tua,1
Menyenangkan,5
membatu sekali,5
Semoga bermanfaat,5
Sya coba dulu,3
Tak berguna,2
Test dulu yaa,4
Salam 1 nyali Wani,4
Sanagat membantu,5
Xperia ZL dan Putri,1
😒😒😒😒 Ngeselin Banget Ngerusak Kalender,1
suka sekali,5
suka sekali,5
sgt membantu,5
sgt membantu,5
Rehan fadlian sianturi,5
sip untk jdwal,4
menyenangkan,1
Jg di kg tuh hd,5
Kenapa gak jelas,5
Coba mantap ga,5
Kadang ga singkron,5
Mudah untuk dipedomani,5
Fredian Effendi dan Alifia Yolanda Effendi,5
Ok GO-JEK trimakasih.,5
Bgs n mantap,5
Tolong amankan akun saya,5
Mantul sekali,5
Semoga lbih bgus,3
Biar ga lupa..,5
Semoga manfaat,5
Suka sekali,5
Emang ini kelnder apa,3
Ini seru banget,5
Sy kasih bintang 4,4
Perbaikan terus,5
Berguna nih,5
Dlh melelahkan DPU sampah Pati,5
Tgl hari ini,1
Bagus sekali,5
Gabisa dibuka.,1
Bebi bubu yang bet cy gv fuji sma ecer,4
Sebagai pengingat waktu gw,4
Mantap donkk ya,5
Versi yg baik,5
TERIMA KASIH UNTUK SEMUA,4
By no nb ke. .,3
Aaawww iitrr di internet,1
Belajar usaha,5
Dapat digunakan,5
Buat ingatin hari,1
Y umum MTV oh di uiik Okie mm,5
✝✍️🙏🏳️‍🌈🔵👍⚡🎷🎺🍇 Matius 11:28-30.,4
Satu bintang dulu,1
"Prminggu berapa ya?,,",4
Hari pernikahan,5
Untuk Versi Yang Lawas.,5
Bagus sekali,5
Melihat tanggal,5
Teman setiaku lanjutkan !!!!!,5
Perlu perbaikan,3
Untuk Versi Lawas,5
Hanya Aja Ya Guys,5
Baik sekali,5
Keren ajibbb bosku,4
Sya mah suka,5
Aku suka sekali,4
itu berdoa,5
Smoga bermanfaat,4
Aplikasi yg bgs,5
Bagus sekali,5
Semoga bermanfaat,5
Keamanan akun sy,3
Iya capek tau,3
4 bintang aja yeah... 🙏,4
Dan saya tidak tahu,1
Berguna sekali,5
Ku tau yg ku mau,1
Sip aja lah,5
1rtyi yang yang itu di di yang yang Yang dan dan yang,5
Sagat berguna,5
Mantaaaaab 🌟🌟🌟🌟🌟 pokoknya,5
Pengingat jitu,4
coba dulu.,3
Mengingatkan,5
Bagus sekali,5
Sagat membantu.,4
Bagus sekali,4
Biar tau tgl,5
Suka sekali,5
Saya coba dulu,2
Bagus sekali,5
Moga bermanfaat,4
U7u bisa KH Idham,2
Pencuri akun,1
Berguna untk saya,5
Sedan2 saja,3
Menyenakan,5
No Koment Masa Uji Coba,5
Semoga trbaik tanggalnya,5
Bagus sekali,5
Saya memang ank santri,5
Baik...memuaskan,5
Saya Driver Gojek,5
Aku ksh 5 deh,5
Ok bngt cooy..,5
Mantap google kalennder,5
Semakin baik,5
Bagus sekali,5
Warnanya ganti,5
Beri rating 3,3
Suka sekali,5
Semoga bermanfaat,5
Kira bulu kambing,5
Ga bisa di buka,5
Pemakai baru.😉,1
Utk pengingat,5
Parah gx bener,3
CUMA MAU COMMENT DOANG :V,5
Buat tau tangal,4
Belum diciba,3
Semoga Berkah,5
Suka sekali,5
dangat berguna,1
Penting sekali buat ku,4
Baguss sekali,5
CAH YONO 💔 Salis,3
Harga Rp w,3
Aplikasi bawaan,5
Joss ae lah,5
Mencoba yg baru,5
Semoga bermanfaat,5
Baru mau mencoba,5
Aqw kasih 5,5
Puas sekali,5
Oke sip mantap,5
Susah bergaul,3
Bagus sekali,5
Suka sekali,5
mantap bos ku,5
Mohon bantuannya,1
Sanagt membantu,5
Sngt membantu,4
Pelajari lebih lanjut,5
Semoga Bermanfaat,5
Manjahkan mata,5
En thu sugiyono,5
Ini penting buat saya,5
Tuk mengingat tgl,5
setiab hari,1
Di butuhkan,5
Bagus banget deh,5
Sya ksih bintang lima,5
Uji coba dulu.,3
Petunjuk arah,5
Tdk mengerti,4
Semoga bermanfaat,5
Berkah bos,5
Bisa tau hari,5
Iup Rey di,5
Akuratnya tepat,5
Bagus sekali.,5
KURANG KALENDER HIJRIYAH NYA,5
Saya suka ini,5
Baik sekali,5
Mudah digunakan,5
Ayo ingat waktu,5
Berharap lebih baik,5
coba dulu....,3
Dani anis anjing,3
Pengingat hari,5
Semoga bermanfaat,5
Dibantuh bos,5
2 aja dulu,2
Bagus sekali,5
Semoga bisa di pakai,5
Jd tepat waktu,5
aplikasi apa ini,4
Semakin oke,5
Moga brguna amanah,5
Bagus sekali,5
Saya sangat puas,5
Oke aja lah,5
OK banget ya,5
Bagus sekali,5
Kalau2 lupa,4
Alik dan Alim,5
Wira swasta srabutan,1
Bagus srkali,5
Sepuluh'nilai kami,5
Tahunan 2023 Priode,5
Ok mantap jiwa,5
Buat nambah ilmu,5
Lebih oke lagi,4
Biyar ingat tanggal,5
Semoga bisa,5
Bagus sekali,5
Sangant membantu,5
Mantap yg jlass,5
Bagus sekali,5
Saya menyukai,4
Pokoke sip lah,3
Mantulll pokoknya,4
Di coba dulu,3
Top banget lah,5
selamat tahun Baru 2021,5
Jadi Ingat tanggalan,5
"Senin, 22 Februari 2021 Jam 05.05",5
Pengingat no 1,5
Saya sngat senang,2
Pentng sekali,5
Ini penting lho !!!,5
Aktifkan wa.saya,4
Bagus sekali,5
Melki kaka saat,2
Ok aja.. Trims,5
Saya tidak suka,1
Apakah saya bisa membuka bidio,5
Membantu bget,5
"X5 dan, as",1
Aku suka go,5
Langsung aja coba,5
Mantap nih akun 👍,3
Siap jejak saya,5
Di butuh kan,4
Baik sekali,5
Semoga bermamfaat.,2
"Siip,tetap semangat",5
Moga bisa membantu,4
Bagus sekali,5
Bagus sekali,5
G guna anjing jembut,1
Dengan senang hati,5
TOLONG BERI AKU PULSA,1
Waktu adalah uang😠😠😠,5
Krng memuaskan,1
Saya tidak nau,5
Suka sekali,5
D coba dlu bosk ❓,4
Bagus sekali,5
semoga bermanfaat,5
Hapsari drama Putri 27,5
Bagus sekali,5
terbaiklah,5
Terima kasih GK,5
Buat belajar,5
Okelah Kalau Begitu...,5
Berguna sekali,5
Ulasan bersifat publik,5
pengalama sekolah,4
Berguna sekali,5
2 bintang dulu,2
Bagus sekali,5
Suka sekali,5
Ditingkatkan,5
Buka google playstor,1
Bagus sekali,5
Aplikasinya ok,5
Mantap caur :),5
gua sek iqrok,5
Bisa mengingat,1
Saya gak suka,3
Terima kasih ya,5
Kaga bisa di buka,4
Merubah model susah,1
Membantu saya,5
Pengingat bagi aq,5
ok terima kasih,4
Tampilkan knox saya,5
gue kasih bintang 1 dulu,1
Ya bantu kami,4
Siipppp bos ku,5
Menyenangkan,5
Semoga jalanya baik,4
QORIK Internasional You,5
Bagus sekali,5
Terbaiklah,5
Saya kamu 12 🙏🙏🙏❤️,2
Bagus sekali,5
Memudahkan dalam tugas,5
Baik sekali,5
4 bintang ok,4
Edisi kd nambah,5
Ok bangat deh,5
Singkor kan kak,5
Suka sekali,5
Percepatan msh starban,5
Yes oke pasti,1
Bgus sebagi pengigat,5
Mksh sucses selalu,4
Bagus se x,5
Sanggat bermanfa't,5
Lebih baik lagi,3
Mantaaap sebagai kemudahan,5
Menghitung hari,5
Di coba dulu,4
Baik sekali,5
Bagus sekali 👍👍,5
Lebih baik lagi,5
ulang tahun saya salah,1
Lanjutkan saja,3
No Koment Masa Uji Coba,5
Saya kasi 4,4
Aku ingin mobil Alphard,3
1 bintang aja dulu...,1
Berguna sekali,4
Tanggalnya tepat,5
Membantu saya .,5
Hal2 penting,5
Bintang yg menJWB,4
D butuhkan,5
Mantap boss ku,5
Jempol dah Abis,4
Budi Makassar kota Sulawesi,5
Bagus suka saya,5
Baik sekali,5
Bagus sekali,5
Ya lumayanlah,3
Bos amankan,5
Membantu kita,5
Aku sih p@ . Kooo2oopp,4
Sula sekali,5
Baik sekali,5
Lanjutkan sepuasmu,4
Jlskn hri tgl bln thn,5
setuju sekali,5
Bagus sekali,5
Tapi aku tidak bisa di k,5
Tambah wawaaan,5
BERGUNA BANGET,5
saya kasih bintang lima,5
Ok Lbh bgus Lgi ya,5
Lebih baik lagi,5
Buat Liat Klender Lah,3
Bagus sekali,5
SSangat membantu,5
Suka Sekali,5
Oke mantap bosku,5
Bagus sekali,4
Bagus sekali..,5
Menyenangkan,5
Berarti buat aku,5
Waw luar biasa,5
Smoga bermanfaat,5
Perlu sekali,1
Amat membantu,4
Mantap bro TKS,5
setuju sekali,5
Sy senang bgt,5
Mantap bos ku,5
jngn di ganggu ok,5
Aku suka e,5
Uang buat ikutan PT,5
Gue juga mau,5
Notif Mengganggu,1
Ini baru best,5
Lelet. Hrus kencng,5
FURQAN BNN INDONESIA,5
Mantaff aplikasinya,5
Baik untuk saya,5
Jelek skali,1
Lu anjing bangsat,5
Bagus sekali,5
Benar sekali,5
Fas bgt lo,5
HSBC geser crit z serut tester zCzs serat.hzh,2
Vg bisa g To,2
Semoga bermanfaat,5
Iya saya menggunakan,5
Yg terbaik,5
Tak berguna,1
Bagus sekali,5
Kuat Dalam Persaudaraan 🇪🇪,5
Saya juga tidak,1
"Bosku bantu dunk.,🥰🥰🥰",5
Perbaikin lagi,5
Bagus sekali,5
Memang ok banget,5
Memudahkan kita,5
good aja deh,5
Semoga lancar,5
Bagus sekali,5
Ok sangat penting,5
Jual cip ngeslot,2
Gk penting bngt,1
Kursi linggihan,5
Ditilang pak polisi,5
Senang Sekali,5
Baik sekali,5
jagan membanta orang tua,5
Pgalaman biasa saja,1
Mansyur Meninggal,3
Sip oké mantap,5
Suka sekali,5
Tertera baik,5
Bagus bangat la,4
Okelah kalau begitu 👍,5
Baik sekali,5
Dangan membantu,5
Semoga bermanfaat,5
Suka sekali,5
Suka sekali,4
Mau buat akun,5
Smoga bs bermanfaat,5
Ini akan mengigat kn ku,5
Ingin bergabung,5
Saya suka aja,3
Mau bergabung,5
Bagus sekali,2
tiga bintang dulu,3
Uji putra tunggal96,5
Ditingkatkan lg,3
Baik sekali,5
Perlu sekali,5
Suka sekali,5
ckp membantu sy,3
Sangt mbbntu skli,5
kalendernya bagsu,5
Lihat bintang nya aja,5
B p ia akan z,5
Saya kasi bintang lima😍,5
Bagus sekali,5
Mengetahui segala nya,5
Bagus sekali,5
Menjadi dokter,5
Pendukung zonis 😈,1
Oke deh buat kamu,5
Afif Fatur rohman,5
Bagus sekali,5
Pelajari lebih lanjut,5
Tolong hapus kan,1
lebih baik lagi,5
mantap skejul,5
hmmm bguss aja,2
Suka sekali,5
Rem jadi Usk fumat,5
yg terbaik,5
Stop pihak ketiga,5
Teu bisa di,4
Baseng arek piye anjing,1
Berguna sekali,5
Waktu terjaga,5
1 ajah dulu,1
saya merasa puas,5
Menyenangkan,4
Okeeee kerennnnnn,5
oleh oleh orang,5
Dangat berguna,5
Bagus sekali,5
Sanggat membantuu,5
Mantab Sekali,5
Bagus sekali,5
Ok mantap lah ..,5
entah apa aja,4
Masya Allah sinyal,1
Mendaki gunung,5
No Koment Masa Uji Coba,5
Semoga bermanfaat,5
Bisa tau tanggal,5
Baru mau Coba,5
Menyenangkan,5
Bagus sekali,5
Aplukasinya oj dech,5
Aku menyukai nya,4
Bagus sekali,5
Bagus sekali,3
Google anjing maksa kudu updet,1
Suka sekali,5
Tgal yg bgus,5
Untuk Versi Yang Lawas,4
Memeluaskan,5
Menyenangkan,5
ok sekali....,5
"Hari"" ditemanimu😘",5
Mantap sob ######### ##################,3
Hendra Mira tarru 😜🤭,5
Buka google playstor,1
Suka sekali,5
semoga membantu,5
Baik sekali,5
FB Muhamad fahmi,5
Bagus sekali,5
Sy senang sekali,5
sip pak boss,3
Bagus sekali,5
Yesss aja dah,5
Bagus sekali,5
Hal tersebut tidak,5
Kasih bintang 5,5
Sip lanjutkan,5
Semoga bagus,5
Jumat 22januari2021,5
Saya membutuhkan ini,5
Sagat membantu,3
Semoga bermanfaat 👍,4
Sanagt mambantu saya,5
Suka sekali,5
Pembajakan akun,5
"Di coba , dua rating .",2
Biar bintang yg bicara,5
Luar Biasaaa,5
Ok ojek online,5
Appaan tuh..,1
terserah deh,5
Bintang satu dlu,1
kalender saya salah,1
Sangt membantu,1
Menyenangkan,5
Sngat berguna,4
Bagus sekali,5
Melki Mnois dan,4
Baik sekali,5
Jd inget hutang,5
Baik sekali,5
Bagus sekali,5
semoga bergunaa,5
"Haha,,bagus sekali",5
Banget x ok,5
Sgt membantu,5
Memudahkan,5
Sngat membntu,5
Ga bisa di buka,3
Apik tenan we,5
Pot copot tak iye,4
Bagus sekali,5
Bagus aku suka,5
Mantap bos ku,5
Mencoba dulu,3
jinyoung ginjal anjing,5
Mengetahui jadwal,5
Sip lah oke lah,5
Terimakasih^-^,5
Baguus sekali,5
Ok siap pak.,5
Ahmad mustofa Irahim,5
KALENDER PENTING BAGI KU,1
Mantap sekali,5
Gl bisa k buka,1
Bagus sekali,5
Suka sekali,5
Ganti yang baru,5
Ayuk galo nye,1
Coba dlu bintang 3,3
Suka sekali,5
Gk bermanfaat.,1
Bagus sekali,5
Aplikasi berhuna,5
Merusak moral bangsa,1
Nggood gan________👍,5
satu saja ya👍,1
Jarang digunakan,5
Semoga bermanfaat,5
Bagus sekali,5
Assalamualaikum wr wb,1
Tr3 Aja Dulu,3
Samgat membantu,4
Asik Sekali gaes,5
Pokoknya Okee Siiiippp Laaah,5
Buka google playstor,1
Sangan membantu,3
Semoga bermanfaat buat ku,5
Bisa lihat tanggal,5
Mau buka akun whatsapp,5
semakin bgus,4
Aktif gay..ok,5
Bagus tenan,5
Semoga bermanfaat,5
Sangan membantu,5
Semoga bagusss,4
Tidak ada masalh,5
Bagus Sekali,5
Coba aja ya,3
Ok baik terima kasih,5
Bagus sekali,5
Bagus sekali,5
kurang setuju,5
Makasih Mbah gugel,5
Aku mendukung nya,1
Bagus sekali,5
Suka sekali,5
Baik sekali,5
Calender di google,5
baik sekali,5
Permintaan pertemennan,5
Sanggat membantu,5
semoga manfaat,5
Suka sekali😘😘😘,5
Blokir pihak ketiga,5
Tambah perfom boos,5
Senang sekali,5
Tolong jangan buruk,5
Semoga bertambah oke?,2
Bagus sekali,5
Berkebun sawit sendiri,5
Jaya mAhe Aku,5
Terbaiklah,5
Gabungkn saya Dengan fecebook,5
Baru mencoba,3
Di perlukan,5
Bagus sekali,5
Kalendar babi anjing,1
GK ad primbon jawanya,4
Puas sekali,5
Jadi tau tanggal berapa,4
Pas hari nya,5
Nah ini mantap,5
Ksi dua aja,2
Menyenangkan 🤗,5
Semoga bermanfaat👍,5
Sbgat bgus sekali,5
Bagus sekali,5
Jadi tepat janjiku,5
Bokkir yg bajak,5
Sip sgt membantu,5
Berenti berlanganan,1
Tr rumah'n,2
sangat berguna banget,5
ok,5
supir,5
good,5
siiipppp,5
wowmantap,5
keren,5
baik,5
okeh,5
Mantap,5
good,5
ok,5
Terimakasih,5
mantap,5
trimakasih.,5
okay boss,5
sangat baik,5
👍👍👍👍👍,5
google play store com saya sudah bisa login ke akun play store com Kim😍😍😍,2
sulit meng up grade,1
oke,4
ok,4
bagus,3
kurang bagus,1
lumayan bagus,2
ok,1
mantap 👍👍👍,5
baik,2
bagus,5
okelah,5
bagus,5
Ok,5
akurat,5
ok,5
ok,5
nice,5
bagus,5
good,5
incredible,5
mantap,5
bagus,5
ok,5
good,5
mantap,5
Mantap,5
ok,5
Ok,5
ok,5
bagusss,5
bagus,5
ok,5
Relevan,5
ok,5
mantap,5
mantap,5
ok,5
Bagus,5
Excellent,5
bagus,5
Bagus,5
ok,5
baik,5
🤟,4
bintang 5,5
bagus ok,5
Ok go,5
sangat penting,5
good app,5
sangat bagus,5
ok u,5
Suka lah,5
👍,5
👍,5
🙏🙏,5
👍,5
improve more detail thankful,3
Kurang bagus🤷,4
mantap,4
Ok,4
mantap,4
ok,4
akurat,4
kurang,3
mantap,3
Bagus,5
baik,5
Bagus,5
ok,5
ok,5
mantap,5
OK,5
iya,5
bagus,5
bagus,5
good,5
nice,5
ok,5
ok,5
bagus,5
good,5
ok,5
ok,5
ok,5
yeah,5
bagus,5
mantul,5
ok,5
mantap,5
bagus,5
mantap,5
timakasi,5
bagus,5
suka,5
best,5
oke,5
ok,5
Bagus,5
ok,5
Bagus.,5
terbaik 💯,5
baik bagus,5
good Jobs,5
sangat bagus,5
mantapp kumplit,5
sangat bagus,5
sangat bagus,5
sangat baik,5
bagus...,5
Saya Suka Google Kalender by Google LLC!,5
Bagus,4
google play selalu membatu,5
yaa begitulah,3
kurang simple,3
bagus,3
bagus,3
agak penting,3
sangat bagus.,5
OKE,5
mantaapp,5
Bermanfaat,5
Ok,5
Siap,5
terbaik,5
mantap,5
mantap,5
baik,5
oke,5
Ok,5
bagus,5
baik,5
good,5
Oke,5
OK,5
Ok,5
ok,5
Verygood,5
Bgus,5
keren,5
bagus,5
Ok,5
Gaje,5
ok,5
ok,5
mantap,5
mantap 👍,5
😍😍😍,4
💯mantul,5
Terima kasih,5
bagus banget,5
Sangat bagus,5
mantep deh,5
luar biasa,5
satgat bagus,5
sangat puas,5
😍,5
Mantap....,5
Sangat membantu ... Ok .bgts .,5
"Ok sip, sangat membantu👍👍👍",5
baik,4
baik,4
Mantap,3
Bagus,3
Mantap,3
Good job 👍,5
Ok. Lg,5
mantap 👍👍,5
Membantu,5
bagus,5
Ok,5
Ok,5
Ok ok,5
bgus,5
Mantap,5
Mantap,5
nice,5
mantap,5
Alhamdulillah,5
bagus,5
mantap,5
Oke,5
ok,5
mantap,5
mantap,5
bagus,5
good,5
Mantap,5
sangat bagus,5
Kalian hebat,5
Sangat mudah,5
Nice and cool,5
sudah bagus,5
ok bro,5
BAGUS,5
👍👍👍👍👍,5
mantaf ....,5
bgus,4
Bagus,4
Bagus,4
Ok akurat God Job,5
Coba dulu,3
sangat baik,4
Bgus,3
setuju,3
Ok. Bermanfaat.,5
👍🏻,4
💪😌👍,5
Baik,1
Ok,2
mantap,5
terbaik,5
bgus,5
Mantap,5
Ok,5
keren,5
Oke,5
Membantu,5
nice,5
Oke,5
Ok,5
Oke,5
Bagus,5
Baik,5
good,5
Ok,5
ok,5
Mantep,5
Bagus,5
Bagus,5
Ok,5
baik,5
Ok,5
Bagus,5
Bagus,5
terbaik,5
ok,5
Bagus,5
Bagus,5
bagus,5
Mantap,5
sangat baik,5
good app,5
Good apps,5
Exellen app,5
Keren sih,5
👍🏻👍🏻👍🏻,5
Mantap....,5
Lumayan bagus,3
fakta unik,4
lumayan 💯,4
Coba,1
Lumayan,1
Good 👍👍,5
Mantab,5
Ok,5
Ok,5
bagus,5
Ok,5
Baik,5
Awesome,5
oke,5
Ok,5
bagus,5
BETA,5
baik,5
Bagus,5
bagus,5
Good,5
Good,5
mantap,5
suka,5
Bagus,5
ok,5
Bagus,5
Ok,5
Good,5
Bagus,5
bagus,5
mantap,5
Terbaik,5
Ok,5
good 💯,5
poollll .,5
Is the best 👍,5
sangat bagus,5
ok selalu,5
D btuhkan,5
luar biasa,5
GoogIe Kaender,5
makasih baik,5
bagus👍👍👍,5
👍,5
👍👍,1
Bagus💐🥳🤩😍😚,5
ok,5
"Thank'$ You #Google_Calender_Aplication'$. For Your Developer I'am Give , (★–★–★–★$tar Rating). 12/February/2025 in Time 04:50:19Morning,Days.",4
Bagus,4
bagus,3
Ok,3
Bagus,5
Okee,5
Okay,5
Mantepppp,5
Bagus,5
aman,5
Bagus,5
Baik,5
Top,5
Oke,5
Ok,5
baik,5
Mantap,5
Mantap,5
bagus,5
goodd,5
Mantap,5
Mantap,5
Bagus,5
Good,5
ok,5
Alhamdulillah,5
bagus,5
Bagussss,5
oke,5
Bagus,5
Profesional,5
Ok,5
Ok,5
Mantap,5
Oke,5
Ok,5
oke,5
Mantap,5
Ok,5
oke,5
mantap,5
ok,5
bermanfaat,5
Sangat baik,5
Sangat puas,5
cukup puas,5
👌👍,5
👍,5
👍,5
👍,5
Updated Samsung Calender To Google Calender!,5
good,4
Mantap boSQ 👍👍👍👍👍😅🤠,5
Standar.,3
good veryy goodd,5
okey,5
Bagus,5
Bagus,5
Oke,5
Ok,5
Baik,5
Ok,5
ok,5
The best,5
Good,5
baik,5
Bagus,5
Ok,5
Ok,5
Ok,5
Kelanar ya,5
Mantap,5
luar biasa,5
Sanggat bagus,5
Google karender,5
sangat bagusss,5
Good app,5
bagus banget,5
👍👍👍👍,5
👍,5
👍👍👍👍👍,5
THE WORST WIDGET DESIGN I'VE EVER SEEN,1
Oke,4
Cukup,3
sangat terbantu.,5
Cakap,5
Bagus,5
Keren,5
ok,5
bagus,5
good,5
mantap,5
Mantul,5
Mantap,5
Ok,5
Good,5
Bgus,5
Good,5
Mantap,5
Ok,5
Baik,5
bagus,5
Oke,5
Bagus,5
Ok,5
Bagus,5
Bagus,5
good,5
oke,5
good,5
goof,5
Okey,5
Bagus 👍,5
keren bngt,5
best banget,5
Sangat nyaman,5
okay deh,5
Terimah kasih,5
Biasa aja,5
sangat bagus,5
👍,1
ooohh,4
Mantap,4
mayan bagus,3
seru,3
Lumayan,3
sangat bagus!,5
Bermanfaat !!,5
google play istimewa,5
spektakuler,5
mantap,5
baik,5
Nice,5
okay,5
Good,5
Bagus,5
Bagus,5
Oke,5
Oke,5
Bagus,5
Good,5
Ok,5
mantap,5
Baik,5
Good,5
Bagus,5
Bagus,5
Mantap,5
ok,5
Canggih,5
good,5
ok,5
bagus,5
Ok,5
😊,4
luar biasa,5
sangat puas,5
Good job,5
Top markotop,5
Sangat baik,5
sangat bagus,5
👍👍👍👍👍,5
👍,5
⚡🏆🌟💻🪄✨💖😂👍🎉🙏🔥😊📈🤑,5
", v v. Ss nya ,z. ,",4
Is the best,4
bagus,4
ok,4
ok,4
baik,4
tengkiyu,3
Ok is the best 🙏,5
bagus,5
amazjink,5
Membantu,5
good,5
good,5
ok,5
Mantap,5
mantap,5
Bagus,5
Oke,5
Oke,5
bagus,5
OK,5
Alhamdulillah,5
Oke,5
Ok,5
Mantap,5
Bagus,5
Baik,5
Mantap,5
mantap,5
baik,5
Oke,5
Good luck,5
Oke Terimakasih,5
sangat baik,5
Sangat bagus,5
Google Kalender,5
Mantep kak,5
🌟🌟🌟🌟🌟,5
😇,5
👍,5
"Good app!! But, can you add custom colors please ^^",5
𝙨𝙖𝙣𝙜𝙖𝙩 𝙗𝙖𝙜𝙪𝙨,5
"amaizing apps, keep up the good work!",5
kurang komplit 👎,1
sangat jelek 🤧🤭😁🙏😓,5
sepesial,4
mntap,4
bagusss,4
mantap,4
Ok,4
mantap,4
Baru,4
Bagus,4
kurang baik,3
Ok aja,3
sangat baik,3
sangat baik,4
Darmawan v,4
Bgus,3
Ok,3
Good,3
lumayan,3
sangat baik..,5
Amazing Aplication 👍,5
👍🏼👍🏼..,5
Ok top mantap,5
Terimakasih.,2
Berwarna,1
baik,1
Bgus,1
bgus,1
ok,2
Baik,5
Calendar,5
Good,5
good,5
Ok,5
Gabung ya,5
Bagus,5
Good,5
Siap,5
Ok,5
Bagus,5
bagus,5
Baik,5
Jelek,5
Okh,5
Ini bagus,5
Good,5
Mantap,5
Ok,5
ok,5
Boleh,5
Suka,5
ok,5
Ok,5
mantap,5
Surga,5
bagus,5
Good,5
Bagus,5
baiklah,5
oke,5
bagus,5
ok,5
Mantap,5
Ok,5
Good,5
bagus,5
Keren,5
Ok,5
membantu,5
Baik,5
Bagus,5
bagus,5
Oke,5
ok,5
Like,5
Ok,5
Bagus,5
bagus,5
okok,5
Aman,5
Bagus,5
Oke,5
stabil,5
ok,5
mantap,5
ok,5
mantap,5
good,5
baik,5
suka,5
Suka,5
Ok,5
bagus,5
Ok,5
Ok,5
good,5
ok iya,5
bagus,5
Siri,5
Bagus,5
Bagus,5
Terlambat,5
good,5
keren,5
Ok,5
baik,5
Oktober,5
ok,5
ok,5
Bagus,5
bagus,5
ok,5
keren,5
mantap,5
bagus,5
🇲🇨💖💖💖💖,5
bagus.,5
"Xxx,",5
👍👍👍👍,3
🤣🤣🤣🤣😂😂😂😂😂😂😂😂😂😂,1
Mantap. 👍🏻👍🏻👍🏻👍🏻👍🏻,5
oke lh,5
Good aplikasi,5
ok banget,5
sangat bagus,5
mantaf men,5
sangat baik,5
sangat baik,5
ok mnta,5
Bagus bgt,5
bahasa Indonesia,5
Apk bagus,5
Terima kasih,5
sangat memnba6,5
Mantap Jiwaa,5
sangat bagus,5
sangat bagus,5
Saya suka,5
👍,5
👍,5
👍👍👍,5
👍,5
👍,5
👍👍,5
👍,5
👍👍👍👍,5
"nice ,mantap thank you guys",4
gut,4
Oke,4
Ok 👌👍🙏,5
"Sangat mantap,,,",5
Koneksi,2
The best,5
Baik,5
oke,5
OK,5
ok,5
Ok,5
bgus,5
bagus,5
Mantap,5
Bagus,5
Mantaaaaap,5
Good,5
Oke,5
lampu,5
The best,5
mantap,5
Ok,5
mantap,5
TERIMAKASIH,5
Bagus,5
bermanfaat,5
Hoki 789,5
Very good,5
Terimakasih banyak,5
😊,5
"Yes, bro, I'm unyu, unyu, unyu, Ryu for Yuyu, which is uyuutuy, which ❤️❤️ UU UU for that, u for the size for the main Yuyu UU area who wants to do that, yes, bro, I want to sell used cars Toy Pplldplppdpipppslpsp dll llpllpplltplplllpll.Kn",5
"Jum, 29 NOV 2024 - 2025 you?",5
Welll❤️gd job,5
keren 🗿👍🏻,5
Good,3
Baikb,3
Tidak lengkap 🙏,3
INDONESIA🇮🇩,5
Hp pop.,5
Joss mantap👍,5
Huuuuuu,2
Ok,5
Keren,5
Bagussss,5
bagus,5
Good,5
oke,5
bagus,5
OK,5
Bagus,5
Ok,5
like,5
good,5
Siip,5
Berguna,5
ok,5
great,5
Jadwal,5
bagus,5
Ok,5
Ok,5
Bagus,5
Mantapppp,5
Ok,5
INDRO& VENI,5
",,, cc",4
Sangat baik,5
Good job,5
Good google,5
Lagi eror,5
Sangat bagus,5
Top bangettt,5
Bos siri,5
Lumayan bagus,5
Mantap OK,5
Oke banget,5
Tepat akurat,5
👍👍👍,5
"November 24, 2024: So far, this is the best calendar available. 24 November 2024: Sejauh ini, ini adalah kalender terbaik yang tersedia.",5
bagus,4
Senang,4
bagus,4
Bagus,4
Cukup baik,3
Lumayan,3
assalamualaikum ❣️,5
Bug updates,1
Google Kalender,1
KEMBANGKAN.,1
Mantap,5
Keren,5
bagus,5
Bagus,5
Ok,5
Ok,5
terimakasih,5
baik,5
okkkkkkkkkkkkkkkk,5
Ok,5
Memuaskan,5
ok,5
Oklayyy,5
ok,5
Suka,5
Mantap,5
Ok,5
Ok,5
Terbaik,5
AFZARUABAPAREA,5
mantap,5
nice,5
bagus,5
Terimakasih 🤝,5
top markotop,5
Google Kalender,5
sangat bagus,5
Ok mantap,5
Perangkat publik,5
Sangat baik,5
Sangat baik,5
Google Kalender,5
👍,5
👍👍👍👍👍,5
good...,5
แอปพลิเคชันนี้ยอดเยี่ยมมากและสมควรได้รับคะแนนห้าดาว แอปนี้ถูกออกแบบมาอย่างสมบูรณ์แบบเพื่อช่วยผู้ใช้ในการทำงานประจำวันได้อย่างมีประสิทธิภาพมากยิ่งขึ้น,5
Next update dilengkapi lagi,4
🙏🙏🙏👍👍👍💪💪,4
Mantap,4
Ok,4
keren,4
bagus,4
Suka delay,3
Sangat baik,4
cukup baik',5
Kurang baik,1
bagus,5
baggu,5
Telegram,5
Baik,5
Bgus,5
mantap,5
Ok,5
ok,5
Baik,5
baik,5
bagus,5
bagus,5
Ok,5
baguss,5
Ok,5
Terbaik,5
Oke,5
ok,5
ok,5
Mantap,5
Mantap,5
real,5
Good,5
mantap,5
Nice,5
berguna,5
ok,5
bagus,5
mantap,5
H google,5
Kibang 3,5
good job,5
Good job,5
Bahasa undonesia,5
⭐⭐⭐⭐⭐,5
😁😁😁,5
"I would like to thank several parties who created this application, it is very useful for those who are looking for interesting news, funny videos and Useful shows, lots of unique things found in this application.",5
"Google Calendar is my go-to for managing my schedule. It syncs seamlessly across all my devices, making it easy to stay organized, set reminders, and never miss an appointment.",5
Uasan bersif G00glelneder Histori p FGH JOsp ty co Google Ka|ender,4
baik,4
"oke laahhh,",5
Stop semuanya penyadapan,5
Top no 1,5
ok,1
oke,5
Bagus,5
good,5
Ok,5
Bgus,5
Baik,5
Ok,5
baik,5
Ok,5
Ok,5
Baik,5
Mantap,5
Iya,5
Baguz,5
mantap,5
Ok,5
Ok,5
baguskali,5
Mantap,5
Ok,5
Ok,5
Bagus,5
Opsional,5
Bagus,5
Bagus,5
Ok,5
Top,5
mantap,5
Mantap,5
good,5
baik,5
Luar biasa,5
good app,5
Man tab,5
Google Kalender,5
sangat bagus,5
sangat puas,5
Sangat bagus,5
awesome apps,5
😀,5
goodddd👍👍👍👍👍👍👍,5
"NB=""VERY AMAZING,VERY GOOD,YEACH... ALSO THANK YOU FOR ALL TOO...",5
Jl Raya Manukan Krajan blok 31 j no 5 Tandes Surabaya,5
nice,4
Lumayan,4
baik,4
Mantap👍☺,5
"Mantap 👍👍👍👍,😎😎😎",5
Luqman nur hakim,5
Ap,2
Ok,5
Bagus,5
baik,5
bagus,5
ok,5
ok,5
baik,5
oke,5
ok,5
Membantu,5
jos,5
mantap,5
oke,5
Bagus,5
ok,5
Ok,5
top,5
Good,5
Maaaaaaannnntap,5
Mantap,5
Hebat,5
Bismillah,5
Ok,5
mantap,5
ok,5
bagus,5
baik,5
MZAENALA,5
Bagus,5
ok,5
Ok,5
Baik,5
kartia,5
👍 mantab,5
bagus banget,5
good realize,5
Sangat bagus,5
mantap ges,5
baik oke,5
sangat puas,5
👍🤝,5
👍👍👍,5
💯,5
🫰🫰🫰,5
Assalamu'alaikum warahmatullahi wabarakatuh 🗿🗻⛲.,5
"good jop, the best",5
ok ok,4
membantu,4
bagus,4
bagus,4
aktip,4
baik,4
all n f,3
cukup baik,4
membantu,3
baik,3
Is the best.,3
mantul 👍👌,5
keren😎 kalender,5
baik the best 👍,5
good..👍🏼,5
hari ultah,1
Cukup bagus&memuaskan,5
Ka len der,5
Selamat,2
Bagus,5
Oke,5
bagus,5
mantap,5
Ok,5
mantap,5
good,5
baik,5
keren,5
Mantap,5
ok,5
Up,5
bagus,5
terimakasih,5
mantap,5
ok,5
good,5
selesai,5
bagus,5
top,5
informatif,5
Mantaaap,5
bagus,5
mantap,5
the best,5
mantap,5
good,5
bermanfaat,5
mantap,5
akurat,5
ok,5
Terbaik,5
mantap,5
ok,5
baik,5
keren,5
Ok,5
ok,5
ok,5
good,5
keren,5
ok,5
ok,5
bagus,5
ok,5
ok,5
baik,5
ok,5
bagus,5
bagus,5
bagus,5
Mantappp,5
ok,5
Ok,5
Mantab,5
jos,5
mantap,5
ok,5
mantap,5
Bagus,5
baik,5
pas,5
Ok,5
lumayan,5
SARUL,5
nice 👍,5
mantaap...,5
🥲🥲🥲🥲🥲,4
Terimakasih 🙏,5
Keren 👍,5
yup...df,5
Mantap jiwa,5
Ultah Khansa,5
luar biasa,5
sangat bagus,5
sangat bagus,5
very good,5
bagus akurat,5
Sangat baik,5
Saya suka,5
7 junari,5
Sangat Bagus,5
𝑂𝑘,5
Good Job,5
goooooodddd deeeeeeehh,5
👍👍👍👍👍,5
Mantap 👍👍👍👍👍,5
ok,4
Bgus,4
Cukup bagus,4
terima kasih,4
ok,3
Okto photograpi bogupa,5
Ok,5
Ok,5
bagus,5
Ok,5
josss,5
mantav,5
Ok,5
Memuaskan,5
Like,5
terbaik,5
Good,5
Bagus,5
okk,5
sempurna,5
ok,5
Ok,5
ok,5
oke,5
bagus,5
Mantap,5
Ok,5
bintang,5
Cakep,5
bgus,5
Bagus,5
Ok,5
Baik,5
Ok,5
Good,5
ok,5
Oke,5
ok,5
Ok juga,5
baguss,5
Ok,5
Baik,5
sangat 👍,5
. . . . .,3
sangat ok,5
Good luck,5
Ok good,5
sangat baguss,5
sangat Bagus,5
Toko kolontong,5
very good,5
Lambat update,5
sangat bagus,5
sangat bagus,5
biasa saja,5
Good use,5
ok tampilkan,5
sangat baik,5
Good job,5
BANK INDONESIA,5
👌👍,5
👍👍,5
👍,5
👍👍👍,5
👍,5
♥️♥️♥️,5
Ok,4
We can edit the date,5
Vlg+/ '',5
Gogel kalender saya,5
Jossssssssss top markitop,5
Ok,1
Ok,5
Good,5
Ok,5
good,5
Bagus,5
up,5
Bagus,5
Ok,5
bagus,5
Bagus,5
sukses,5
Bagus,5
bgus,5
Mantabz,5
Bagus,5
baik,5
Alus,5
mantap,5
Bagus,5
baik,5
mmbantu,5
iyakah,5
gterbaik,5
the best,5
Sukses,5
Ok,5
Oke,5
ok,5
Setuju,5
bagus,5
good,5
Good,5
Ok,5
Good,5
bagus,5
Ok,5
Ok,5
Ok,5
sangat bagus,5
Sangat puas,5
Sangat baik,5
Sangat puas,5
sangat baik,5
Mantap bagus,5
Google Kalender,5
tik tok,5
👍👍👍,5
💯💯💯,5
* 2,2
☺️,5
keren !! 👌❤🤲,5
Bagus,4
. 5 . xx ... 5 .5,5
alaman,3
Pas bnget 👌👌,5
bagus👍👍,5
Awesome,5
Ok,5
ok,5
Bagus,5
oke,5
Mantapp,5
Ok,5
Ok,5
bagus,5
Ssah,5
Bagus,5
Peripekey,5
the best,5
Mantul,5
Baik,5
Baik,5
Ingat ya,5
Hah,5
OKE,5
Dingin,5
ok,5
good,5
Top,5
Bagus,5
mencoba,5
Suka,5
bagus,5
Ok,5
@sundzaxx,5
lumayan.,5
Mantul 👍,5
Okey..👍👍,5
Mch subeiri1927,5
Bang Jef,5
Wow mantap,5
Luar biasa,5
Sangat bagus,5
"Help to create time block easily. However, I wish there is an option to hide or mark completed event.",4
This app is very useless and takes up storage,2
"Tuh, cLl",2
Good,5
good,5
bagus,5
Baik,5
ok,5
bagus,5
ok,5
Good,5
ok,5
Mantap,5
manfaat,5
Jadwal,5
mntap,5
Baik,5
Good,5
ok,5
Good,5
Always,5
Good,5
Mantap,5
Bagus,5
Ok,5
Ok,5
Sangat baik,5
Sangat baik,5
Best App,5
🥰,5
👍👍👍👍👍👍👍,5
👍,5
"ok, thank you",5
bagus bangettt👍🏻,5
ok,4
Ok,4
sangat bagus 👍,5
Ok,1
Mantap,1
stat,1
menyala🔥🔥,5
ok,5
good,5
Mantap,5
Mantap,5
Ok,5
Ok,5
bermanfaat,5
okesi,5
Iya,5
Ok,5
good,5
baik,5
kіkі,5
baik,5
Bagus,5
mantap,5
Atapppp,5
Mantap,5
Mantap,5
Ok,5
mantap,5
Ok,5
Mantap,5
ok,5
Ok,5
Puas,5
mantap,5
Mantap,5
baik,5
Ok,5
ok,5
"Mantap,",5
Oke.halo.,5
Sangat baik,5
Sangat baik,5
Sangat cocok,5
oke sipp,5
sangat bagus,5
👍,5
👍,5
Ya ok,4
Cukup baik,3
Great aplikasi,4
top,3
Bagaimana,3
kalender tolol,1
Joooooooooossss gandooooooooosssss👍👍👍👍👍👍👍👍,5
bagus,5
bagus,5
Ok,5
nya,5
Bagus,5
Goolle,5
Good,5
Ok,5
mantap,5
Good,5
Baik,5
bagus,5
Ramnsaki,5
oke,5
menarik,5
Bismillah,5
ok,5
baguss,5
bagus,5
britday,5
Bagus,5
okay,5
kereun,5
Good,5
mantap,5
Bagus,5
puas,5
bagus,5
Bagus😁,5
Mantap 👍,5
Good👍,5
sangat bagus,5
ok membantu,5
luar biasa,5
Oke lahh,5
Sangat penting,5
Kaiender STYN,5
Toko Kolontong,5
mantap,5
Bagus,5
Sangat baik,5
Ok good,5
Bagus,4
Oke,4
Woke,4
4k we,3
Okeee,3
Oke,3
TEBAIK!!!🔝🙏🏻👍🏻,5
Bagus 🙏🏻,5
C b.,5
sangat baik 👍,5
Tingkatkan!!,5
Mantap gan 👍😎😎😄😁😁🤫👍👍👍👍👍,5
Ok,1
Stroberry,1
yup..,4
pengingat,5
Trimk,5
Gooood,5
ok,5
Ok,5
Mantab,5
Bagus,5
Bagus,5
bsgussss,5
Ok,5
Mantap,5
bagus,5
Ok,5
Mantap,5
Ok,5
ok,5
Ok,5
lmyan,5
terbaikkkk,5
Mantap,5
Bagus,5
Ok,5
Ok,5
bagusss,5
bagus,5
Lima bintang 🌟🌟🌟🌟🌟,5
Sangat baik,5
Sangat baik,5
Ok lanjut,5
Nice day,5
bagus banget,5
👍🏻,5
👍🏻,5
👍,5
👍,5
Mantap....,5
Baik,4
good,4
OK Deh,4
sangat bagus,4
sangatlah puass,1
Alhamdulillah,5
Jossss,5
Ok,5
Ok,5
oke,5
Mentap,5
Bagus,5
bagus,5
good,5
Baik,5
Membantu,5
Bagus,5
Good,5
👍👍👍👍,4
👍,3
Makasih google,5
Yes good,5
Good lah,5
Sangat bagus,5
😎,5
⭐⭐⭐⭐⭐,5
Bagus,5
Mantap,5
+10++1001+ +NON BONDO +ABAB +NON BONDO COCOT +CACAR +10++1001+ +1001+10++1001+ +AOLEHALLO+ +10++1001+ +NEMPLEK TERHORMAT +SEPERTI APAPUN TERHORMAT +10++1001+ +WANI COCOT RANTE +SEPERTI APAPUN +KANDAL ALFLH +10++1001+ +1AIMAM DEPAN +10++1001+ +1001+10++1001+ +19GOLONGAN +KANDAL ALFLH +10++1001+ +IOX+ +TONO +MARJIUN +SIJAX +SATU JIWA BONEX.+ +10++1001+ +1001+10++1001+ +MA'LUM D MIS +CACAR +10++1001+ +1001+10++1001+ +ALFLH + +1001+10++1001+ +SUCCESS.OKEO +ALFLH +YATIM PIATU +RONI GOMBAK +SUCCESS.OK,5
Oke Verry Good.,4
"🇮🇩 Bandung,jawabarat,indonesia",5
Trimakasih google ......i love you,5
Terima kasih Google Kalender 🎭,5
Ok,4
Oke,4
Baik,4
Oke,4
Good,4
camong 190 dt cm,5
lumayan,3
Good👍🏻,5
baik,1
Ok,5
Good,5
bagus,5
bagus,5
terbaik,5
mantap,5
ok,5
Baik,5
Tahun,5
Akurat,5
Jos,5
Bagus,5
is the best,5
Bagus,5
Ok,5
matap,5
Good,5
good,5
Ok,5
Ok,5
Aman,5
Ok,5
Mantep,5
Mantap,5
Mantappp...,5
lomba iklan,5
Ur ya tkkglyloyug,5
Sangat mudah,5
sangat penting,5
Sangat Penting,5
Sangat bagus,5
Fateh Khaakaa,5
Terima kasih,5
👌🏻,5
pengigat,4
Good Job 😄,5
nice very good,5
Good service good job,5
Bagus,1
Kalender,2
bagus,5
ok,5
Good,5
Ok,5
Terbaik,5
Jelek,5
Oke,5
Ok,5
Ok,5
APK,5
Mantap,5
Lancar,5
Ok,5
okee,5
Is the best,5
good,5
Mantap,5
Mantapppp,5
Baik,5
Sukses,5
Bagus.,5
Sangat bagus,5
luar biasa,5
Jos gàndos,5
bagusss bangett,5
Ok' 👍,5
👍👍👍,5
👍,5
Bagus,4
Baik,4
Mantap,4
Bagus,3
ok,1
Mantap,5
Baik,5
Ok,5
Baik,5
bagus,5
okelah,5
Mntap,5
bagus,5
ok,5
Mantap,5
ok,5
Oke,5
Waktu,5
Mantap,5
Ok,5
Ok,5
Bagus,5
Good,5
Oce,5
Bagus,5
bagus,5
Mantap,5
good,5
Keren,5
🇺🇸,1
👍mantap,5
Saya suka,5
suka bangat,5
bagus banget,5
Sangat baik,5
AW AWET N AW AW AWESOME,5
Lumayan,4
Nice,4
Wahono sumajati mas hanya,5
Kamala Harris,4
mantap,5
Good,5
bagus,5
Bagus,5
bagus,5
bagus,5
Asslamualikum,5
mantap,5
Mantap,5
OK,5
bagus,5
bagus,5
Bagus,5
Mantap,5
bagus,5
Baik,5
Good,5
Good,5
bagus,5
Oke,5
mantap,5
ok,5
bagus,5
Good,5
Sangat bagus,5
Mantap kawan,5
sangat baik,5
好的,5
Awal mula,5
Sangat baik,5
👍🏻👍🏻👍🏻,5
"I'm dizzy, I don't know what day, time, date, this tool is really, really, really good",5
bagus,4
okae,4
"Bagus, ok",5
keren-keren,5
Juliy 31 2024,5
Saprudin,1
Ok,1
buruk,1
Mantap👍👍,5
Bagus👍👍,5
ok,5
good,5
Nice,5
Bagus,5
Ok,5
mantap,5
Nice,5
Oke,5
Nantaaap,5
Ok,5
sriyanto,5
dokter,5
Terbaik,5
sempurna,5
Bagus,5
Mantap,5
ok,5
Ok,5
Mantap,5
baik,5
G kalender,5
okh baik,5
sangat bagus,5
👍,5
👍,5
👍,5
👍👍👍👍👍,5
👍👍,2
Ehmm:/?,4
Ssnget puas,1
Alhamdulillah,1
rekomendasi,5
keren,5
Okee,5
Oke,5
Mantap,5
mantap,5
Ok,5
Uhvh,5
Suka,5
Keren,5
good,5
Mantul,5
Ok,5
Okeee,5
good,5
Mantap 👍,5
sangat baik,5
Ok jos,5
Kalender bagus,5
👎,1
Please add jump to date feature!,1
Baik,4
bagus,4
Mantap Caur:),5
Bagus work it,5
0o,5
Mantapp,5
Oke,5
Oke,5
Awesome,5
Good,5
Aktif,5
Ok,5
Suka,5
Bagus,5
bagus,5
ok,5
Top,5
Baik,5
Ok,5
Updeite,5
Ok,5
ok,5
Bagus,5
Bagus,5
Ok,5
Ok,5
Bagus,5
OyeE 😎,5
",,,.m",5
Terimakasih banyak,5
Is ok banget,5
Good job,5
I can see a holyday,4
baik,4
bagus,4
Ok,4
Kren,4
Mantab,4
Ngitung tanggal,3
Bintang tiga,3
sangat okay,4
Ok,3
ga paham,1
Good,5
godlike,5
Bagus,5
Keren,5
Ok,5
Okehhhpsaaan,5
Mantap,5
Siip,5
Ok,5
bagus,5
bagus,5
baik,5
Tyopakusadewo,5
oke,5
ok,5
terbaik,5
Terbaik,5
Mantaaaaaap,5
Ok,5
Great,5
bgus,5
Is the best,5
Mboh,5
Incredible,5
Okay,5
Mantap,5
Top,5
Baik,5
Mantap,5
Ok,5
Top,5
Baik,5
Mantap,5
bgus,5
baik,5
Ok,5
Ok,5
Good,5
Siiiip,5
Bagus,5
Oke,5
Bagus,5
Ok,5
Ok,5
Bagus,5
Perlu.,5
sangat bagus,5
Bisa tahu,5
Sangat bagus,5
Google Kalender,5
good job,5
Bagus bgt,5
Mantap Bosque,5
Cukup puas,5
Saya suka,5
👍🏻,5
Lanjut...,5
Mantap 👍👍👍👍,5
🙏🙏🙏,5
👍👍👍,5
👍👍👍👍,5
okay👍👍👍,5
Bagus ....,5
Google tetap number one..👍👍,5
Buka google playtor,1
"Iy 788,",2
Cinta,4
Bagus,4
Baik puas,4
f.u,3
biasa saja njing,5
bgus,1
Mantab 🤘🤘🤘,5
bagus,5
mantap,5
Bagus,5
Good,5
oke,5
Oke,5
Bagus,5
Ok,5
Bagus,5
good,5
Ok,5
Oke,5
Bagus,5
Bagus,5
Ok,5
good,5
Semu,5
Baik,5
Mantap,5
Selesai,5
Mantap,5
Bagus.,5
Good app,5
Good app,5
sangat bagus,5
bagus banget,5
sangat baik,5
👍,5
👍,5
👌,1
Good,4
bagus,4
Sangat bagus,3
Bagus,3
Good,3
Ok. Mv,5
Apknya yes👍,5
bagus,5
Bagus,5
bagus,5
Yyda,5
Good,5
ok,5
terbaik,5
baik,5
Good,5
Top,5
bagus,5
ok,5
good,5
Ok,5
Bagus,5
ok,5
ok,5
mantap,5
baik,5
Nice,5
Oke,5
Good,5
Baik,5
Mantap,5
Ok,5
👍,4
Good everytime 👍👍👍👍👍,5
Tidak bisa diinstal,5
bagus baik,5
GOOGLE KALENDER,5
Good Appearance,5
sangat baik,5
oke lanjut,5
Sangat oke,5
mama cyank,5
sangat bagus,5
⭐⭐⭐⭐⭐⭐✅,5
bagguuus👍👍👍👍👍,5
👍,5
"""*cyyy6 ko 3 cyyy6 ii bc be no YM yy bisa di No no Ng mo see DW see no Ng r🤭🙆🧑⚡⭐🌚🌦️",5
Bagus,4
Bagus,4
Kurang baik,3
Good,3
ok,3
Lumayan,3
🥰👍,3
Ku l,1
"Bermanfaat, mksh",5
Ok manttap kalendernya,5
Oke,2
bagus,5
bagus,5
sippp,5
Bagus,5
Good,5
Ok,5
bagus,5
Baguss,5
nice,5
Ok,5
Top,5
bagus,5
good,5
Sukses,5
Bagus,5
Hallo development Sangat menarik,5
Sanget mmwaskn,5
sangat bagus,5
Sangat puas,5
coba yaa,5
👍👍👍👍👍👍👍,5
"Bismillah hirrohman nirrohiim,",4
Ok,4
okey,4
Keren,4
Baik lh,4
Oke!,5
Sering eror,1
Ok,1
Gajelas,1
bagus,5
good,5
Ok,5
Kangaroak,5
Good,5
ok,5
manfaat,5
mantap,5
Ok,5
Keren,5
Ok,5
Ok,5
ok,5
good,5
Oke,5
Ok,5
terbaik,5
Mantap,5
ok,5
ok,5
Oke,5
Okee,5
bagus,5
Tinusll,5
Ok,5
Ok,5
ok,5
Wwconm Moktar,5
cukup mmbntu,5
sangat baik,5
Menurut bagus,5
Ok banget,5
👍👍,5
👍,5
kereeeennn,4
Ok,4
Ooppp,4
Lumayang,4
sangatt puass,4
OK👍,4
bagus,1
ok,1
Ok,5
Bagus,5
bgus,5
Ok,5
Ok,5
ok,5
baguss,5
Bagus,5
Oke,5
mantap,5
ok,5
mantap,5
Oke,5
Ok,5
ok,5
Awesome,5
Sangat mantap,5
oke banget,5
Good lah,5
Sangat puas,5
sangat baik,5
Optimal selalu,5
Good 👍👍👍👍👍,5
Mbois... .,5
Ko PP buk YMl PP p Ppr Lll PP PP lol all p om Di vprd,5
👍🔥🇲🇨😋👉😍,5
no more update,1
𝙂𝙤𝙤𝙙👍,5
good,4
ok,4
Bagus,4
Tes kronologi,4
"Ok.....,...........",5
Bagus😘🥰😙,5
👍👍🙏,4
"P ,",4
Luar biasa 👍👍👍,5
MANTAAAP,5
Heppy,5
baik,5
Bagus,5
Mantep,5
Mantul,5
Good,5
Bagus,5
Oke,5
ok,5
Mantaf,5
Oke,5
Ok,5
bagus,5
Nice,5
Good,5
Ok,5
Oke,5
Bagus,5
siip,5
Bagus,5
Okee,5
Ok,5
Oke,5
Memuaskan,5
Ok,5
Ok,5
Mantap,5
Keren,5
baik,5
Mantap..,5
Lebih bagus,5
Sangat senang,5
bagus banget,5
sangat bgs,5
Bantu saya,5
Aplikasi bagus,5
👍🏻👍🏻👍🏻👍🏻,5
Good..,5
👍👍👍,5
Daafa Bu ppk ke ha hae,4
M klll knlm klm. S. E,4
"A,txxty y",1
26/04 update,5
Good job😄😀,5
Mantap,4
good,4
good,4
Cukup baik,4
4 lh,4
Bagus mantap,1
Kadang butuh,1
Hub ca,1
Kepencet bintang 5,5
Mantep bos ku,5
Cadaaaas ok bangettt,5
Assalamu'alaikum,5
Excellent,5
i like,5
Good,5
baik,5
Good,5
Good,5
Ok,5
Bagus,5
Ok,5
mantap,5
Bagud,5
bagus,5
Ok,5
Ok,5
Aman,5
bagus ya,5
Okay,5
Pret,5
Oke,5
Cocok,5
Good,5
Ok,5
Bagus,5
mantap,5
ok,5
Bagus,5
Fahem,5
Senang,5
bagus,5
mantab,5
Ok,5
Ms.,1
Kikuk 🙂,5
"it*s Ok,,,,,,,,",5
sangat cocok,5
